court	year	agenda	value_1	value_2	value_3	value_4	value_5
Najvyšší súd	2011	Cdo	76	76	0	76	30
Najvyšší súd	2011	CdoV	2	2	0	2	0
Najvyšší súd	2011	Co	1	1	0	1	0
Najvyšší súd	2011	MCdo	7	6	0	6	7
Najvyšší súd	2011	MObdo	2	2	0	2	2
Najvyšší súd	2011	MObdV	4	5	0	5	2
Najvyšší súd	2011	Nc	7	7	0	7	0
Najvyšší súd	2011	Ndc	11	11	0	11	1
Najvyšší súd	2011	Ndob	8	9	0	9	1
Najvyšší súd	2011	Nds	2	2	0	2	0
Najvyšší súd	2011	Ndt	6	6	0	6	0
Najvyšší súd	2011	Ndz	3	3	0	3	0
Najvyšší súd	2011	Ntv	0	0	0	0	0
Najvyšší súd	2011	Obdo	19	19	0	19	9
Najvyšší súd	2011	ObdoV	15	15	0	15	9
Najvyšší súd	2011	Obo	33	41	2	41	16
Najvyšší súd	2011	Rkc	0	0	0	0	0
Najvyšší súd	2011	Rko	0	0	0	0	0
Najvyšší súd	2011	Rks	1	1	0	1	0
Najvyšší súd	2011	Sdo	17	16	0	16	5
Najvyšší súd	2011	So	49	42	0	42	30
Najvyšší súd	2011	Sr	0	0	0	0	0
Najvyšší súd	2011	Svzn	0	0	0	0	0
Najvyšší súd	2011	Szd	0	0	0	0	0
Najvyšší súd	2011	Sž	11	8	4	8	4
Najvyšší súd	2011	Sža	18	21	0	21	1
Najvyšší súd	2011	Sžd	18	10	0	10	15
Najvyšší súd	2011	Sžf	29	28	0	28	10
Najvyšší súd	2011	Sžh	0	2	0	2	0
Najvyšší súd	2011	Sžhpu	1	1	0	1	1
Najvyšší súd	2011	Sžhuv	1	1	0	1	1
Najvyšší súd	2011	Sži	2	2	0	2	1
Najvyšší súd	2011	Sžnč	3	3	0	3	1
Najvyšší súd	2011	Sžo	14	25	0	25	6
Najvyšší súd	2011	Sžp	9	9	0	9	4
Najvyšší súd	2011	Sžr	58	37	0	37	27
Najvyšší súd	2011	Sžso	24	20	0	20	14
Najvyšší súd	2011	Sžz	2	2	0	2	1
Najvyšší súd	2011	Tdo	22	22	2	22	3
Najvyšší súd	2011	TdoV	6	5	0	5	2
Najvyšší súd	2011	To	4	6	4	6	2
Najvyšší súd	2011	Tor	1	1	0	1	0
Najvyšší súd	2011	Tost	15	15	0	15	1
Najvyšší súd	2011	Toš	0	1	1	1	0
Najvyšší súd	2011	Uro	0	0	0	0	0
Najvyšší súd	2011	Urto	0	0	0	0	0
Najvyšší súd	2011	Utost	1	1	0	1	0
Krajský súd Bratislava	2011	C	178	233	56	244	78
Krajský súd Bratislava	2011	Cb	16	122	227	111	307
Krajský súd Bratislava	2011	Cbi	101	127	65	139	76
Krajský súd Bratislava	2011	Co	195	0	34	184	102
Krajský súd Bratislava	2011	Cob	219	0	10	196	113
Krajský súd Bratislava	2011	CoD	185	0	NULL	182	57
Krajský súd Bratislava	2011	CoE	206	0	0	225	170
Krajský súd Bratislava	2011	CoKR	177	0	5	151	77
Krajský súd Bratislava	2011	CoP	227	0	18	209	59
Krajský súd Bratislava	2011	CoPom	150	0	NULL	150	0
Krajský súd Bratislava	2011	CoPr	200	0	NULL	0	200
Krajský súd Bratislava	2011	CoZm	202	0	18	198	79
Krajský súd Bratislava	2011	Cudz	211	212	NULL	188	83
Krajský súd Bratislava	2011	K	12	136	4	134	794
Krajský súd Bratislava	2011	Ncb	214	0	2	206	0
Krajský súd Bratislava	2011	NcC	188	0	NULL	191	17
Krajský súd Bratislava	2011	NcS	200	0	NULL	200	0
Krajský súd Bratislava	2011	Ntc	168	0	NULL	179	21
Krajský súd Bratislava	2011	Nto	156	0	NULL	163	4
Krajský súd Bratislava	2011	Ntok	200	0	NULL	200	100
Krajský súd Bratislava	2011	Ntro	NULL	NULL	NULL	NULL	100
Krajský súd Bratislava	2011	Ntt	740	0	NULL	740	0
Krajský súd Bratislava	2011	S	104	145	72	135	227
Krajský súd Bratislava	2011	SaZ	84	125	122	125	48
Krajský súd Bratislava	2011	Scud	235	199	205	171	312
Krajský súd Bratislava	2011	Sd	236	192	168	186	261
Krajský súd Bratislava	2011	Sn	200	150	NULL	200	100
Krajský súd Bratislava	2011	So	350	0	33	150	250
Krajský súd Bratislava	2011	Sp	77	119	123	124	106
Krajský súd Bratislava	2011	T	20	120	NULL	240	360
Krajský súd Bratislava	2011	Td	100	0	NULL	100	0
Krajský súd Bratislava	2011	To	173	0	22	166	34
Krajský súd Bratislava	2011	Tos	161	0	3	156	11
Krajský súd Bratislava	2011	Tpo	151	0	NULL	156	1
Krajský súd Bratislava	2011	Zm	300	400	500	500	800
Mestský súd Bratislava I	2011	C	236	261	361	257	475
Mestský súd Bratislava I	2011	Cb	256	308	332	280	652
Mestský súd Bratislava I	2011	Cbcud	529	371	NULL	371	433
Mestský súd Bratislava I	2011	Cbd	325	275	NULL	275	300
Mestský súd Bratislava I	2011	Cbi	9242	200	310	284	10510
Mestský súd Bratislava I	2011	CbPv	390	257	171	262	719
Mestský súd Bratislava I	2011	CbR	2261	2125	1	2125	3373
Mestský súd Bratislava I	2011	Ccud	275	335	NULL	335	105
Mestský súd Bratislava I	2011	Cd	267	305	33	305	76
Mestský súd Bratislava I	2011	Cpr	3800	300	NULL	400	3400
Mestský súd Bratislava I	2011	D	1274	1278	NULL	1293	964
Mestský súd Bratislava I	2011	Dcud	738	488	NULL	488	600
Mestský súd Bratislava I	2011	Dd	250	333	NULL	333	83
Mestský súd Bratislava I	2011	Ecud	367	267	NULL	267	233
Mestský súd Bratislava I	2011	Ed	800	400	NULL	400	600
Mestský súd Bratislava I	2011	Em	75	69	19	75	69
Mestský súd Bratislava I	2011	Er	9513	9537	NULL	9537	152
Mestský súd Bratislava I	2011	Ercud	500	100	NULL	100	400
Mestský súd Bratislava I	2011	Erd	0	100	NULL	100	100
Mestský súd Bratislava I	2011	Exre	697	754	NULL	668	799
Mestský súd Bratislava I	2011	K	5129	1857	NULL	4900	643
Mestský súd Bratislava I	2011	NcKR	75	0	NULL	75	0
Mestský súd Bratislava I	2011	Nt	641	341	6	341	776
Mestský súd Bratislava I	2011	Ntt	510	510	NULL	510	0
Mestský súd Bratislava I	2011	P	864	825	1042	800	517
Mestský súd Bratislava I	2011	Pcud	200	200	NULL	200	0
Mestský súd Bratislava I	2011	Pd	1000	1150	NULL	1150	50
Mestský súd Bratislava I	2011	Po	0	0	NULL	0	0
Mestský súd Bratislava I	2011	Pp	772	567	NULL	567	430
Mestský súd Bratislava I	2011	PPOm	400	200	100	200	200
Mestský súd Bratislava I	2011	Ps	700	833	700	833	267
Mestský súd Bratislava I	2011	Pu	605	603	NULL	605	0
Mestský súd Bratislava I	2011	R	800	125	NULL	800	25
Mestský súd Bratislava I	2011	Ro	191300	380400	NULL	273100	414400
Mestský súd Bratislava I	2011	Rob	253600	373700	NULL	263200	63100
Mestský súd Bratislava I	2011	S	467	600	33	867	133
Mestský súd Bratislava I	2011	T	439	502	11	427	585
Mestský súd Bratislava I	2011	Tcud	600	550	NULL	550	1000
Mestský súd Bratislava I	2011	Td	567	567	NULL	567	100
Mestský súd Bratislava I	2011	Tp	439	434	NULL	434	24
Mestský súd Bratislava I	2011	Tv	450	575	NULL	450	2800
Mestský súd Bratislava I	2011	U	11300	7900	NULL	7900	23100
Mestský súd Bratislava I	2011	Ul	600	600	NULL	600	800
Mestský súd Bratislava II 	2011	C	235	225	350	222	281
Mestský súd Bratislava II 	2011	Cb	270	254	440	279	287
Mestský súd Bratislava II 	2011	Cbcud	13	50	NULL	50	50
Mestský súd Bratislava II 	2011	Cbd	200	450	NULL	450	0
Mestský súd Bratislava II 	2011	CbHs	100	100	NULL	100	0
Mestský súd Bratislava II 	2011	Ccud	543	523	7	523	60
Mestský súd Bratislava II 	2011	Cd	480	400	60	400	170
Mestský súd Bratislava II 	2011	Cpr	227	13	NULL	7	220
Mestský súd Bratislava II 	2011	D	7524	7400	NULL	7352	4410
Mestský súd Bratislava II 	2011	Dcud	400	600	NULL	600	100
Mestský súd Bratislava II 	2011	Dd	200	200	NULL	200	400
Mestský súd Bratislava II 	2011	E	0	0	NULL	0	0
Mestský súd Bratislava II 	2011	Ecud	100	0	NULL	0	200
Mestský súd Bratislava II 	2011	Em	420	400	60	1800	440
Mestský súd Bratislava II 	2011	Er	370660	373240	NULL	373240	12660
Mestský súd Bratislava II 	2011	Ercud	0	0	NULL	0	0
Mestský súd Bratislava II 	2011	Nt	424	438	NULL	438	297
Mestský súd Bratislava II 	2011	Ntt	340	340	NULL	340	0
Mestský súd Bratislava II 	2011	P	521	483	328	473	182
Mestský súd Bratislava II 	2011	Pcud	500	450	NULL	450	300
Mestský súd Bratislava II 	2011	Pd	460	320	NULL	320	220
Mestský súd Bratislava II 	2011	Po	20	0	20	0	20
Mestský súd Bratislava II 	2011	PPOm	119	119	NULL	119	0
Mestský súd Bratislava II 	2011	Ps	478	422	589	422	333
Mestský súd Bratislava II 	2011	Pu	533	517	17	483	100
Mestský súd Bratislava II 	2011	S	325	340	15	340	15
Mestský súd Bratislava II 	2011	Scud	0	0	NULL	0	200
Mestský súd Bratislava II 	2011	T	350	355	3	359	215
Mestský súd Bratislava II 	2011	Tcud	200	600	NULL	600	700
Mestský súd Bratislava II 	2011	Td	30	30	NULL	30	0
Mestský súd Bratislava II 	2011	Tp	447	479	NULL	479	6
Mestský súd Bratislava II 	2011	U	15100	8500	NULL	8500	54600
Mestský súd Bratislava II 	2011	Ul	200	100	NULL	100	300
Mestský súd Bratislava III	2011	C	154	179	265	174	155
Mestský súd Bratislava III	2011	Cb	151	215	303	205	157
Mestský súd Bratislava III	2011	Cbcud	329	207	NULL	207	414
Mestský súd Bratislava III	2011	Cbd	500	100	NULL	100	1400
Mestský súd Bratislava III	2011	Ccud	161	172	NULL	172	133
Mestský súd Bratislava III	2011	Cd	3600	3700	500	3700	2600
Mestský súd Bratislava III	2011	Cpr	1650	100	50	100	1550
Mestský súd Bratislava III	2011	D	1491	1614	1	1589	994
Mestský súd Bratislava III	2011	Dcud	2500	1100	300	1100	1700
Mestský súd Bratislava III	2011	Em	700	600	1800	600	700
Mestský súd Bratislava III	2011	Er	3994	3746	0	3746	434
Mestský súd Bratislava III	2011	Nt	332	468	5	468	691
Mestský súd Bratislava III	2011	P	530	411	496	390	329
Mestský súd Bratislava III	2011	Pcud	600	500	NULL	500	200
Mestský súd Bratislava III	2011	Pd	1800	1400	NULL	1400	1000
Mestský súd Bratislava III	2011	Po	100	100	NULL	100	100
Mestský súd Bratislava III	2011	PPOm	200	200	NULL	200	0
Mestský súd Bratislava III	2011	Ps	714	386	443	386	857
Mestský súd Bratislava III	2011	Pu	200	200	NULL	200	0
Mestský súd Bratislava III	2011	S	350	350	200	300	1000
Mestský súd Bratislava III	2011	T	240	325	1	280	190
Mestský súd Bratislava III	2011	Tcud	0	0	NULL	0	0
Mestský súd Bratislava III	2011	Td	300	200	NULL	200	100
Mestský súd Bratislava III	2011	Tp	242	244	NULL	244	188
Mestský súd Bratislava III	2011	U	66	272	NULL	272	933
Mestský súd Bratislava III	2011	Ul	200	400	100	400	200
Mestský súd Bratislava IV	2011	C	310	381	458	396	300
Mestský súd Bratislava IV	2011	Cb	299	372	616	377	444
Mestský súd Bratislava IV	2011	Cbcud	400	400	150	400	100
Mestský súd Bratislava IV	2011	Cbd	233	200	267	200	67
Mestský súd Bratislava IV	2011	Ccud	408	442	NULL	442	67
Mestský súd Bratislava IV	2011	Cd	400	440	80	440	100
Mestský súd Bratislava IV	2011	Cpr	250	0	NULL	0	250
Mestský súd Bratislava IV	2011	D	1517	1518	NULL	1563	1221
Mestský súd Bratislava IV	2011	Dcud	0	100	NULL	100	600
Mestský súd Bratislava IV	2011	Dd	500	600	NULL	600	750
Mestský súd Bratislava IV	2011	Em	188	213	NULL	213	175
Mestský súd Bratislava IV	2011	Er	106160	105560	NULL	105560	4280
Mestský súd Bratislava IV	2011	Ercud	200	100	NULL	100	200
Mestský súd Bratislava IV	2011	Erd	0	0	NULL	0	0
Mestský súd Bratislava IV	2011	Nt	454	408	NULL	408	285
Mestský súd Bratislava IV	2011	P	343	303	444	276	223
Mestský súd Bratislava IV	2011	Pcud	350	250	NULL	250	100
Mestský súd Bratislava IV	2011	Pd	467	500	133	500	100
Mestský súd Bratislava IV	2011	PPOm	200	250	NULL	250	0
Mestský súd Bratislava IV	2011	Ps	420	280	410	280	260
Mestský súd Bratislava IV	2011	Ro	5618	5988	NULL	8774	2680
Mestský súd Bratislava IV	2011	Rob	40750	43550	NULL	45950	12850
Mestský súd Bratislava IV	2011	S	100	100	NULL	100	100
Mestský súd Bratislava IV	2011	T	410	518	9	415	182
Mestský súd Bratislava IV	2011	Tcud	600	300	NULL	300	400
Mestský súd Bratislava IV	2011	Td	200	200	NULL	200	0
Mestský súd Bratislava IV	2011	Tp	366	367	NULL	367	6
Mestský súd Bratislava IV	2011	U	1582	527	NULL	527	2618
Mestský súd Bratislava IV	2011	Ul	20	20	NULL	20	40
Mestský súd Bratislava V	2011	C	514	516	591	505	435
Mestský súd Bratislava V	2011	Cb	444	369	551	370	616
Mestský súd Bratislava V	2011	CbBu	0	0	NULL	0	100
Mestský súd Bratislava V	2011	Cbcud	1800	1800	200	1800	400
Mestský súd Bratislava V	2011	CbZm	294	271	530	261	371
Mestský súd Bratislava V	2011	Ccud	407	373	27	373	180
Mestský súd Bratislava V	2011	Cpr	50	0	NULL	0	50
Mestský súd Bratislava V	2011	D	1579	600	NULL	1734	939
Mestský súd Bratislava V	2011	Dcud	300	400	NULL	400	0
Mestský súd Bratislava V	2011	Dd	620	610	NULL	610	30
Mestský súd Bratislava V	2011	Er	13780	13209	NULL	13209	975
Mestský súd Bratislava V	2011	Ercud	500	500	NULL	500	0
Mestský súd Bratislava V	2011	Nt	417	461	11	461	72
Mestský súd Bratislava V	2011	P	517	441	510	438	268
Mestský súd Bratislava V	2011	Pcud	500	400	300	400	100
Mestský súd Bratislava V	2011	PPOm	2100	2200	NULL	2200	0
Mestský súd Bratislava V	2011	Ps	536	464	800	473	400
Mestský súd Bratislava V	2011	Pu	3850	3600	NULL	3675	350
Mestský súd Bratislava V	2011	Ro	232150	282700	NULL	486500	170100
Mestský súd Bratislava V	2011	Rob	138300	158600	NULL	185500	17900
Mestský súd Bratislava V	2011	S	400	450	NULL	550	200
Mestský súd Bratislava V	2011	Scud	0	0	NULL	0	0
Mestský súd Bratislava V	2011	T	390	390	14	366	217
Mestský súd Bratislava V	2011	Tcud	500	500	NULL	500	100
Mestský súd Bratislava V	2011	Td	200	100	NULL	100	100
Mestský súd Bratislava V	2011	Tp	397	401	NULL	401	3
Mestský súd Bratislava V	2011	U	2400	960	NULL	960	4920
Mestský súd Bratislava V	2011	Ul	0	20	NULL	20	20
Okresný súd Malacky	2011	C	314	367	349	319	493
Okresný súd Malacky	2011	Cb	175	216	324	202	210
Okresný súd Malacky	2011	Ccud	1650	1350	NULL	1350	1400
Okresný súd Malacky	2011	D	92700	92800	NULL	92700	61600
Okresný súd Malacky	2011	Nt	263	231	19	231	181
Okresný súd Malacky	2011	P	438	450	551	458	380
Okresný súd Malacky	2011	Ps	460	440	340	440	440
Okresný súd Malacky	2011	S	300	400	200	200	300
Okresný súd Malacky	2011	T	212	233	42	238	122
Okresný súd Malacky	2011	Tcud	150	250	NULL	250	0
Okresný súd Malacky	2011	Td	200	200	NULL	200	0
Okresný súd Malacky	2011	Tp	264	272	NULL	272	6
Okresný súd Pezinok	2011	C	415	424	916	399	668
Okresný súd Pezinok	2011	Cb	458	569	684	479	978
Okresný súd Pezinok	2011	Ccud	2200	2250	NULL	2250	950
Okresný súd Pezinok	2011	Nt	806	881	173	881	213
Okresný súd Pezinok	2011	P	770	727	678	700	508
Okresný súd Pezinok	2011	Ps	880	580	2067	580	1040
Okresný súd Pezinok	2011	S	800	800	100	600	600
Okresný súd Pezinok	2011	T	246	251	89	244	108
Okresný súd Pezinok	2011	Tcud	50	150	NULL	150	0
Okresný súd Pezinok	2011	Td	100	200	NULL	200	0
Okresný súd Pezinok	2011	Tp	328	295	NULL	295	75
Krajský súd Trnava	2011	Cb	1	5	30	9	41
Krajský súd Trnava	2011	Co	386	0	54	344	263
Krajský súd Trnava	2011	Cob	341	0	103	323	132
Krajský súd Trnava	2011	CoD	218	0	7	227	142
Krajský súd Trnava	2011	CoE	467	0	1	306	377
Krajský súd Trnava	2011	CoKR	37	0	13	30	18
Krajský súd Trnava	2011	CoP	239	0	64	228	53
Krajský súd Trnava	2011	CoZm	27	0	NULL	27	3
Krajský súd Trnava	2011	Ncb	1256	0	56	1244	33
Krajský súd Trnava	2011	NcC	1121	0	5	1055	102
Krajský súd Trnava	2011	NcCb	33	0	NULL	33	50
Krajský súd Trnava	2011	NcS	150	0	NULL	150	0
Krajský súd Trnava	2011	Ntc	211	0	NULL	200	189
Krajský súd Trnava	2011	Nto	139	0	NULL	144	3
Krajský súd Trnava	2011	Ntok	0	0	NULL	11	11
Krajský súd Trnava	2011	Ntt	890	0	NULL	890	0
Krajský súd Trnava	2011	S	282	252	102	275	477
Krajský súd Trnava	2011	Sd	825	750	421	750	384
Krajský súd Trnava	2011	So	19	0	NULL	25	6
Krajský súd Trnava	2011	Sp	257	318	229	318	230
Krajský súd Trnava	2011	T	0	4	NULL	6	22
Krajský súd Trnava	2011	To	147	0	8	167	54
Krajský súd Trnava	2011	Tos	228	0	5	231	8
Krajský súd Trnava	2011	Tpo	180	0	NULL	183	3
Okresný súd Trnava	2011	C	202	198	323	183	212
Okresný súd Trnava	2011	Cb	183	162	240	168	172
Okresný súd Trnava	2011	Cbi	345	127	411	136	1064
Okresný súd Trnava	2011	CbR	547	423	NULL	478	1183
Okresný súd Trnava	2011	CbZm	560	160	388	280	700
Okresný súd Trnava	2011	Cpr	1200	200	NULL	0	1200
Okresný súd Trnava	2011	D	7877	4764	23	7791	4986
Okresný súd Trnava	2011	Er	1456700	1372500	100	1372500	136400
Okresný súd Trnava	2011	Exre	1013	1211	NULL	1211	339
Okresný súd Trnava	2011	K	150	116	NULL	114	224
Okresný súd Trnava	2011	NcKR	143	129	14	100	57
Okresný súd Trnava	2011	Nt	748	757	28	765	128
Okresný súd Trnava	2011	Ntt	1108	1114	NULL	1114	10
Okresný súd Trnava	2011	P	292	273	397	268	149
Okresný súd Trnava	2011	Po	200	200	NULL	200	100
Okresný súd Trnava	2011	Pp	822	815	34	845	119
Okresný súd Trnava	2011	PPOm	340	380	41	380	0
Okresný súd Trnava	2011	Ps	294	263	463	294	200
Okresný súd Trnava	2011	Pu	138	225	13	150	50
Okresný súd Trnava	2011	R	150	100	NULL	50	100
Okresný súd Trnava	2011	S	200	217	36	250	83
Okresný súd Trnava	2011	T	132	167	8	161	92
Okresný súd Trnava	2011	Tcud	350	350	NULL	350	50
Okresný súd Trnava	2011	Tp	677	682	NULL	684	236
Okresný súd Dunajská Streda	2011	C	561	525	805	492	467
Okresný súd Dunajská Streda	2011	Cb	564	621	923	654	508
Okresný súd Dunajská Streda	2011	Cpr	500	100	100	0	500
Okresný súd Dunajská Streda	2011	D	507	521	NULL	512	294
Okresný súd Dunajská Streda	2011	Er	54517	55313	8	55313	4275
Okresný súd Dunajská Streda	2011	Nt	377	354	NULL	362	231
Okresný súd Dunajská Streda	2011	P	508	422	625	443	223
Okresný súd Dunajská Streda	2011	PPOm	400	275	NULL	400	75
Okresný súd Dunajská Streda	2011	Ps	483	483	500	467	383
Okresný súd Dunajská Streda	2011	T	317	395	17	332	221
Okresný súd Dunajská Streda	2011	Tcud	167	200	NULL	200	67
Okresný súd Dunajská Streda	2011	Tp	356	344	NULL	366	73
Okresný súd Dunajská Streda	2011	U	513	56	NULL	94	1106
Okresný súd Galanta	2011	C	348	344	495	338	206
Okresný súd Galanta	2011	Cb	405	398	555	353	307
Okresný súd Galanta	2011	Cbcud	600	600	NULL	600	100
Okresný súd Galanta	2011	Cbd	300	400	300	400	0
Okresný súd Galanta	2011	Ccud	7300	7400	NULL	7400	1700
Okresný súd Galanta	2011	Cd	2200	2100	NULL	2100	500
Okresný súd Galanta	2011	Cpr	700	100	300	0	700
Okresný súd Galanta	2011	D	4067	3945	4	3951	2418
Okresný súd Galanta	2011	Dcud	500	600	NULL	600	0
Okresný súd Galanta	2011	Dd	111600	113300	NULL	113300	8400
Okresný súd Galanta	2011	E	1000	2200	NULL	17300	3700
Okresný súd Galanta	2011	Ecud	600	400	NULL	400	400
Okresný súd Galanta	2011	Ed	100	1300	NULL	1300	0
Okresný súd Galanta	2011	Er	2026800	2049100	200	2049100	191700
Okresný súd Galanta	2011	Ercud	1500	100	NULL	100	2800
Okresný súd Galanta	2011	Erd	7900	9600	NULL	9600	900
Okresný súd Galanta	2011	Nt	1100	1011	33	1011	433
Okresný súd Galanta	2011	P	417	357	518	347	195
Okresný súd Galanta	2011	Pcud	1100	800	NULL	800	400
Okresný súd Galanta	2011	Pd	1500	1400	NULL	1400	300
Okresný súd Galanta	2011	Po	1600	1600	NULL	1600	700
Okresný súd Galanta	2011	PPOm	1800	2000	NULL	2000	0
Okresný súd Galanta	2011	Ps	5000	3900	9200	3900	3500
Okresný súd Galanta	2011	Pu	0	0	NULL	0	0
Okresný súd Galanta	2011	S	500	300	100	400	200
Okresný súd Galanta	2011	T	481	523	73	489	186
Okresný súd Galanta	2011	Tcud	250	200	NULL	200	50
Okresný súd Galanta	2011	Td	0	100	NULL	100	150
Okresný súd Galanta	2011	Tp	19400	19350	NULL	19350	150
Okresný súd Galanta	2011	U	14400	2500	NULL	2500	30700
Okresný súd Galanta	2011	Ul	100	0	NULL	0	0
Okresný súd Piešťany	2011	C	482	288	330	278	665
Okresný súd Piešťany	2011	Cb	362	331	306	349	770
Okresný súd Piešťany	2011	Cbcud	200	200	NULL	200	0
Okresný súd Piešťany	2011	Cbd	233	200	167	200	67
Okresný súd Piešťany	2011	Ccud	520	550	NULL	550	140
Okresný súd Piešťany	2011	Cd	467	475	NULL	475	67
Okresný súd Piešťany	2011	Cpr	367	33	33	0	367
Okresný súd Piešťany	2011	D	1193	1128	NULL	1132	790
Okresný súd Piešťany	2011	Dcud	100	100	NULL	100	0
Okresný súd Piešťany	2011	Dd	350	300	NULL	300	50
Okresný súd Piešťany	2011	Nt	696	664	NULL	664	262
Okresný súd Piešťany	2011	P	557	475	733	422	462
Okresný súd Piešťany	2011	Pcud	117	83	NULL	83	100
Okresný súd Piešťany	2011	Pd	673	618	91	618	118
Okresný súd Piešťany	2011	Po	100	200	50	200	200
Okresný súd Piešťany	2011	Pp	609	602	NULL	602	176
Okresný súd Piešťany	2011	PPOm	133	133	NULL	133	17
Okresný súd Piešťany	2011	Ps	500	617	600	633	433
Okresný súd Piešťany	2011	S	125	50	NULL	50	100
Okresný súd Piešťany	2011	T	621	603	1	596	351
Okresný súd Piešťany	2011	Tcud	38	42	NULL	42	0
Okresný súd Piešťany	2011	Td	700	614	NULL	614	114
Okresný súd Piešťany	2011	Tp	8900	9050	NULL	9050	100
Okresný súd Piešťany	2011	U	475	138	NULL	138	1519
Okresný súd Senica	2011	C	1546	1820	1850	1588	974
Okresný súd Senica	2011	Cb	1345	1655	2345	1691	1073
Okresný súd Senica	2011	D	1527	1544	NULL	1504	790
Okresný súd Senica	2011	Er	1493	1517	1	1517	103
Okresný súd Senica	2011	Nt	175	188	3	219	91
Okresný súd Senica	2011	P	1589	1568	1227	1541	384
Okresný súd Senica	2011	Ps	350	367	467	400	183
Okresný súd Senica	2011	Ro	1566	1319	NULL	1295	724
Okresný súd Senica	2011	Rob	1325	1313	NULL	1433	392
Okresný súd Senica	2011	T	186	235	17	217	87
Okresný súd Senica	2011	Td	200	200	NULL	200	0
Okresný súd Senica	2011	Tp	700	700	NULL	700	0
Okresný súd Senica	2011	U	389	344	NULL	300	467
Okresný súd Skalica	2011	C	2097	2029	3003	1926	1413
Okresný súd Skalica	2011	Cb	1633	2700	4983	2700	2917
Okresný súd Skalica	2011	Cpr	200	0	NULL	0	200
Okresný súd Skalica	2011	D	2271	2308	NULL	2342	1067
Okresný súd Skalica	2011	Er	2146	2236	NULL	2236	136
Okresný súd Skalica	2011	Nt	243	114	NULL	114	514
Okresný súd Skalica	2011	P	548	443	370	439	233
Okresný súd Skalica	2011	PPOm	500	500	NULL	450	50
Okresný súd Skalica	2011	Ps	1000	500	300	600	1000
Okresný súd Skalica	2011	Ro	4037	3658	NULL	3582	1413
Okresný súd Skalica	2011	Rob	1785	1977	NULL	2069	685
Okresný súd Skalica	2011	S	300	300	NULL	300	100
Okresný súd Skalica	2011	T	209	273	7	284	144
Okresný súd Skalica	2011	Tp	2240	2280	NULL	2280	0
Krajský súd Trenčín	2011	Cb	25	150	300	150	900
Krajský súd Trenčín	2011	Co	392	0	26	324	157
Krajský súd Trenčín	2011	Cob	376	0	31	342	211
Krajský súd Trenčín	2011	CoD	104	0	1	105	31
Krajský súd Trenčín	2011	CoE	412	0	NULL	363	95
Krajský súd Trenčín	2011	CoKR	1067	0	67	533	800
Krajský súd Trenčín	2011	CoP	393	0	55	385	40
Krajský súd Trenčín	2011	CoPom	36	0	NULL	36	0
Krajský súd Trenčín	2011	CoPr	100	0	NULL	0	100
Krajský súd Trenčín	2011	CoZm	400	0	33	467	67
Krajský súd Trenčín	2011	Cudz	0	100	NULL	100	0
Krajský súd Trenčín	2011	Ncb	333	0	NULL	389	11
Krajský súd Trenčín	2011	NcC	1291	0	NULL	1245	100
Krajský súd Trenčín	2011	NcCb	292	0	NULL	308	0
Krajský súd Trenčín	2011	Ntc	211	0	NULL	211	0
Krajský súd Trenčín	2011	Nto	150	0	NULL	157	2
Krajský súd Trenčín	2011	Ntok	300	0	NULL	200	100
Krajský súd Trenčín	2011	Ntt	521	0	NULL	521	0
Krajský súd Trenčín	2011	S	99	90	60	77	104
Krajský súd Trenčín	2011	Scud	0	0	NULL	100	0
Krajský súd Trenčín	2011	Sd	325	326	246	294	198
Krajský súd Trenčín	2011	Sn	0	0	NULL	0	0
Krajský súd Trenčín	2011	So	100	0	NULL	100	0
Krajský súd Trenčín	2011	Sp	131	127	64	107	107
Krajský súd Trenčín	2011	T	0	100	NULL	200	200
Krajský súd Trenčín	2011	To	149	0	NULL	159	47
Krajský súd Trenčín	2011	Tos	165	0	NULL	162	10
Krajský súd Trenčín	2011	Tov	471	0	NULL	514	43
Krajský súd Trenčín	2011	Tpo	157	0	NULL	158	3
Okresný súd Trenčín	2011	C	263	358	396	338	302
Okresný súd Trenčín	2011	Cb	445	492	733	478	556
Okresný súd Trenčín	2011	Cbi	175	486	509	448	468
Okresný súd Trenčín	2011	CbR	624	749	NULL	770	884
Okresný súd Trenčín	2011	CbZm	650	900	2450	1000	1450
Okresný súd Trenčín	2011	Cpr	1300	100	250	0	1300
Okresný súd Trenčín	2011	Er	21304	21468	4	21468	809
Okresný súd Trenčín	2011	Exre	2097	1831	NULL	1831	1362
Okresný súd Trenčín	2011	K	228	228	13	164	231
Okresný súd Trenčín	2011	NcKR	100	55	45	9	118
Okresný súd Trenčín	2011	Nt	1213	1213	NULL	1213	362
Okresný súd Trenčín	2011	Ntt	1124	1124	NULL	1124	0
Okresný súd Trenčín	2011	P	773	641	666	658	493
Okresný súd Trenčín	2011	Po	167	200	NULL	167	0
Okresný súd Trenčín	2011	Pp	1044	1116	NULL	1116	123
Okresný súd Trenčín	2011	PPOm	450	450	NULL	650	0
Okresný súd Trenčín	2011	Ps	638	625	538	638	475
Okresný súd Trenčín	2011	Pu	700	689	22	678	67
Okresný súd Trenčín	2011	R	65	60	NULL	70	65
Okresný súd Trenčín	2011	S	114	129	14	114	43
Okresný súd Trenčín	2011	T	293	357	NULL	308	265
Okresný súd Trenčín	2011	Tp	1187	1177	NULL	1177	17
Okresný súd Bánovce n/B	2011	C	310	330	321	310	193
Okresný súd Bánovce n/B	2011	Cb	312	336	483	293	202
Okresný súd Bánovce n/B	2011	Er	14635	14100	NULL	14100	913
Okresný súd Bánovce n/B	2011	Nt	285	300	8	300	62
Okresný súd Bánovce n/B	2011	P	363	325	354	313	132
Okresný súd Bánovce n/B	2011	Ps	400	200	200	300	167
Okresný súd Bánovce n/B	2011	T	227	298	28	259	104
Okresný súd Bánovce n/B	2011	Tcud	200	200	NULL	200	0
Okresný súd Bánovce n/B	2011	Tp	344	119	NULL	344	8
Okresný súd Nové Mesto n/V	2011	C	3059	3903	3918	3838	3523
Okresný súd Nové Mesto n/V	2011	Cb	1772	2522	2967	2778	2739
Okresný súd Nové Mesto n/V	2011	Cbcud	56	61	NULL	61	6
Okresný súd Nové Mesto n/V	2011	Cbd	0	6	NULL	6	6
Okresný súd Nové Mesto n/V	2011	Ccud	118	103	NULL	103	49
Okresný súd Nové Mesto n/V	2011	Cd	36	36	NULL	36	18
Okresný súd Nové Mesto n/V	2011	Cpr	5	0	NULL	0	5
Okresný súd Nové Mesto n/V	2011	D	6432	6937	NULL	6889	3689
Okresný súd Nové Mesto n/V	2011	Dcud	16	5	NULL	5	26
Okresný súd Nové Mesto n/V	2011	Dd	0	5	NULL	5	26
Okresný súd Nové Mesto n/V	2011	Ecud	7	3	NULL	3	3
Okresný súd Nové Mesto n/V	2011	Em	17	23	3	13	63
Okresný súd Nové Mesto n/V	2011	Er	25690	25533	NULL	25533	1523
Okresný súd Nové Mesto n/V	2011	Ercud	23	7	NULL	7	17
Okresný súd Nové Mesto n/V	2011	Erd	23	33	NULL	33	0
Okresný súd Nové Mesto n/V	2011	Nt	248	169	NULL	197	203
Okresný súd Nové Mesto n/V	2011	P	1903	1764	303	1894	1273
Okresný súd Nové Mesto n/V	2011	Pcud	18	6	NULL	6	12
Okresný súd Nové Mesto n/V	2011	Pd	30	27	NULL	27	12
Okresný súd Nové Mesto n/V	2011	Po	21	18	NULL	18	9
Okresný súd Nové Mesto n/V	2011	PPOm	12	21	9	21	0
Okresný súd Nové Mesto n/V	2011	Ps	73	61	52	61	61
Okresný súd Nové Mesto n/V	2011	Ro	5689	5300	NULL	4986	3447
Okresný súd Nové Mesto n/V	2011	Rob	2655	2807	NULL	2490	1759
Okresný súd Nové Mesto n/V	2011	S	3	5	NULL	10	0
Okresný súd Nové Mesto n/V	2011	Scud	0	0	NULL	0	0
Okresný súd Nové Mesto n/V	2011	T	1338	1631	7	1255	914
Okresný súd Nové Mesto n/V	2011	Tcud	14	10	NULL	10	3
Okresný súd Nové Mesto n/V	2011	Td	7	14	NULL	14	7
Okresný súd Nové Mesto n/V	2011	Tp	669	590	NULL	659	66
Okresný súd Nové Mesto n/V	2011	U	53	11	NULL	11	1258
Okresný súd Nové Mesto n/V	2011	Ul	0	0	NULL	0	16
Okresný súd Partizánske	2011	C	297	328	482	329	235
Okresný súd Partizánske	2011	Cb	333	361	722	383	350
Okresný súd Partizánske	2011	Ccud	4000	3700	NULL	3700	1200
Okresný súd Partizánske	2011	Cd	400	600	200	600	100
Okresný súd Partizánske	2011	Cpr	200	100	NULL	50	150
Okresný súd Partizánske	2011	D	1551	1866	NULL	1846	491
Okresný súd Partizánske	2011	Dcud	300	300	NULL	300	0
Okresný súd Partizánske	2011	Dd	0	100	NULL	100	0
Okresný súd Partizánske	2011	Ecud	600	500	NULL	500	100
Okresný súd Partizánske	2011	Em	500	400	NULL	400	200
Okresný súd Partizánske	2011	Er	35725	35058	NULL	35058	833
Okresný súd Partizánske	2011	Ercud	200	200	NULL	200	100
Okresný súd Partizánske	2011	Erd	300	100	NULL	100	200
Okresný súd Partizánske	2011	Nt	950	1050	150	900	200
Okresný súd Partizánske	2011	P	366	346	379	317	130
Okresný súd Partizánske	2011	Pcud	300	300	NULL	300	100
Okresný súd Partizánske	2011	Pd	200	400	NULL	400	0
Okresný súd Partizánske	2011	Po	800	700	NULL	800	0
Okresný súd Partizánske	2011	PPOm	200	200	NULL	200	0
Okresný súd Partizánske	2011	Ps	310	230	200	210	150
Okresný súd Partizánske	2011	S	700	600	NULL	600	100
Okresný súd Partizánske	2011	T	290	291	328	281	90
Okresný súd Partizánske	2011	Tcud	500	400	NULL	400	100
Okresný súd Partizánske	2011	Tp	370	370	NULL	370	3
Okresný súd Partizánske	2011	U	2000	650	NULL	1700	2450
Okresný súd Považská Bystrica	2011	C	394	437	721	407	179
Okresný súd Považská Bystrica	2011	Cb	265	315	460	304	153
Okresný súd Považská Bystrica	2011	Cbcud	1400	1500	NULL	1500	200
Okresný súd Považská Bystrica	2011	Cbd	300	300	NULL	300	0
Okresný súd Považská Bystrica	2011	Ccud	390	400	10	400	30
Okresný súd Považská Bystrica	2011	Cd	180	220	NULL	220	0
Okresný súd Považská Bystrica	2011	Cpr	400	300	500	100	300
Okresný súd Považská Bystrica	2011	D	1744	1837	8	1779	1123
Okresný súd Považská Bystrica	2011	Dcud	500	300	NULL	300	200
Okresný súd Považská Bystrica	2011	Dd	200	200	NULL	200	0
Okresný súd Považská Bystrica	2011	Ecud	300	500	NULL	500	0
Okresný súd Považská Bystrica	2011	Em	1300	1000	NULL	1000	300
Okresný súd Považská Bystrica	2011	Er	5897	5653	NULL	5653	375
Okresný súd Považská Bystrica	2011	Ercud	750	650	NULL	650	150
Okresný súd Považská Bystrica	2011	Nt	167	204	NULL	200	96
Okresný súd Považská Bystrica	2011	P	461	441	559	423	125
Okresný súd Považská Bystrica	2011	Pcud	800	900	NULL	900	200
Okresný súd Považská Bystrica	2011	Pd	800	800	NULL	800	0
Okresný súd Považská Bystrica	2011	Po	700	500	NULL	500	500
Okresný súd Považská Bystrica	2011	PPOm	100	100	NULL	100	0
Okresný súd Považská Bystrica	2011	Ps	1200	1033	1233	1033	500
Okresný súd Považská Bystrica	2011	Pu	503	503	3	503	0
Okresný súd Považská Bystrica	2011	Ro	18400	17818	NULL	17464	4136
Okresný súd Považská Bystrica	2011	Rob	6083	5992	NULL	5983	1100
Okresný súd Považská Bystrica	2011	T	382	411	6	393	125
Okresný súd Považská Bystrica	2011	Tcud	500	400	NULL	400	100
Okresný súd Považská Bystrica	2011	Td	150	150	NULL	150	0
Okresný súd Považská Bystrica	2011	Tp	764	741	NULL	764	18
Okresný súd Prievidza	2011	C	315	325	388	315	196
Okresný súd Prievidza	2011	Cb	322	337	518	329	220
Okresný súd Prievidza	2011	Cbcud	900	700	NULL	700	200
Okresný súd Prievidza	2011	Cbd	200	200	NULL	200	0
Okresný súd Prievidza	2011	Ccud	1336	1482	NULL	1482	245
Okresný súd Prievidza	2011	Cd	173	200	NULL	200	27
Okresný súd Prievidza	2011	Cpr	24	5	5	2	22
Okresný súd Prievidza	2011	D	5553	5703	3	5600	3432
Okresný súd Prievidza	2011	Dcud	600	800	NULL	800	0
Okresný súd Prievidza	2011	Ecud	367	367	NULL	367	133
Okresný súd Prievidza	2011	Em	217	83	NULL	117	517
Okresný súd Prievidza	2011	Er	213717	214217	17	214717	12150
Okresný súd Prievidza	2011	Ercud	1133	867	NULL	867	300
Okresný súd Prievidza	2011	Erd	100	133	NULL	133	33
Okresný súd Prievidza	2011	Nt	533	558	NULL	567	192
Okresný súd Prievidza	2011	P	485	402	491	393	233
Okresný súd Prievidza	2011	Pcud	1200	1200	100	1200	700
Okresný súd Prievidza	2011	Pd	2300	2100	NULL	2100	500
Okresný súd Prievidza	2011	Po	640	720	NULL	720	160
Okresný súd Prievidza	2011	PPOm	233	217	NULL	267	17
Okresný súd Prievidza	2011	Ps	375	300	280	290	175
Okresný súd Prievidza	2011	Pu	500	460	NULL	460	120
Okresný súd Prievidza	2011	Ro	39718	33136	NULL	30855	20400
Okresný súd Prievidza	2011	Rob	8338	8313	NULL	8625	1713
Okresný súd Prievidza	2011	S	55	45	NULL	45	9
Okresný súd Prievidza	2011	T	278	290	NULL	291	140
Okresný súd Prievidza	2011	Tcud	133	233	NULL	233	0
Okresný súd Prievidza	2011	Td	267	400	NULL	400	0
Okresný súd Prievidza	2011	Tp	3142	3175	NULL	3175	25
Okresný súd Prievidza	2011	U	2130	130	NULL	130	2930
Okresný súd Prievidza	2011	UL	25	0	NULL	0	25
Krajský súd Nitra	2011	C	200	0	NULL	200	0
Krajský súd Nitra	2011	Cb	0	140	260	180	560
Krajský súd Nitra	2011	Co	179	0	26	180	31
Krajský súd Nitra	2011	Cob	229	0	87	229	23
Krajský súd Nitra	2011	CoD	160	0	NULL	159	7
Krajský súd Nitra	2011	CoE	196	0	NULL	203	17
Krajský súd Nitra	2011	CoKR	220	0	60	200	40
Krajský súd Nitra	2011	CoP	173	0	27	182	4
Krajský súd Nitra	2011	CoPom	100	0	NULL	100	0
Krajský súd Nitra	2011	CoZm	200	0	NULL	200	17
Krajský súd Nitra	2011	Ncb	229	0	NULL	214	14
Krajský súd Nitra	2011	NcC	179	0	NULL	178	8
Krajský súd Nitra	2011	NcCb	200	0	NULL	300	0
Krajský súd Nitra	2011	Ntc	90	0	NULL	80	23
Krajský súd Nitra	2011	Nto	121	0	NULL	118	3
Krajský súd Nitra	2011	Ntok	75	0	NULL	100	0
Krajský súd Nitra	2011	Ntro	100	0	NULL	100	0
Krajský súd Nitra	2011	Ntt	83	0	NULL	83	0
Krajský súd Nitra	2011	S	333	286	214	204	404
Krajský súd Nitra	2011	Sd	310	298	309	297	94
Krajský súd Nitra	2011	So	150	0	NULL	150	0
Krajský súd Nitra	2011	Sp	287	333	350	300	147
Krajský súd Nitra	2011	T	0	100	NULL	60	360
Krajský súd Nitra	2011	To	108	0	NULL	114	14
Krajský súd Nitra	2011	Tos	111	0	NULL	113	0
Krajský súd Nitra	2011	Tpo	112	0	NULL	112	2
Okresný súd Nitra	2011	C	1497	1728	3575	1617	1130
Okresný súd Nitra	2011	Cb	1196	1526	2698	1428	1121
Okresný súd Nitra	2011	Cbi	8300	3000	14200	2700	5600
Okresný súd Nitra	2011	CbR	1397	1409	12	1409	1506
Okresný súd Nitra	2011	CbZm	4100	2300	6700	2300	5700
Okresný súd Nitra	2011	Ccud	1700	1829	NULL	1829	186
Okresný súd Nitra	2011	Cd	2067	2000	NULL	2000	600
Okresný súd Nitra	2011	D	1180	1247	NULL	1269	643
Okresný súd Nitra	2011	Dcud	500	500	NULL	500	100
Okresný súd Nitra	2011	Dd	1289	1122	NULL	1122	489
Okresný súd Nitra	2011	Er	1974	2012	2	2012	77
Okresný súd Nitra	2011	Exre	1232	1385	NULL	1385	410
Okresný súd Nitra	2011	K	655	590	375	590	95
Okresný súd Nitra	2011	Nt	347	359	NULL	359	112
Okresný súd Nitra	2011	Ntt	249	252	NULL	252	4
Okresný súd Nitra	2011	P	2495	2181	3114	2055	1443
Okresný súd Nitra	2011	Pcud	900	1100	NULL	1100	0
Okresný súd Nitra	2011	Pd	2200	2367	133	2367	67
Okresný súd Nitra	2011	Po	1100	1100	NULL	1100	300
Okresný súd Nitra	2011	Pp	407	401	NULL	401	61
Okresný súd Nitra	2011	Ps	2000	2000	2200	2000	1125
Okresný súd Nitra	2011	Pu	967	967	33	933	467
Okresný súd Nitra	2011	R	500	500	NULL	500	0
Okresný súd Nitra	2011	Ro	1822	1730	2	1704	950
Okresný súd Nitra	2011	Rob	2342	2288	1	2670	1142
Okresný súd Nitra	2011	T	287	354	NULL	324	156
Okresný súd Nitra	2011	Tcud	375	350	NULL	350	275
Okresný súd Nitra	2011	Td	214	200	NULL	200	71
Okresný súd Nitra	2011	Tp	335	334	NULL	334	4
Okresný súd Nitra	2011	U	158	1908	NULL	1908	3283
Okresný súd Nitra	2011	Zm	2275	2125	50	1850	2213
Okresný súd Komárno	2011	C	500	499	613	409	351
Okresný súd Komárno	2011	Cb	328	446	681	464	169
Okresný súd Komárno	2011	Cbcud	1300	1600	NULL	1600	400
Okresný súd Komárno	2011	Cbd	500	500	200	500	0
Okresný súd Komárno	2011	Ccud	4100	4000	NULL	4000	400
Okresný súd Komárno	2011	Cd	1400	1500	NULL	1500	600
Okresný súd Komárno	2011	Cpr	200	40	50	10	190
Okresný súd Komárno	2011	D	3202	3206	NULL	3102	1684
Okresný súd Komárno	2011	Dcud	100	200	NULL	200	0
Okresný súd Komárno	2011	Dd	200	200	NULL	200	0
Okresný súd Komárno	2011	Ecud	500	300	NULL	300	200
Okresný súd Komárno	2011	Em	450	800	NULL	600	800
Okresný súd Komárno	2011	Er	41970	40540	NULL	40540	4155
Okresný súd Komárno	2011	Nt	235	296	NULL	296	173
Okresný súd Komárno	2011	P	450	400	513	380	192
Okresný súd Komárno	2011	Pcud	200	600	NULL	600	100
Okresný súd Komárno	2011	Pd	1100	1300	NULL	1300	100
Okresný súd Komárno	2011	Po	10900	11400	NULL	11400	2200
Okresný súd Komárno	2011	PPOm	800	900	NULL	900	100
Okresný súd Komárno	2011	Ps	480	370	460	370	320
Okresný súd Komárno	2011	Ro	8250	7518	NULL	7592	3424
Okresný súd Komárno	2011	Rob	5689	6000	NULL	6194	1950
Okresný súd Komárno	2011	S	60	50	20	50	10
Okresný súd Komárno	2011	T	189	224	4	197	132
Okresný súd Komárno	2011	Tcud	600	600	NULL	600	200
Okresný súd Komárno	2011	Td	100	0	NULL	0	600
Okresný súd Komárno	2011	Tp	586	565	NULL	565	63
Okresný súd Komárno	2011	U	500	500	NULL	500	11500
Okresný súd Levice	2011	C	5831	5588	7919	5381	5392
Okresný súd Levice	2011	Cb	663	788	1283	875	788
Okresný súd Levice	2011	Cbcud	5	8	NULL	8	0
Okresný súd Levice	2011	Cbd	8	10	NULL	10	0
Okresný súd Levice	2011	Ccud	392	400	28	400	120
Okresný súd Levice	2011	Cd	120	120	NULL	120	12
Okresný súd Levice	2011	Cpr	16	0	NULL	0	16
Okresný súd Levice	2011	D	8083	8243	NULL	8161	4083
Okresný súd Levice	2011	Dcud	65	52	NULL	52	26
Okresný súd Levice	2011	Dd	996	983	NULL	983	83
Okresný súd Levice	2011	Ecud	12	6	NULL	6	0
Okresný súd Levice	2011	Ed	6	12	NULL	12	0
Okresný súd Levice	2011	Em	25	23	NULL	23	0
Okresný súd Levice	2011	Er	41704	41093	NULL	41093	2274
Okresný súd Levice	2011	ErCud	0	4	NULL	0	0
Okresný súd Levice	2011	Erd	26	15	NULL	0	15
Okresný súd Levice	2011	Nt	408	200	NULL	418	39
Okresný súd Levice	2011	P	3476	3100	4203	3110	1817
Okresný súd Levice	2011	Pcud	24	21	NULL	21	7
Okresný súd Levice	2011	Pd	203	214	NULL	214	31
Okresný súd Levice	2011	Po	114	117	NULL	117	31
Okresný súd Levice	2011	Pp	316	171	11	313	56
Okresný súd Levice	2011	PPOm	27	24	NULL	24	6
Okresný súd Levice	2011	Ps	103	138	145	138	59
Okresný súd Levice	2011	Pu	121	121	NULL	110	14
Okresný súd Levice	2011	Ro	13332	12700	NULL	12440	4420
Okresný súd Levice	2011	Rob	1943	1795	NULL	1868	433
Okresný súd Levice	2011	S	12	12	8	12	8
Okresný súd Levice	2011	T	1596	1562	38	1568	428
Okresný súd Levice	2011	Tcud	12	12	NULL	12	4
Okresný súd Levice	2011	Td	78	92	NULL	92	4
Okresný súd Levice	2011	Tp	500	255	NULL	494	53
Okresný súd Levice	2011	U	1208	875	NULL	875	1825
Okresný súd Nové Zámky	2011	C	498	540	909	546	300
Okresný súd Nové Zámky	2011	Cb	363	384	421	368	136
Okresný súd Nové Zámky	2011	Cbcud	50	0	NULL	50	0
Okresný súd Nové Zámky	2011	Ccud	5800	0	NULL	7250	2000
Okresný súd Nové Zámky	2011	Cd	550	0	33	467	233
Okresný súd Nové Zámky	2011	Cpr	35	15	20	5	30
Okresný súd Nové Zámky	2011	D	2543	1983	NULL	2682	1494
Okresný súd Nové Zámky	2011	Dcud	200	0	NULL	150	50
Okresný súd Nové Zámky	2011	Dd	243	0	NULL	129	471
Okresný súd Nové Zámky	2011	Ecud	50	0	NULL	50	0
Okresný súd Nové Zámky	2011	Ed	100	0	NULL	150	100
Okresný súd Nové Zámky	2011	Em	100	140	100	140	60
Okresný súd Nové Zámky	2011	Er	17602	16693	5	16696	1973
Okresný súd Nové Zámky	2011	Erd	133	0	NULL	50	67
Okresný súd Nové Zámky	2011	Nt	149	126	NULL	146	49
Okresný súd Nové Zámky	2011	P	301	222	347	243	110
Okresný súd Nové Zámky	2011	Pcud	40	0	NULL	40	0
Okresný súd Nové Zámky	2011	Pd	200	0	120	200	20
Okresný súd Nové Zámky	2011	Po	370	440	NULL	440	120
Okresný súd Nové Zámky	2011	PPOm	290	260	470	290	70
Okresný súd Nové Zámky	2011	Ps	820	720	750	890	180
Okresný súd Nové Zámky	2011	Ro	4	4928	1	5229	3974
Okresný súd Nové Zámky	2011	Rob	21	3353	NULL	5032	1289
Okresný súd Nové Zámky	2011	S	150	100	NULL	150	0
Okresný súd Nové Zámky	2011	T	332	364	9	324	87
Okresný súd Nové Zámky	2011	Tcud	267	0	NULL	267	0
Okresný súd Nové Zámky	2011	Td	33	0	NULL	50	0
Okresný súd Nové Zámky	2011	Tp	873	873	NULL	868	5
Okresný súd Nové Zámky	2011	U	650	250	NULL	800	13450
Okresný súd Topoľčany	2011	C	408	451	737	455	172
Okresný súd Topoľčany	2011	Cb	303	337	571	362	163
Okresný súd Topoľčany	2011	Cbcud	40	40	NULL	40	0
Okresný súd Topoľčany	2011	Cbd	20	10	NULL	10	10
Okresný súd Topoľčany	2011	Ccud	500	436	NULL	436	100
Okresný súd Topoľčany	2011	Cd	100	110	NULL	110	10
Okresný súd Topoľčany	2011	Cpr	125	13	100	0	125
Okresný súd Topoľčany	2011	D	2302	2440	NULL	2406	856
Okresný súd Topoľčany	2011	Dcud	10	10	NULL	10	0
Okresný súd Topoľčany	2011	Dd	10	0	NULL	0	10
Okresný súd Topoľčany	2011	Em	25	30	10	25	25
Okresný súd Topoľčany	2011	Er	11664	12012	NULL	12012	334
Okresný súd Topoľčany	2011	Nt	338	375	38	375	63
Okresný súd Topoľčany	2011	P	542	525	837	494	211
Okresný súd Topoľčany	2011	Pd	110	110	NULL	110	10
Okresný súd Topoľčany	2011	Po	10	10	NULL	10	0
Okresný súd Topoľčany	2011	PPOm	67	67	NULL	67	0
Okresný súd Topoľčany	2011	Ps	263	250	463	250	131
Okresný súd Topoľčany	2011	Ro	4304	3958	NULL	3904	1410
Okresný súd Topoľčany	2011	Rob	1090	1046	NULL	1112	192
Okresný súd Topoľčany	2011	S	15	20	NULL	20	0
Okresný súd Topoľčany	2011	T	355	370	75	352	170
Okresný súd Topoľčany	2011	Tcud	17	33	NULL	33	0
Okresný súd Topoľčany	2011	Td	0	20	NULL	20	0
Okresný súd Topoľčany	2011	Tp	645	645	NULL	645	0
Okresný súd Topoľčany	2011	U	90	110	NULL	110	70
Krajský súd Žilina	2011	Co	264	NULL	12	253	63
Krajský súd Žilina	2011	Cob	211	NULL	10	192	89
Krajský súd Žilina	2011	CoD	254	NULL	NULL	238	45
Krajský súd Žilina	2011	CoE	221	NULL	0	216	16
Krajský súd Žilina	2011	CoKR	263	NULL	13	313	63
Krajský súd Žilina	2011	CoP	262	NULL	12	267	22
Krajský súd Žilina	2011	CoZm	186	NULL	NULL	143	71
Krajský súd Žilina	2011	Ncb	227	NULL	NULL	213	13
Krajský súd Žilina	2011	NcC	261	NULL	NULL	281	23
Krajský súd Žilina	2011	Ntc	125	NULL	NULL	120	10
Krajský súd Žilina	2011	Nto	121	NULL	NULL	132	0
Krajský súd Žilina	2011	Ntro	100	NULL	NULL	100	0
Krajský súd Žilina	2011	Ntt	127	NULL	NULL	127	0
Krajský súd Žilina	2011	S	195	116	42	100	182
Krajský súd Žilina	2011	Sd	245	251	176	243	85
Krajský súd Žilina	2011	Sn	160	180	20	280	60
Krajský súd Žilina	2011	Sp	166	180	90	226	104
Krajský súd Žilina	2011	To	115	NULL	60	121	15
Krajský súd Žilina	2011	Tos	120	NULL	46	122	3
Krajský súd Žilina	2011	Tpo	118	NULL	NULL	119	0
Okresný súd Žilina	2011	C	386	417	535	383	443
Okresný súd Žilina	2011	Cb	262	305	337	311	334
Okresný súd Žilina	2011	Cbi	325	168	268	140	660
Okresný súd Žilina	2011	CbR	831	1084	1	1008	660
Okresný súd Žilina	2011	CbZm	325	344	331	150	438
Okresný súd Žilina	2011	Cpr	275	13	NULL	13	263
Okresný súd Žilina	2011	D	657	719	NULL	712	546
Okresný súd Žilina	2011	Em	1600	667	NULL	633	967
Okresný súd Žilina	2011	Er	12044	11513	1	11513	1479
Okresný súd Žilina	2011	Exre	806	817	NULL	798	132
Okresný súd Žilina	2011	K	800	742	116	768	247
Okresný súd Žilina	2011	NcKR	2800	500	300	500	4800
Okresný súd Žilina	2011	Nt	250	233	NULL	224	386
Okresný súd Žilina	2011	Ntt	266	251	NULL	251	0
Okresný súd Žilina	2011	P	742	672	653	622	512
Okresný súd Žilina	2011	Pp	271	279	NULL	287	34
Okresný súd Žilina	2011	Ps	583	683	442	492	342
Okresný súd Žilina	2011	R	1100	1100	100	1000	300
Okresný súd Žilina	2011	S	650	500	50	450	250
Okresný súd Žilina	2011	T	276	338	0	292	149
Okresný súd Žilina	2011	Tp	308	308	NULL	308	0
Okresný súd Žilina	2011	U	2350	5900	NULL	6400	20550
Okresný súd Čadca	2011	C	837	886	1006	719	728
Okresný súd Čadca	2011	Cb	819	935	1212	869	808
Okresný súd Čadca	2011	D	1187	1270	2	1254	638
Okresný súd Čadca	2011	Er	1519	550	NULL	1429	193
Okresný súd Čadca	2011	Nt	208	146	8	208	162
Okresný súd Čadca	2011	P	1498	1223	1411	1225	768
Okresný súd Čadca	2011	PPOm	1100	1100	NULL	900	200
Okresný súd Čadca	2011	Ps	525	500	350	525	350
Okresný súd Čadca	2011	T	215	256	22	210	145
Okresný súd Čadca	2011	Tp	228	158	NULL	226	9
Okresný súd Dolný Kubín	2011	C	184	193	259	184	128
Okresný súd Dolný Kubín	2011	Cb	168	191	147	186	117
Okresný súd Dolný Kubín	2011	Cpr	167	133	33	100	67
Okresný súd Dolný Kubín	2011	Nt	103	119	3	109	19
Okresný súd Dolný Kubín	2011	P	209	176	192	160	95
Okresný súd Dolný Kubín	2011	PPOm	200	200	NULL	200	0
Okresný súd Dolný Kubín	2011	Ps	222	111	78	89	156
Okresný súd Dolný Kubín	2011	T	146	182	20	140	85
Okresný súd Dolný Kubín	2011	Tp	2567	2567	NULL	2567	0
Okresný súd Liptovský Mikuláš	2011	C	468	473	637	456	315
Okresný súd Liptovský Mikuláš	2011	Cb	486	482	568	482	361
Okresný súd Liptovský Mikuláš	2011	Er	10643	10457	NULL	10457	959
Okresný súd Liptovský Mikuláš	2011	Nt	244	163	NULL	163	230
Okresný súd Liptovský Mikuláš	2011	P	573	538	564	495	193
Okresný súd Liptovský Mikuláš	2011	Ps	583	517	567	517	200
Okresný súd Liptovský Mikuláš	2011	Pu	447	465	NULL	459	35
Okresný súd Liptovský Mikuláš	2011	Ro	16500	15833	11	16278	3356
Okresný súd Liptovský Mikuláš	2011	Rob	9611	9756	33	9578	1756
Okresný súd Liptovský Mikuláš	2011	T	248	284	4	239	179
Okresný súd Liptovský Mikuláš	2011	Tp	318	318	NULL	318	0
Okresný súd Martin	2011	C	950	1091	1613	991	664
Okresný súd Martin	2011	Cb	3864	4836	5350	4121	3250
Okresný súd Martin	2011	Cbcud	57	79	NULL	79	0
Okresný súd Martin	2011	Cbd	21	29	NULL	29	0
Okresný súd Martin	2011	Ccud	47	48	NULL	48	8
Okresný súd Martin	2011	Cd	21	22	NULL	22	10
Okresný súd Martin	2011	Cpr	3	1	2	1	2
Okresný súd Martin	2011	D	9593	10100	NULL	10086	5529
Okresný súd Martin	2011	Dcud	14	14	NULL	14	0
Okresný súd Martin	2011	Dd	43	43	NULL	43	0
Okresný súd Martin	2011	Ecud	11	5	NULL	5	8
Okresný súd Martin	2011	Em	37	24	39	21	50
Okresný súd Martin	2011	Er	73643	71143	NULL	71143	9914
Okresný súd Martin	2011	Nt	555	542	2	542	202
Okresný súd Martin	2011	P	2448	2007	2990	1907	1726
Okresný súd Martin	2011	Pcud	67	52	NULL	52	24
Okresný súd Martin	2011	Pd	105	100	NULL	100	7
Okresný súd Martin	2011	Po	26	26	NULL	26	48
Okresný súd Martin	2011	Pp	1635	1611	27	1611	124
Okresný súd Martin	2011	PPOm	6	6	NULL	6	0
Okresný súd Martin	2011	Ps	74	79	74	67	45
Okresný súd Martin	2011	Pu	79	79	NULL	119	12
Okresný súd Martin	2011	S	21	29	7	29	0
Okresný súd Martin	2011	T	1287	1577	76	1258	842
Okresný súd Martin	2011	Tcud	6	5	NULL	5	2
Okresný súd Martin	2011	Td	39	47	NULL	47	3
Okresný súd Martin	2011	Tp	526	526	NULL	526	0
Okresný súd Martin	2011	U	1429	1021	NULL	1021	557
Okresný súd Námestovo	2011	C	1381	2002	3481	2013	1649
Okresný súd Námestovo	2011	Cb	988	1065	1985	827	1246
Okresný súd Námestovo	2011	Cbcud	11	14	NULL	14	0
Okresný súd Námestovo	2011	Cbd	7	7	NULL	7	0
Okresný súd Námestovo	2011	Ccud	238	271	NULL	271	10
Okresný súd Námestovo	2011	Cd	29	29	NULL	29	0
Okresný súd Námestovo	2011	Cpr	10	0	NULL	0	10
Okresný súd Námestovo	2011	D	3461	4187	NULL	4222	2752
Okresný súd Námestovo	2011	Dcud	9	4	NULL	4	4
Okresný súd Námestovo	2011	Dd	4	17	NULL	17	91
Okresný súd Námestovo	2011	Em	63	63	13	75	44
Okresný súd Námestovo	2011	Er	7477	7468	NULL	7468	70
Okresný súd Námestovo	2011	Nt	76	83	7	83	38
Okresný súd Námestovo	2011	P	1846	1795	1431	1779	595
Okresný súd Námestovo	2011	Pcud	19	25	NULL	25	0
Okresný súd Námestovo	2011	Pd	25	25	NULL	25	0
Okresný súd Námestovo	2011	Po	38	50	NULL	50	0
Okresný súd Námestovo	2011	PPOm	0	0	6	6	0
Okresný súd Námestovo	2011	Ps	106	125	250	113	75
Okresný súd Námestovo	2011	Pu	88	88	NULL	94	6
Okresný súd Námestovo	2011	Ro	3276	3693	NULL	3803	810
Okresný súd Námestovo	2011	Rob	1753	1579	NULL	1474	491
Okresný súd Námestovo	2011	S	3	3	NULL	3	0
Okresný súd Námestovo	2011	T	1024	1269	3197	1162	545
Okresný súd Námestovo	2011	Tcud	14	14	NULL	14	0
Okresný súd Námestovo	2011	Tp	316	316	NULL	314	2
Okresný súd Námestovo	2011	U	17	178	NULL	178	991
Okresný súd Ružomberok	2011	C	934	977	1285	983	461
Okresný súd Ružomberok	2011	Cb	766	779	986	776	428
Okresný súd Ružomberok	2011	Cbcud	1000	2500	NULL	2500	0
Okresný súd Ružomberok	2011	Ccud	657	671	NULL	671	71
Okresný súd Ružomberok	2011	Cpr	1000	667	333	333	667
Okresný súd Ružomberok	2011	D	1500	1625	NULL	1556	1134
Okresný súd Ružomberok	2011	Dcud	100	300	NULL	300	0
Okresný súd Ružomberok	2011	Em	700	400	NULL	500	600
Okresný súd Ružomberok	2011	Er	1488	1435	NULL	1435	84
Okresný súd Ružomberok	2011	Nt	405	376	54	376	51
Okresný súd Ružomberok	2011	P	849	795	753	743	265
Okresný súd Ružomberok	2011	Pcud	525	375	NULL	500	50
Okresný súd Ružomberok	2011	Pp	419	437	60	437	28
Okresný súd Ružomberok	2011	PPOm	800	100	NULL	800	0
Okresný súd Ružomberok	2011	Ps	850	300	850	900	450
Okresný súd Ružomberok	2011	Pu	640	640	20	720	20
Okresný súd Ružomberok	2011	S	1000	1000	NULL	1000	0
Okresný súd Ružomberok	2011	T	392	412	98	420	107
Okresný súd Ružomberok	2011	Tcud	500	500	NULL	500	0
Okresný súd Ružomberok	2011	Tp	306	306	NULL	306	0
Okresný súd Ružomberok	2011	U	2000	40333	NULL	40333	2333
Krajský súd Banská Bystrica	2011	Cb	250	650	1250	1150	3850
Krajský súd Banská Bystrica	2011	Cbi	190	250	243	260	460
Krajský súd Banská Bystrica	2011	Co	277	0	12	266	48
Krajský súd Banská Bystrica	2011	Cob	230	0	8	229	57
Krajský súd Banská Bystrica	2011	CoD	275	0	NULL	240	45
Krajský súd Banská Bystrica	2011	CoE	232	0	0	232	27
Krajský súd Banská Bystrica	2011	CoKR	98	0	5	88	20
Krajský súd Banská Bystrica	2011	CoP	250	0	11	252	24
Krajský súd Banská Bystrica	2011	CoPom	5500	0	NULL	5500	0
Krajský súd Banská Bystrica	2011	CoPr	240	0	NULL	160	80
Krajský súd Banská Bystrica	2011	CoZm	218	0	9	173	64
Krajský súd Banská Bystrica	2011	Ncb	248	0	NULL	252	5
Krajský súd Banská Bystrica	2011	NcC	279	0	NULL	281	6
Krajský súd Banská Bystrica	2011	NcCb	200	0	NULL	250	50
Krajský súd Banská Bystrica	2011	NcS	100	0	NULL	100	0
Krajský súd Banská Bystrica	2011	Ntc	133	0	NULL	143	29
Krajský súd Banská Bystrica	2011	Nto	153	0	NULL	160	0
Krajský súd Banská Bystrica	2011	Ntok	200	0	NULL	400	400
Krajský súd Banská Bystrica	2011	Ntt	194	0	NULL	194	0
Krajský súd Banská Bystrica	2011	S	205	168	114	175	190
Krajský súd Banská Bystrica	2011	Scud	233	267	267	533	300
Krajský súd Banská Bystrica	2011	Sd	393	381	321	384	176
Krajský súd Banská Bystrica	2011	So	200	0	50	200	50
Krajský súd Banská Bystrica	2011	Sp	200	200	188	328	160
Krajský súd Banská Bystrica	2011	T	250	1250	NULL	1750	2750
Krajský súd Banská Bystrica	2011	To	146	0	15	144	33
Krajský súd Banská Bystrica	2011	Tos	145	0	23	143	5
Krajský súd Banská Bystrica	2011	Tpo	144	0	1	145	2
Okresný súd Banská Bystrica	2011	C	266	266	389	254	188
Okresný súd Banská Bystrica	2011	Cb	252	269	359	279	205
Okresný súd Banská Bystrica	2011	Cbi	284	257	421	209	361
Okresný súd Banská Bystrica	2011	CbPv	267	278	689	244	556
Okresný súd Banská Bystrica	2011	CbR	433	527	268	465	707
Okresný súd Banská Bystrica	2011	CbZm	231	223	392	169	300
Okresný súd Banská Bystrica	2011	Cpr	286	43	29	14	271
Okresný súd Banská Bystrica	2011	D	1766	1801	NULL	1821	661
Okresný súd Banská Bystrica	2011	Em	650	500	NULL	450	550
Okresný súd Banská Bystrica	2011	Er	7151	7251	NULL	7251	94
Okresný súd Banská Bystrica	2011	Exre	678	678	5	678	319
Okresný súd Banská Bystrica	2011	K	294	291	2	163	544
Okresný súd Banská Bystrica	2011	Nt	870	949	2	949	100
Okresný súd Banská Bystrica	2011	Ntt	986	986	NULL	986	0
Okresný súd Banská Bystrica	2011	P	378	328	390	313	136
Okresný súd Banská Bystrica	2011	Pp	1170	1167	NULL	1167	89
Okresný súd Banská Bystrica	2011	PPOm	233	233	NULL	233	0
Okresný súd Banská Bystrica	2011	Ps	300	188	363	188	213
Okresný súd Banská Bystrica	2011	Pu	1575	1575	NULL	1500	350
Okresný súd Banská Bystrica	2011	R	243	286	NULL	100	700
Okresný súd Banská Bystrica	2011	S	138	150	NULL	163	13
Okresný súd Banská Bystrica	2011	T	175	185	3	179	59
Okresný súd Banská Bystrica	2011	Tp	1062	1058	NULL	1058	4
Okresný súd Banská Bystrica	2011	Tv	145	173	NULL	200	73
Okresný súd Banská Bystrica	2011	U	6150	4375	NULL	4375	3225
Okresný súd Banská Bystrica	2011	Ul	200	100	NULL	100	150
Okresný súd Banská Bystrica	2011	Zm	7350	6750	350	7000	2700
Okresný súd Brezno	2011	C	641	683	258	616	581
Okresný súd Brezno	2011	Cb	259	365	181	380	238
Okresný súd Brezno	2011	Cbcud	17	0	NULL	0	17
Okresný súd Brezno	2011	Ccud	1260	1310	NULL	1310	140
Okresný súd Brezno	2011	Cpr	7	0	2	0	7
Okresný súd Brezno	2011	D	8590	9500	NULL	9470	2530
Okresný súd Brezno	2011	Em	50	50	NULL	50	50
Okresný súd Brezno	2011	Er	29095	29950	NULL	29950	1000
Okresný súd Brezno	2011	Ercud	80	60	NULL	60	20
Okresný súd Brezno	2011	Erd	20	20	NULL	20	3960
Okresný súd Brezno	2011	Nt	233	233	7	233	40
Okresný súd Brezno	2011	P	611	545	574	519	316
Okresný súd Brezno	2011	Pcud	33	22	NULL	22	11
Okresný súd Brezno	2011	Po	247	276	NULL	276	35
Okresný súd Brezno	2011	PPOm	11	11	NULL	11	0
Okresný súd Brezno	2011	Ps	173	93	120	93	120
Okresný súd Brezno	2011	Ro	8260	8970	NULL	8420	10
Okresný súd Brezno	2011	Rob	3989	4378	NULL	4422	1567
Okresný súd Brezno	2011	S	9	9	NULL	9	0
Okresný súd Brezno	2011	T	394	406	144	408	109
Okresný súd Brezno	2011	Tcud	40	30	NULL	30	10
Okresný súd Brezno	2011	Td	30	30	NULL	30	10
Okresný súd Brezno	2011	Tp	414	429	NULL	429	0
Okresný súd Brezno	2011	U	467	1422	NULL	1422	78
Okresný súd Brezno	2011	Ul	67	22	NULL	22	78
Okresný súd Lučenec	2011	C	222	233	292	231	52
Okresný súd Lučenec	2011	Cb	146	144	245	151	55
Okresný súd Lučenec	2011	Cpr	180	60	40	60	120
Okresný súd Lučenec	2011	Nt	467	367	8	367	458
Okresný súd Lučenec	2011	P	382	347	434	325	106
Okresný súd Lučenec	2011	PPOm	306	306	NULL	306	0
Okresný súd Lučenec	2011	Ps	450	360	380	360	180
Okresný súd Lučenec	2011	Pu	0	0	NULL	0	0
Okresný súd Lučenec	2011	S	150	150	NULL	150	0
Okresný súd Lučenec	2011	T	345	355	32	351	121
Okresný súd Lučenec	2011	Tp	224	224	NULL	224	0
Okresný súd Revúca	2011	C	200	274	220	270	74
Okresný súd Revúca	2011	Cb	191	252	226	235	161
Okresný súd Revúca	2011	Cpr	200	0	NULL	0	200
Okresný súd Revúca	2011	D	8967	9350	NULL	9350	2650
Okresný súd Revúca	2011	Em	250	100	NULL	100	250
Okresný súd Revúca	2011	Er	60800	65200	NULL	65200	13500
Okresný súd Revúca	2011	Nt	322	296	41	296	96
Okresný súd Revúca	2011	P	331	290	243	290	99
Okresný súd Revúca	2011	PPOm	400	400	100	400	0
Okresný súd Revúca	2011	Ps	333	367	333	367	67
Okresný súd Revúca	2011	S	300	400	NULL	400	100
Okresný súd Revúca	2011	T	330	339	21	342	61
Okresný súd Revúca	2011	Tp	282	278	NULL	278	8
Okresný súd Rimavská Sobota	2011	C	213	237	237	228	80
Okresný súd Rimavská Sobota	2011	Cb	241	297	338	238	177
Okresný súd Rimavská Sobota	2011	Er	6038	6113	1	6113	1225
Okresný súd Rimavská Sobota	2011	Nt	378	389	33	389	78
Okresný súd Rimavská Sobota	2011	P	281	263	242	241	91
Okresný súd Rimavská Sobota	2011	Pp	365	371	18	371	24
Okresný súd Rimavská Sobota	2011	PPOm	280	280	NULL	280	0
Okresný súd Rimavská Sobota	2011	Ps	270	320	250	320	100
Okresný súd Rimavská Sobota	2011	Pu	433	400	NULL	400	33
Okresný súd Rimavská Sobota	2011	T	357	350	17	400	118
Okresný súd Rimavská Sobota	2011	Tp	285	285	NULL	285	0
Okresný súd Veľký Krtíš	2011	C	361	381	431	363	148
Okresný súd Veľký Krtíš	2011	Cb	108	133	207	139	97
Okresný súd Veľký Krtíš	2011	Cpr	120	20	NULL	20	100
Okresný súd Veľký Krtíš	2011	D	3184	3172	NULL	3080	980
Okresný súd Veľký Krtíš	2011	Er	9976	9858	NULL	9858	140
Okresný súd Veľký Krtíš	2011	Nt	65	55	2	59	23
Okresný súd Veľký Krtíš	2011	P	238	195	243	195	96
Okresný súd Veľký Krtíš	2011	PPOm	220	180	NULL	180	40
Okresný súd Veľký Krtíš	2011	Ps	160	220	180	220	60
Okresný súd Veľký Krtíš	2011	S	0	16	4	12	4
Okresný súd Veľký Krtíš	2011	T	446	474	62	476	176
Okresný súd Veľký Krtíš	2011	Tp	315	315	NULL	318	0
Okresný súd Zvolen	2011	C	282	285	344	274	178
Okresný súd Zvolen	2011	Cb	271	294	377	292	190
Okresný súd Zvolen	2011	Cpr	243	114	43	71	171
Okresný súd Zvolen	2011	Nt	384	295	NULL	295	563
Okresný súd Zvolen	2011	P	573	444	518	416	325
Okresný súd Zvolen	2011	PPOm	83	83	NULL	83	0
Okresný súd Zvolen	2011	Ps	250	258	NULL	258	117
Okresný súd Zvolen	2011	Pu	221	221	NULL	243	0
Okresný súd Zvolen	2011	S	100	100	50	100	50
Okresný súd Zvolen	2011	T	273	295	21	266	144
Okresný súd Zvolen	2011	Tp	292	291	NULL	291	10
Okresný súd Žiar n/H	2011	C	303	303	410	287	132
Okresný súd Žiar n/H	2011	Cb	384	322	537	277	345
Okresný súd Žiar n/H	2011	Cpr	240	140	100	60	180
Okresný súd Žiar n/H	2011	D	15144	15544	NULL	15533	5278
Okresný súd Žiar n/H	2011	Er	143329	139371	29	139371	9286
Okresný súd Žiar n/H	2011	Nt	446	446	5	429	102
Okresný súd Žiar n/H	2011	P	477	394	409	406	207
Okresný súd Žiar n/H	2011	PPOm	133	133	NULL	200	0
Okresný súd Žiar n/H	2011	Ps	257	371	357	457	157
Okresný súd Žiar n/H	2011	Pu	300	300	NULL	200	100
Okresný súd Žiar n/H	2011	S	100	100	NULL	100	0
Okresný súd Žiar n/H	2011	T	447	446	6	437	180
Okresný súd Žiar n/H	2011	Tp	381	372	NULL	377	5
Okresný súd Žiar n/H	2011	U	3300	4600	NULL	4600	1900
Krajský súd Košice	2011	C	0	0	NULL	0	38
Krajský súd Košice	2011	Cb	5	75	335	124	393
Krajský súd Košice	2011	Cbi	220	1010	NULL	1990	2100
Krajský súd Košice	2011	Cd	100	100	NULL	100	0
Krajský súd Košice	2011	Co	223	0	15	191	122
Krajský súd Košice	2011	Cob	151	0	12	196	38
Krajský súd Košice	2011	CoD	210	0	10	278	88
Krajský súd Košice	2011	CoE	204	0	0	178	74
Krajský súd Košice	2011	CoKR	35	0	2	37	4
Krajský súd Košice	2011	CoP	244	0	1	225	70
Krajský súd Košice	2011	CoPom	180	0	NULL	180	0
Krajský súd Košice	2011	CoZm	128	0	NULL	140	8
Krajský súd Košice	2011	Cudz	100	100	NULL	100	0
Krajský súd Košice	2011	K	1	86	NULL	76	496
Krajský súd Košice	2011	Ncb	280	0	NULL	250	30
Krajský súd Košice	2011	NcC	133	0	NULL	135	5
Krajský súd Košice	2011	NcCb	80	0	40	100	80
Krajský súd Košice	2011	Ntc	105	0	NULL	125	10
Krajský súd Košice	2011	Nto	142	0	126	146	4
Krajský súd Košice	2011	Ntok	160	0	NULL	200	100
Krajský súd Košice	2011	Ntt	91	0	NULL	91	0
Krajský súd Košice	2011	S	439	495	281	491	558
Krajský súd Košice	2011	SaZ	107	153	167	240	33
Krajský súd Košice	2011	Scud	100	0	NULL	0	100
Krajský súd Košice	2011	Sd	187	187	170	195	77
Krajský súd Košice	2011	Sn	25	0	NULL	0	50
Krajský súd Košice	2011	So	100	0	NULL	200	0
Krajský súd Košice	2011	Sp	232	262	232	293	222
Krajský súd Košice	2011	T	0	25	NULL	300	275
Krajský súd Košice	2011	To	100	0	122	103	15
Krajský súd Košice	2011	Tos	106	0	104	106	5
Krajský súd Košice	2011	Tpo	80	0	77	81	0
Krajský súd Košice	2011	Zm	0	0	NULL	0	650
Okresný súd Košice I	2011	C	2621	2022	2113	1803	3282
Okresný súd Košice I	2011	Cb	1304	1420	2191	1515	1771
Okresný súd Košice I	2011	Cbcud	32	38	NULL	38	10
Okresný súd Košice I	2011	Cbd	22	26	4	26	8
Okresný súd Košice I	2011	Cbi	472	125	226	209	575
Okresný súd Košice I	2011	CbPv	22	22	79	22	65
Okresný súd Košice I	2011	CbR	620	327	NULL	327	724
Okresný súd Košice I	2011	CbZm	148	75	208	75	233
Okresný súd Košice I	2011	Ccud	39	43	NULL	43	12
Okresný súd Košice I	2011	Cd	22	24	NULL	24	4
Okresný súd Košice I	2011	Cpr	7	0	NULL	0	6
Okresný súd Košice I	2011	D	3986	3724	NULL	3614	3152
Okresný súd Košice I	2011	Dcud	0	0	NULL	0	0
Okresný súd Košice I	2011	Dd	4634	4300	NULL	4300	776
Okresný súd Košice I	2011	Ecud	15	8	NULL	8	31
Okresný súd Košice I	2011	Em	54	38	8	38	146
Okresný súd Košice I	2011	Er	19796	19006	NULL	19006	2121
Okresný súd Košice I	2011	Ercud	4	6	NULL	6	1
Okresný súd Košice I	2011	Erd	194	176	NULL	176	24
Okresný súd Košice I	2011	Exre	1341	2138	NULL	2138	479
Okresný súd Košice I	2011	K	640	593	23	593	80
Okresný súd Košice I	2011	Nt	405	418	NULL	418	87
Okresný súd Košice I	2011	Ntt	980	980	NULL	980	0
Okresný súd Košice I	2011	P	2364	1509	2300	1642	2648
Okresný súd Košice I	2011	Pcud	30	52	NULL	52	9
Okresný súd Košice I	2011	Pd	124	106	NULL	106	33
Okresný súd Košice I	2011	Po	9	3	NULL	3	9
Okresný súd Košice I	2011	Pp	704	706	NULL	706	58
Okresný súd Košice I	2011	Ps	121	103	124	103	115
Okresný súd Košice I	2011	R	50	53	NULL	53	0
Okresný súd Košice I	2011	Ro	7438	7422	1	8198	2348
Okresný súd Košice I	2011	Rob	1168	1154	NULL	1194	230
Okresný súd Košice I	2011	S	0	3	15	6	9
Okresný súd Košice I	2011	Scud	6	6	NULL	6	0
Okresný súd Košice I	2011	T	852	1025	33	811	805
Okresný súd Košice I	2011	Tcud	8	12	NULL	12	7
Okresný súd Košice I	2011	Td	29	25	NULL	25	12
Okresný súd Košice I	2011	Tp	491	488	NULL	488	4
Okresný súd Košice I	2011	U	2980	443	NULL	443	2827
Okresný súd Košice I	2011	Ul	3	3	NULL	3	3
Okresný súd Košice I	2011	Zm	291	377	11	349	213
Okresný súd Košice II	2011	C	243	289	410	285	271
Okresný súd Košice II	2011	Cb	145	183	287	188	213
Okresný súd Košice II	2011	Cpr	23	0	1	0	23
Okresný súd Košice II	2011	D	1530	1675	2	1691	1041
Okresný súd Košice II	2011	Nt	369	339	NULL	339	167
Okresný súd Košice II	2011	P	266	271	351	238	207
Okresný súd Košice II	2011	Po	50	37	27	37	27
Okresný súd Košice II	2011	Pp	441	457	NULL	457	55
Okresný súd Košice II	2011	PPOm	73	73	NULL	73	0
Okresný súd Košice II	2011	Ps	143	140	170	140	70
Okresný súd Košice II	2011	Pu	580	583	3	583	0
Okresný súd Košice II	2011	S	20	50	NULL	110	20
Okresný súd Košice II	2011	T	394	470	10	418	294
Okresný súd Košice II	2011	Tp	450	457	NULL	457	160
Okresný súd Košice okolie	2011	C	621	709	845	637	661
Okresný súd Košice okolie	2011	Cb	600	874	974	961	696
Okresný súd Košice okolie	2011	Cbcud	43	48	NULL	48	9
Okresný súd Košice okolie	2011	Ccud	58	56	NULL	56	30
Okresný súd Košice okolie	2011	Cd	16	19	NULL	19	7
Okresný súd Košice okolie	2011	D	5363	5170	3	5170	3077
Okresný súd Košice okolie	2011	Dcud	30	30	NULL	30	0
Okresný súd Košice okolie	2011	Dd	4665	4560	NULL	4560	250
Okresný súd Košice okolie	2011	E	140	150	NULL	120	100
Okresný súd Košice okolie	2011	Ecud	0	10	NULL	10	0
Okresný súd Košice okolie	2011	Ed	10	10	NULL	10	0
Okresný súd Košice okolie	2011	Er	20620	20006	2	20006	1570
Okresný súd Košice okolie	2011	Nt	25	24	NULL	24	31
Okresný súd Košice okolie	2011	P	1422	1013	1095	1008	1057
Okresný súd Košice okolie	2011	Pcud	67	67	NULL	67	13
Okresný súd Košice okolie	2011	Pd	47	50	NULL	50	10
Okresný súd Košice okolie	2011	Po	147	143	NULL	143	3
Okresný súd Košice okolie	2011	PPOm	25	28	NULL	28	0
Okresný súd Košice okolie	2011	Ps	105	100	112	100	40
Okresný súd Košice okolie	2011	Ro	8410	7058	NULL	6642	3262
Okresný súd Košice okolie	2011	Rob	913	840	NULL	811	242
Okresný súd Košice okolie	2011	S	80	60	NULL	40	80
Okresný súd Košice okolie	2011	T	814	1121	20	946	524
Okresný súd Košice okolie	2011	Tcud	9	5	NULL	5	5
Okresný súd Košice okolie	2011	Td	6	12	NULL	12	5
Okresný súd Košice okolie	2011	Tp	699	699	NULL	699	0
Okresný súd Košice okolie	2011	U	435	459	NULL	459	2206
Okresný súd Košice okolie	2011	Zm	9	9	NULL	9	0
Okresný súd Michalovce	2011	C	218	234	394	222	160
Okresný súd Michalovce	2011	Cb	242	273	364	269	203
Okresný súd Michalovce	2011	Cbcud	300	280	NULL	280	100
Okresný súd Michalovce	2011	Cbd	40	40	NULL	40	0
Okresný súd Michalovce	2011	Ccud	3800	3720	NULL	3720	680
Okresný súd Michalovce	2011	Cd	380	460	NULL	460	0
Okresný súd Michalovce	2011	Cpr	80	20	NULL	20	60
Okresný súd Michalovce	2011	D	1685	1633	NULL	1671	882
Okresný súd Michalovce	2011	Dcud	40	40	NULL	40	0
Okresný súd Michalovce	2011	Dd	120	120	NULL	120	0
Okresný súd Michalovce	2011	E	160	100	NULL	100	260
Okresný súd Michalovce	2011	Ecud	60	20	NULL	20	40
Okresný súd Michalovce	2011	Er	52765	54975	NULL	54975	1735
Okresný súd Michalovce	2011	Nt	280	288	32	288	68
Okresný súd Michalovce	2011	P	358	327	438	304	168
Okresný súd Michalovce	2011	Pcud	180	260	NULL	260	0
Okresný súd Michalovce	2011	Pd	280	280	20	280	20
Okresný súd Michalovce	2011	Po	200	280	20	280	20
Okresný súd Michalovce	2011	Pp	20	20	20	0	20
Okresný súd Michalovce	2011	PPOm	330	295	NULL	295	45
Okresný súd Michalovce	2011	Ps	155	145	150	145	95
Okresný súd Michalovce	2011	Pu	213	203	NULL	217	10
Okresný súd Michalovce	2011	Ro	31060	31810	10	33070	9960
Okresný súd Michalovce	2011	Rob	7640	8590	NULL	8690	1920
Okresný súd Michalovce	2011	S	30	30	NULL	60	0
Okresný súd Michalovce	2011	T	426	468	86	426	141
Okresný súd Michalovce	2011	Tcud	100	120	NULL	120	0
Okresný súd Michalovce	2011	Td	60	100	NULL	100	0
Okresný súd Michalovce	2011	Tp	1034	1032	NULL	1032	2
Okresný súd Michalovce	2011	U	180	1100	NULL	1100	7160
Okresný súd Rožňava	2011	C	2240	2294	3718	2200	1172
Okresný súd Rožňava	2011	Cb	320	334	584	320	178
Okresný súd Rožňava	2011	Ccud	569	613	9	613	63
Okresný súd Rožňava	2011	Cpr	35	15	5	13	23
Okresný súd Rožňava	2011	D	1481	1555	NULL	1579	722
Okresný súd Rožňava	2011	Ecud	3	3	NULL	3	0
Okresný súd Rožňava	2011	Er	13762	14238	NULL	14238	996
Okresný súd Rožňava	2011	Ercud	5	5	NULL	5	0
Okresný súd Rožňava	2011	Nt	97	92	7	92	15
Okresný súd Rožňava	2011	P	3187	2952	3830	2930	765
Okresný súd Rožňava	2011	Pcud	43	39	4	39	4
Okresný súd Rožňava	2011	PPOm	85	89	NULL	89	4
Okresný súd Rožňava	2011	Ps	126	115	115	115	56
Okresný súd Rožňava	2011	Pu	41	44	4	44	4
Okresný súd Rožňava	2011	Ro	18860	18800	NULL	19440	3610
Okresný súd Rožňava	2011	Rob	4990	4970	NULL	5160	1300
Okresný súd Rožňava	2011	S	3	3	3	3	0
Okresný súd Rožňava	2011	T	707	709	157	705	90
Okresný súd Rožňava	2011	Tcud	7	11	NULL	11	0
Okresný súd Rožňava	2011	Td	8	8	NULL	8	0
Okresný súd Rožňava	2011	Tp	559	559	NULL	559	0
Okresný súd Rožňava	2011	U	46	139	NULL	139	71
Okresný súd Spišská Nová Ves	2011	C	4058	4218	6547	4211	2436
Okresný súd Spišská Nová Ves	2011	Cb	1627	1982	4664	1991	1991
Okresný súd Spišská Nová Ves	2011	Cbcud	9	0	NULL	0	9
Okresný súd Spišská Nová Ves	2011	Cbd	36	27	NULL	27	9
Okresný súd Spišská Nová Ves	2011	Ccud	536	516	16	516	100
Okresný súd Spišská Nová Ves	2011	Cd	167	158	2	158	24
Okresný súd Spišská Nová Ves	2011	Cpr	18	7	7	4	13
Okresný súd Spišská Nová Ves	2011	D	3188	3232	2	3195	1188
Okresný súd Spišská Nová Ves	2011	Dcud	16	14	NULL	14	2
Okresný súd Spišská Nová Ves	2011	Dd	311	341	NULL	341	41
Okresný súd Spišská Nová Ves	2011	E	8	8	NULL	6	45
Okresný súd Spišská Nová Ves	2011	Ecud	3	3	NULL	3	2
Okresný súd Spišská Nová Ves	2011	Ed	2	2	NULL	2	0
Okresný súd Spišská Nová Ves	2011	Er	9431	10009	NULL	10009	379
Okresný súd Spišská Nová Ves	2011	Ercud	1	1	NULL	1	0
Okresný súd Spišská Nová Ves	2011	Erd	2	3	NULL	3	1
Okresný súd Spišská Nová Ves	2011	Nt	131	134	NULL	134	49
Okresný súd Spišská Nová Ves	2011	P	7500	6605	8242	6337	3421
Okresný súd Spišská Nová Ves	2011	Pcud	89	95	16	95	11
Okresný súd Spišská Nová Ves	2011	Pd	132	137	5	137	21
Okresný súd Spišská Nová Ves	2011	Po	563	526	NULL	526	89
Okresný súd Spišská Nová Ves	2011	Pp	76	75	NULL	75	13
Okresný súd Spišská Nová Ves	2011	Ps	363	342	353	342	242
Okresný súd Spišská Nová Ves	2011	Pu	79	79	11	74	11
Okresný súd Spišská Nová Ves	2011	Ro	7114	6977	NULL	7023	1505
Okresný súd Spišská Nová Ves	2011	Rob	3791	3705	NULL	3855	764
Okresný súd Spišská Nová Ves	2011	S	50	50	NULL	50	0
Okresný súd Spišská Nová Ves	2011	T	1617	1553	224	1537	492
Okresný súd Spišská Nová Ves	2011	Tcud	10	10	NULL	10	0
Okresný súd Spišská Nová Ves	2011	Td	13	13	NULL	13	0
Okresný súd Spišská Nová Ves	2011	Tp	1500	1501	NULL	1501	4
Okresný súd Spišská Nová Ves	2011	U	25	314	NULL	314	1275
Okresný súd Spišská Nová Ves	2011	Ul	5	440	NULL	440	5
Okresný súd Trebišov	2011	C	341	364	471	385	201
Okresný súd Trebišov	2011	Cb	207	239	421	259	210
Okresný súd Trebišov	2011	Cbcud	60	60	NULL	60	0
Okresný súd Trebišov	2011	Cbd	100	120	NULL	120	0
Okresný súd Trebišov	2011	Ccud	5120	5400	NULL	5400	620
Okresný súd Trebišov	2011	Cd	40	60	NULL	60	0
Okresný súd Trebišov	2011	Cpr	15	10	5	5	10
Okresný súd Trebišov	2011	D	2635	2702	NULL	2710	1271
Okresný súd Trebišov	2011	Dcud	40	20	NULL	20	20
Okresný súd Trebišov	2011	Dd	1940	1900	NULL	1900	160
Okresný súd Trebišov	2011	E	20	30	NULL	40	20
Okresný súd Trebišov	2011	Ecud	80	80	NULL	80	0
Okresný súd Trebišov	2011	Ed	20	40	NULL	40	0
Okresný súd Trebišov	2011	Er	58425	57140	NULL	57140	1795
Okresný súd Trebišov	2011	Nt	100	109	NULL	109	20
Okresný súd Trebišov	2011	P	407	360	385	326	204
Okresný súd Trebišov	2011	Pcud	220	240	NULL	240	40
Okresný súd Trebišov	2011	Pd	280	340	NULL	340	0
Okresný súd Trebišov	2011	Po	500	560	NULL	560	0
Okresný súd Trebišov	2011	PPOm	125	125	NULL	125	0
Okresný súd Trebišov	2011	Ps	83	83	63	83	37
Okresný súd Trebišov	2011	Pu	100	100	NULL	90	10
Okresný súd Trebišov	2011	Ro	37090	36040	NULL	37290	9970
Okresný súd Trebišov	2011	Rob	5340	5260	NULL	5740	1250
Okresný súd Trebišov	2011	S	60	60	NULL	60	10
Okresný súd Trebišov	2011	T	364	362	3	345	122
Okresný súd Trebišov	2011	Tcud	60	60	NULL	60	0
Okresný súd Trebišov	2011	Td	20	30	NULL	30	0
Okresný súd Trebišov	2011	Tp	540	540	NULL	540	0
Okresný súd Trebišov	2011	U	170	360	NULL	360	1320
Krajský súd Prešov	2011	Cb	0	NULL	59	24	88
Krajský súd Prešov	2011	Co	595	NULL	101	586	194
Krajský súd Prešov	2011	Cob	1153	NULL	490	1049	351
Krajský súd Prešov	2011	CoD	22	NULL	0	24	3
Krajský súd Prešov	2011	CoE	483	NULL	1	478	89
Krajský súd Prešov	2011	CoKR	118	NULL	65	106	65
Krajský súd Prešov	2011	CoP	526	NULL	88	477	78
Krajský súd Prešov	2011	CoPom	5	NULL	NULL	5	0
Krajský súd Prešov	2011	CoPr	31	NULL	NULL	5	26
Krajský súd Prešov	2011	CoZm	31	NULL	20	29	12
Krajský súd Prešov	2011	Ncb	218	NULL	6	224	12
Krajský súd Prešov	2011	NcC	84	NULL	NULL	78	5
Krajský súd Prešov	2011	NcCb	12	NULL	59	24	0
Krajský súd Prešov	2011	NcS	1	NULL	NULL	0	0
Krajský súd Prešov	2011	Ntc	87	NULL	NULL	78	13
Krajský súd Prešov	2011	Nto	44	NULL	NULL	45	1
Krajský súd Prešov	2011	Ntok	2	NULL	NULL	1	1
Krajský súd Prešov	2011	Ntt	1845	NULL	NULL	1845	0
Krajský súd Prešov	2011	S	359	NULL	185	308	472
Krajský súd Prešov	2011	Scud	14	NULL	24	23	19
Krajský súd Prešov	2011	Sd	659	NULL	548	798	234
Krajský súd Prešov	2011	Sn	1	NULL	NULL	1	0
Krajský súd Prešov	2011	So	6	NULL	NULL	5	1
Krajský súd Prešov	2011	Sp	141	NULL	113	192	113
Krajský súd Prešov	2011	T	NULL	NULL	NULL	22	56
Krajský súd Prešov	2011	To	288	NULL	18	275	78
Krajský súd Prešov	2011	Tos	219	NULL	5	215	11
Krajský súd Prešov	2011	Tpo	138	NULL	NULL	136	4
Okresný súd Prešov	2011	C	438	466	728	457	400
Okresný súd Prešov	2011	Cb	1230	1552	2115	1602	1756
Okresný súd Prešov	2011	Cbi	243	167	680	197	337
Okresný súd Prešov	2011	CbR	560	468	NULL	468	1143
Okresný súd Prešov	2011	CbZm	57	50	117	50	74
Okresný súd Prešov	2011	Cpr	106	6	NULL	0	106
Okresný súd Prešov	2011	D	5262	5350	NULL	5280	2694
Okresný súd Prešov	2011	Em	13	6	NULL	6	7
Okresný súd Prešov	2011	Er	27925	31882	NULL	31882	4273
Okresný súd Prešov	2011	Exre	1300	2333	NULL	2333	1312
Okresný súd Prešov	2011	K	890	665	45	630	1260
Okresný súd Prešov	2011	NcKR	70	5	10	15	240
Okresný súd Prešov	2011	Nt	154	155	NULL	155	50
Okresný súd Prešov	2011	Ntt	517	517	NULL	517	0
Okresný súd Prešov	2011	P	1383	1256	1247	1168	653
Okresný súd Prešov	2011	Pcud	59	71	NULL	71	12
Okresný súd Prešov	2011	Pp	463	472	17	472	41
Okresný súd Prešov	2011	PPOm	3	3	NULL	3	0
Okresný súd Prešov	2011	Ps	59	62	85	62	41
Okresný súd Prešov	2011	Pu	50	49	NULL	50	2
Okresný súd Prešov	2011	R	155	180	NULL	195	95
Okresný súd Prešov	2011	Ro	4384	4098	NULL	4852	1016
Okresný súd Prešov	2011	Rob	3424	3702	NULL	3617	1634
Okresný súd Prešov	2011	S	32	46	32	43	39
Okresný súd Prešov	2011	T	874	948	43	983	519
Okresný súd Prešov	2011	Tcud	3	7	NULL	7	1
Okresný súd Prešov	2011	Td	9	7	NULL	7	2
Okresný súd Prešov	2011	Tp	3003	3026	NULL	3026	40
Okresný súd Prešov	2011	Tv	20	30	NULL	32	20
Okresný súd Prešov	2011	U	46	4	NULL	4	144
Okresný súd Prešov	2011	Zm	321	288	NULL	321	167
Okresný súd Bardejov	2011	C	3329	3943	4946	3586	4149
Okresný súd Bardejov	2011	Cb	840	1070	1386	1005	963
Okresný súd Bardejov	2011	Cbcud	16	13	NULL	13	3
Okresný súd Bardejov	2011	Ccud	291	289	NULL	289	83
Okresný súd Bardejov	2011	Cpr	20	3	NULL	3	17
Okresný súd Bardejov	2011	D	3921	4042	NULL	4089	1689
Okresný súd Bardejov	2011	Dcud	11	16	NULL	16	0
Okresný súd Bardejov	2011	E	0	2	NULL	15	2
Okresný súd Bardejov	2011	Ecud	5	3	NULL	3	2
Okresný súd Bardejov	2011	Em	0	0	NULL	0	9
Okresný súd Bardejov	2011	Er	28911	29074	NULL	29074	4053
Okresný súd Bardejov	2011	Ercud	5	0	NULL	0	5
Okresný súd Bardejov	2011	Nt	76	58	NULL	58	33
Okresný súd Bardejov	2011	P	2484	2084	2747	2016	1711
Okresný súd Bardejov	2011	Pcud	26	26	NULL	26	11
Okresný súd Bardejov	2011	Po	32	37	NULL	37	11
Okresný súd Bardejov	2011	PPOm	21	16	NULL	16	5
Okresný súd Bardejov	2011	Ps	132	142	126	147	84
Okresný súd Bardejov	2011	Pu	5	5	NULL	5	0
Okresný súd Bardejov	2011	Ro	5726	5174	NULL	5142	1926
Okresný súd Bardejov	2011	Rob	1070	963	NULL	998	256
Okresný súd Bardejov	2011	S	6	6	NULL	6	0
Okresný súd Bardejov	2011	Scud	0	0	NULL	0	0
Okresný súd Bardejov	2011	T	1236	1364	NULL	1109	567
Okresný súd Bardejov	2011	Tcud	9	9	NULL	9	3
Okresný súd Bardejov	2011	Td	6	6	NULL	6	6
Okresný súd Bardejov	2011	Tp	202	198	NULL	198	4
Okresný súd Bardejov	2011	U	47	58	NULL	58	68
Okresný súd Humenné	2011	C	1068	1194	2591	1134	665
Okresný súd Humenné	2011	Cb	2111	2589	5878	2433	1733
Okresný súd Humenné	2011	Cbcud	22	22	NULL	33	0
Okresný súd Humenné	2011	Cbd	33	33	NULL	33	0
Okresný súd Humenné	2011	Ccud	120	135	NULL	135	23
Okresný súd Humenné	2011	Cd	10	11	1	11	2
Okresný súd Humenné	2011	Cpr	18	5	3	3	16
Okresný súd Humenné	2011	D	4673	4730	NULL	4693	1797
Okresný súd Humenné	2011	Dcud	117	117	NULL	117	0
Okresný súd Humenné	2011	Dd	50	83	NULL	83	0
Okresný súd Humenné	2011	Ecud	4	0	NULL	0	0
Okresný súd Humenné	2011	Ed	39	30	NULL	30	57
Okresný súd Humenné	2011	Em	48	70	NULL	52	65
Okresný súd Humenné	2011	Er	12889	14238	NULL	14238	277
Okresný súd Humenné	2011	Erd	33	33	NULL	33	0
Okresný súd Humenné	2011	Nt	34	45	3	48	20
Okresný súd Humenné	2011	P	3067	2578	3222	2469	1097
Okresný súd Humenné	2011	Pcud	3	22	NULL	22	0
Okresný súd Humenné	2011	Pd	44	47	NULL	47	6
Okresný súd Humenné	2011	Po	17	19	NULL	19	6
Okresný súd Humenné	2011	PPOm	233	233	94	233	0
Okresný súd Humenné	2011	Ps	119	133	131	103	61
Okresný súd Humenné	2011	Ro	5833	5650	NULL	5829	1883
Okresný súd Humenné	2011	Rob	8213	8138	NULL	8713	2225
Okresný súd Humenné	2011	S	17	7	3	7	10
Okresný súd Humenné	2011	T	871	891	209	904	368
Okresný súd Humenné	2011	Tcud	5	6	NULL	6	0
Okresný súd Humenné	2011	Td	0	1	NULL	1	0
Okresný súd Humenné	2011	Tp	496	496	NULL	496	0
Okresný súd Humenné	2011	U	183	117	NULL	117	100
Okresný súd Kežmarok	2011	C	475	505	639	497	355
Okresný súd Kežmarok	2011	Cb	2157	2257	3814	2029	2700
Okresný súd Kežmarok	2011	Ccud	664	600	NULL	600	164
Okresný súd Kežmarok	2011	Cd	91	100	NULL	100	0
Okresný súd Kežmarok	2011	Cpr	0	0	NULL	0	0
Okresný súd Kežmarok	2011	D	9329	9114	NULL	9771	4586
Okresný súd Kežmarok	2011	Dcud	29	57	NULL	57	0
Okresný súd Kežmarok	2011	Dd	2214	2300	NULL	2300	0
Okresný súd Kežmarok	2011	E	0	21	NULL	21	0
Okresný súd Kežmarok	2011	Em	13	21	NULL	13	29
Okresný súd Kežmarok	2011	Er	36560	46407	NULL	39307	5933
Okresný súd Kežmarok	2011	Nt	86	176	NULL	148	81
Okresný súd Kežmarok	2011	P	2211	2144	3067	1985	1252
Okresný súd Kežmarok	2011	Pcud	19	22	NULL	22	0
Okresný súd Kežmarok	2011	Pd	30	44	NULL	44	4
Okresný súd Kežmarok	2011	Po	189	204	NULL	204	19
Okresný súd Kežmarok	2011	PPOm	167	183	NULL	183	0
Okresný súd Kežmarok	2011	Ps	78	78	144	78	89
Okresný súd Kežmarok	2011	Ro	22114	21771	NULL	21014	4014
Okresný súd Kežmarok	2011	Rob	5686	5614	NULL	6057	586
Okresný súd Kežmarok	2011	S	86	71	NULL	86	71
Okresný súd Kežmarok	2011	T	2190	2014	205	1971	1338
Okresný súd Kežmarok	2011	Tcud	5	5	NULL	62	0
Okresný súd Kežmarok	2011	Td	0	0	NULL	5	0
Okresný súd Kežmarok	2011	Tp	719	725	NULL	725	0
Okresný súd Kežmarok	2011	U	329	100	NULL	86	800
Okresný súd Poprad	2011	C	236	261	412	273	221
Okresný súd Poprad	2011	Cb	272	285	368	273	249
Okresný súd Poprad	2011	Cpr	1200	150	100	50	1150
Okresný súd Poprad	2011	D	3178	3193	NULL	3270	1925
Okresný súd Poprad	2011	Er	10719	10302	NULL	10302	1191
Okresný súd Poprad	2011	Nt	875	750	NULL	750	250
Okresný súd Poprad	2011	P	493	460	722	429	257
Okresný súd Poprad	2011	PPOm	150	150	NULL	150	0
Okresný súd Poprad	2011	Ps	250	240	320	240	200
Okresný súd Poprad	2011	Ro	28500	25775	NULL	29375	16813
Okresný súd Poprad	2011	Rob	55000	55700	NULL	55600	17750
Okresný súd Poprad	2011	S	100	100	NULL	150	100
Okresný súd Poprad	2011	T	306	336	28	294	116
Okresný súd Poprad	2011	Tcud	100	100	NULL	100	0
Okresný súd Poprad	2011	Td	100	150	NULL	150	0
Okresný súd Poprad	2011	Tp	442	440	NULL	440	5
Okresný súd Poprad	2011	U	450	350	NULL	350	8300
Okresný súd Stará Ľubovňa	2011	C	2029	2231	2129	1871	1674
Okresný súd Stará Ľubovňa	2011	Cb	1165	1847	1800	1559	1206
Okresný súd Stará Ľubovňa	2011	Cbcud	25	25	NULL	25	6
Okresný súd Stará Ľubovňa	2011	Ccud	133	162	NULL	162	29
Okresný súd Stará Ľubovňa	2011	Cpr	24	3	NULL	3	21
Okresný súd Stará Ľubovňa	2011	D	2108	2088	12	2096	892
Okresný súd Stará Ľubovňa	2011	Dcud	30	40	NULL	40	0
Okresný súd Stará Ľubovňa	2011	Er	10517	10867	NULL	10867	864
Okresný súd Stará Ľubovňa	2011	Nt	118	145	NULL	136	45
Okresný súd Stará Ľubovňa	2011	P	1269	1131	889	1131	474
Okresný súd Stará Ľubovňa	2011	Pcud	133	133	NULL	133	0
Okresný súd Stará Ľubovňa	2011	PPOm	3	3	NULL	3	0
Okresný súd Stará Ľubovňa	2011	Ps	25	18	14	18	16
Okresný súd Stará Ľubovňa	2011	T	306	362	44	310	117
Okresný súd Stará Ľubovňa	2011	Tcud	22	33	NULL	33	0
Okresný súd Stará Ľubovňa	2011	Td	33	22	NULL	22	11
Okresný súd Stará Ľubovňa	2011	Tp	338	338	NULL	332	5
Okresný súd Stará Ľubovňa	2011	Ul	42	125	NULL	125	83
Okresný súd Svidník	2011	C	2445	1993	2864	1933	1607
Okresný súd Svidník	2011	Cb	1123	1108	1931	1200	954
Okresný súd Svidník	2011	Cbcud	29	14	NULL	14	14
Okresný súd Svidník	2011	Cbd	14	14	NULL	14	0
Okresný súd Svidník	2011	Ccud	477	469	NULL	469	46
Okresný súd Svidník	2011	Cd	85	85	NULL	85	0
Okresný súd Svidník	2011	Cpr	44	29	NULL	15	29
Okresný súd Svidník	2011	D	1044	1069	2	1072	315
Okresný súd Svidník	2011	Dcud	0	0	NULL	0	0
Okresný súd Svidník	2011	Dd	0	0	NULL	0	0
Okresný súd Svidník	2011	Ecud	71	71	NULL	71	0
Okresný súd Svidník	2011	Ed	129	129	NULL	129	0
Okresný súd Svidník	2011	Em	26	26	6	26	43
Okresný súd Svidník	2011	Er	15975	13975	NULL	13975	3203
Okresný súd Svidník	2011	Ercud	43	14	NULL	14	29
Okresný súd Svidník	2011	Erd	471	357	NULL	357	114
Okresný súd Svidník	2011	Nt	26	26	NULL	26	23
Okresný súd Svidník	2011	P	1880	1566	1289	1417	609
Okresný súd Svidník	2011	Pcud	14	43	NULL	43	0
Okresný súd Svidník	2011	Pd	200	100	NULL	100	100
Okresný súd Svidník	2011	Po	86	86	NULL	86	0
Okresný súd Svidník	2011	PPOm	5	5	NULL	5	0
Okresný súd Svidník	2011	Ps	74	66	60	57	23
Okresný súd Svidník	2011	Ro	4412	4280	NULL	4416	516
Okresný súd Svidník	2011	Rob	1400	1346	NULL	1408	223
Okresný súd Svidník	2011	S	3	0	NULL	0	3
Okresný súd Svidník	2011	T	318	324	29	321	109
Okresný súd Svidník	2011	Tcud	6	3	NULL	3	6
Okresný súd Svidník	2011	Td	3	3	NULL	3	0
Okresný súd Svidník	2011	Tp	100	104	NULL	104	29
Okresný súd Svidník	2011	U	29	0	NULL	0	86
Okresný súd Vranov n/T	2011	C	2014	1472	2127	1195	1591
Okresný súd Vranov n/T	2011	Cb	557	643	1280	693	383
Okresný súd Vranov n/T	2011	Cbd	14	43	NULL	43	0
Okresný súd Vranov n/T	2011	Ccud	614	386	NULL	386	229
Okresný súd Vranov n/T	2011	Cd	127	127	NULL	127	0
Okresný súd Vranov n/T	2011	Cpr	8	3	5	0	8
Okresný súd Vranov n/T	2011	D	3211	3207	4	3204	1329
Okresný súd Vranov n/T	2011	Er	11075	11875	NULL	11875	259
Okresný súd Vranov n/T	2011	Nt	110	97	NULL	97	83
Okresný súd Vranov n/T	2011	P	1005	857	1125	772	371
Okresný súd Vranov n/T	2011	Pcud	0	0	NULL	0	14
Okresný súd Vranov n/T	2011	Pd	86	86	NULL	86	0
Okresný súd Vranov n/T	2011	Po	529	657	NULL	657	43
Okresný súd Vranov n/T	2011	PPOm	43	43	NULL	43	0
Okresný súd Vranov n/T	2011	Ps	121	150	314	150	57
Okresný súd Vranov n/T	2011	S	12	12	5	7	7
Okresný súd Vranov n/T	2011	T	674	674	38	671	240
Okresný súd Vranov n/T	2011	Tcud	14	17	NULL	17	7
Okresný súd Vranov n/T	2011	Td	3	7	NULL	7	0
Okresný súd Vranov n/T	2011	Tp	593	595	NULL	595	0
Špecializovaný trestný súd	2011	Nt	1	1	NULL	0	1
Špecializovaný trestný súd	2011	Ntt	68	68	NULL	68	NULL
Špecializovaný trestný súd	2011	T	15	16	NULL	15	6
Špecializovaný trestný súd	2011	Tp	7	2	NULL	8	2
