Meno	posledný súd	IND_1	IND_2	IND_3	IND_4	IND_5	IND_6	IND_7	IND_8
JUDr. Ján Gallo	Okresný súd Rožňava	10	10	10	10	9	9	10	9
JUDr. Arpád Koreň	Okresný súd Rožňava	10	10	9	9	9	10	9	10
JUDr. Mária Vrtochová	Okresný súd Bánovce n/B	10	8	8	10	9	4	10	8
JUDr. Daniel Miženko	Okresný súd Galanta	9	7	9	9	9	8	9	9
JUDr. Eva Macúchová	Okresný súd Nové Mesto n/V	9	7	8	9	8	7	10	9
JUDr. Alžbeta Marková	Okresný súd Rimavská Sobota	9	4	8	10	8	10	10	9
Mgr. Zoltán Dusza	Okresný súd Rimavská Sobota	10	4	9	10	9	10	8	10
JUDr. Eva Dzúriková	Okresný súd Zvolen	9	4	8	8	8	8	10	10
JUDr. Slavomír Harmóci	Okresný súd Michalovce	9	6	9	8	9	9	7	10
JUDr. Anna Miklová	Okresný súd Nové Zámky	9	6	9	8	9	7	8	8
JUDr. Alica Gálová	Okresný súd Brezno	10	4	8	10	9	7	8	9
JUDr. Andrej Mitterpák	Okresný súd Košice I	9	8	9	3	9	8	9	9
JUDr. Silvio Boleček, PhD.	Okresný súd Brezno	9	4	8	9	9	6	9	9
JUDr. Stanislav Sojka, PhD.	Okresný súd Michalovce	9	9	9	8	8	10	5	10
Mgr. Kristína Ferencziová	Okresný súd Galanta	9	4	9	8	8	8	8	10
JUDr. Peter Mén	Okresný súd Košice okolie	8	9	8	5	8	6	9	9
JUDr., PhD. Mária Jamrišková	Okresný súd Martin	9	9	8	10	8	7	6	7
JUDr. Tatiana Kovácsová	Okresný súd Lučenec	10	6	9	10	9	4	7	6
JUDr. Monika Liptáková	Okresný súd Žilina	9	6	8	7	8	9	8	9
JUDr. Iveta Mihóková	Okresný súd Prešov	9	5	8	8	9	6	9	7
JUDr. Magdaléna Klimková	Okresný súd Humenné	9	5	8	9	8	8	8	7
Mgr. Adriana Dobiášová	Okresný súd Nitra	8	7	8	7	7	6	9	8
JUDr. Ján Lapšanský	Okresný súd Spišská Nová Ves	9	5	9	6	8	6	9	8
JUDr. Stanislav Galovič	Okresný súd Lučenec	10	5	9	10	9	4	7	6
JUDr. Michal Uhorskai	Okresný súd Revúca	9	6	9	7	9	8	7	8
JUDr. Milan Petričko	Okresný súd Trebišov	9	5	9	3	9	9	9	9
Mgr. Juraj Lukáč	Okresný súd Liptovský Mikuláš	10	1	6	10	5	9	10	10
Mgr. Ivana Šlesarová	Okresný súd Považská Bystrica	8	7	5	8	7	5	10	10
JUDr. Radoslav Rusnák	Okresný súd Spišská Nová Ves	9	5	9	5	9	8	8	9
JUDr. Sylvia Szabadošová	Okresný súd Prešov	8	5	8	8	6	6	9	8
Mgr. Katarína Šimková	Okresný súd Trenčín	7	7	7	7	6	7	9	10
JUDr. Marcela Malatká	Okresný súd Žilina	8	6	8	4	8	9	9	9
JUDr. Marek Šenkár	Okresný súd Žilina	7	7	8	1	8	9	10	10
JUDr. Mariana Ginelliová	Okresný súd Košice okolie	8	8	8	6	8	8	7	8
JUDr. Mária Ondrejová	Okresný súd Nitra	9	7	8	5	8	9	7	9
Mgr. Zuzana Bezáková	Okresný súd Nitra	9	5	9	8	8	6	6	10
JUDr. Zoltán Boros	Okresný súd Rimavská Sobota	10	5	8	9	9	4	7	6
JUDr. Eva Tóthová	Okresný súd Trenčín	8	8	8	5	9	5	8	7
JUDr. Vladimír Kotus	Okresný súd Košice II	9	5	7	10	8	9	6	8
JUDr. Alena Ondrejová	Okresný súd Rimavská Sobota	9	5	9	5	9	5	8	7
Mgr. Helena Silavecká	Okresný súd Skalica	8	6	8	6	8	8	7	10
JUDr. Renáta Šulajová	Okresný súd Lučenec	8	6	8	4	8	6	9	8
JUDr. Soňa Vacková	Okresný súd Nitra	9	7	6	9	8	6	7	7
Mgr. Marta Hrenčuková	Okresný súd Rožňava	9	5	9	8	8	8	5	10
JUDr. Lenka Saloková	Okresný súd Košice okolie	8	7	8	5	8	9	7	8
Mgr. Viera Petrová	Okresný súd Trebišov	8	5	7	6	7	9	8	10
Mgr. Anna Križanová	Okresný súd Nové Zámky	9	7	9	7	9	7	5	7
JUDr. Milan Gylánik	Okresný súd Čadca	9	7	9	6	9	8	5	8
JUDr. Adriana Považanová	Okresný súd Zvolen	9	5	8	8	9	5	7	6
Mgr. Eva Jombíková	Okresný súd Zvolen	8	4	8	9	6	7	7	9
Mgr. Katarína Janotová	Okresný súd Martin	8	6	7	7	7	8	7	10
JUDr. Viera Koscelanská	Okresný súd Nitra	7	10	5	4	7	7	9	9
JUDr. Vladimír Topoľančík	Okresný súd Ružomberok	8	6	8	7	8	6	7	7
JUDr. Ivan Šimek	Okresný súd Skalica	9	5	7	9	6	7	7	7
JUDr Peter Pulman	Okresný súd Banská Bystrica	10	5	9	10	9	0	7	0
JUDr. Ladislav Lóška	Okresný súd Lučenec	10	5	9	10	9	4	5	4
JUDr. Bohuslav Padrta	Mestský súd Bratislava II 	9	6	9	8	9	6	5	6
JUDr. Elena Lámerová	Okresný súd Brezno	9	6	8	8	8	3	7	5
JUDr. Milan Straka	Okresný súd Trenčín	8	9	8	5	8	7	6	7
JUDr. Andrej Chuda	Okresný súd Michalovce	9	6	9	5	9	9	5	9
JUDr. Antónia Salayová	Okresný súd Dunajská Streda	7	6	8	6	7	6	8	7
Mgr. Ľudovít Majerčík	Okresný súd Komárno	9	6	7	7	9	7	6	9
JUDr. Ivan Štepita	Okresný súd Ružomberok	9	5	8	6	9	6	7	7
JUDr. Helena Gajdošová	Okresný súd Trnava	9	6	8	5	9	3	8	6
JUDr. Andrea Gazdagová	Okresný súd Košice okolie	6	6	7	5	6	9	9	8
JUDr. Iveta Wildeová	Okresný súd Prešov	7	4	6	7	5	7	10	8
Mgr. Ingrid Steinsdorferová	Okresný súd Banská Bystrica	9	5	8	9	7	3	7	5
JUDr. Marián Manduch	Okresný súd Trenčín	8	8	9	5	9	2	7	5
Mgr. Miriam Kamenská	Okresný súd Banská Bystrica	8	5	7	7	6	8	7	10
JUDr. Ján Slovinský	Okresný súd Spišská Nová Ves	9	5	9	7	9	7	5	7
JUDr. Ivan Alman	Mestský súd Bratislava IV	8	7	9	4	9	4	7	6
JUDr. Eva Kiššová	Okresný súd Prievidza	6	8	8	4	7	9	7	8
JUDr. Erika Jóbová	Okresný súd Komárno	8	6	8	4	9	7	7	8
JUDr. Katarína Gašparová	Mestský súd Bratislava II 	8	7	8	7	8	2	7	5
Mgr. Iveta Bebejová	Okresný súd Dolný Kubín	9	5	8	8	9	2	7	4
JUDr. Eva Miklošková	Mestský súd Bratislava V	6	10	6	3	7	5	9	7
JUDr. Peter Bebej	Okresný súd Dolný Kubín	8	6	7	6	8	0	9	6
JUDr. Marián Sopoliga	Okresný súd Trebišov	9	5	9	4	9	5	7	6
JUDr. Gabriela Donnerová	Mestský súd Bratislava II 	7	5	7	6	6	5	9	7
JUDr. Milan Jurko	Okresný súd Trebišov	8	5	8	2	8	8	8	9
JUDr. Milina Jánošková	Okresný súd Trenčín	4	10	7	8	4	6	7	7
Ján Bodnár	Okresný súd Rimavská Sobota	9	6	9	5	9	4	6	6
JUDr. Mariana Philadelphyová	Okresný súd Zvolen	8	8	9	2	9	4	7	6
JUDr. Jana Třešková	Okresný súd Senica	8	7	8	4	8	2	8	6
JUDr. Viera Sláviková	Okresný súd Senica	8	7	8	8	8	8	4	7
JUDr. Roman Reištetter	Okresný súd Banská Bystrica	9	5	8	9	9	2	6	4
Mgr. Mária Sitárová	Okresný súd Nitra	8	5	8	8	7	5	6	7
JUDr. Zuzana Miklošová	Okresný súd Trebišov	9	5	8	8	7	7	5	7
JUDr. Eva Triznová	Okresný súd Lučenec	8	6	7	7	7	5	7	6
JUDr. Helena Menichová	Okresný súd Martin	8	6	8	6	7	7	6	7
JUDr.Ing. Mario Dubaň	Mestský súd Bratislava IV	6	5	7	7	4	7	8	9
Mgr. Iveta Sonderlichová	Okresný súd Košice okolie	9	7	9	6	9	6	4	6
JUDr. Zuzana Lohnertová	Mestský súd Bratislava III	9	4	7	10	6	0	8	3
JUDr. Mária Kováčiková	Okresný súd Banská Bystrica	8	4	7	9	5	6	7	6
JUDr. Miriam Penjaková	Okresný súd Ružomberok	9	5	8	7	8	7	5	7
JUDr. Dagmar Komadová	Okresný súd Veľký Krtíš	9	4	8	8	8	5	6	5
JUDr. Miroslav Baňacký	Okresný súd Košice okolie	8	8	8	4	8	8	5	8
JUDr. Noema Turanovičová	Okresný súd Prievidza	8	5	8	5	8	2	8	6
JUDr. Klaudia Šišková	Okresný súd Prievidza	2	8	7	3	4	8	10	9
JUDr. Martina Valentová	Okresný súd Trnava	7	9	8	1	8	7	7	7
Mgr. Miriam Manová	Okresný súd Bánovce n/B	9	7	8	6	8	5	5	6
JUDr. Eva Kovácsová	Okresný súd Nové Zámky	9	5	8	8	8	6	5	5
Mgr. Ivan Antal	Okresný súd Rimavská Sobota	9	5	9	6	9	5	5	6
JUDr. Vladimír Buchvald	Mestský súd Bratislava II 	8	7	9	4	8	7	5	7
JUDr. Miroslav Studenčan	Okresný súd Galanta	8	7	8	5	8	8	5	7
JUDr. Martin Baločko	Okresný súd Košice I	9	5	8	4	9	7	6	7
JUDr. Miriam Štillová	Okresný súd Martin	5	6	6	6	4	7	9	8
JUDr. Michal Antala	Okresný súd Trenčín	7	10	8	1	8	7	6	8
JUDr. Lenka Pavlovičová	Okresný súd Nové Mesto n/V	7	3	7	8	5	9	7	8
JUDr. Róbert Bebčák	Okresný súd Žilina	6	5	6	6	6	1	10	8
JUDr. Lenka Kováčová	Okresný súd Nitra	10	6	8	10	9	0	5	1
JUDr. Daniela Blažovská	Okresný súd Košice II	10	7	7	10	8	6	3	5
JUDr. Jana Veselá	Okresný súd Dolný Kubín	9	5	6	9	7	2	7	5
JUDr. Branislav Klukoš	Okresný súd Ružomberok	8	7	8	5	8	5	6	5
JUDr. Vincent Svoboda	Okresný súd Michalovce	7	7	7	5	7	5	7	7
JUDr. Alena Roštárová	Mestský súd Bratislava II 	5	6	7	5	6	4	9	7
JUDr. Andrea Gindlová	Okresný súd Žiar n/H	9	2	7	9	7	4	7	6
JUDr. Rastislav Varga	Okresný súd Prešov	9	7	9	6	9	5	4	4
Mgr. Jozef Nadzam	Okresný súd Trebišov	9	6	8	6	8	9	3	10
Mgr. Patrícia Železníkova	Mestský súd Bratislava I	6	8	7	3	7	2	8	9
JUDr. Eva Bieliková	Mestský súd Bratislava II 	7	4	6	8	5	8	7	8
JUDr. Andrea Vojteková-Fejérová	Okresný súd Nové Mesto n/V	6	3	5	7	4	9	9	9
JUDr. Gabriela Tučková	Okresný súd Žilina	8	8	8	7	7	6	4	5
Mgr. Jana Diškanová	Okresný súd Banská Bystrica	9	5	8	9	7	3	5	4
JUDr. Rastislav Plutinský	Okresný súd Dolný Kubín	8	7	7	7	7	3	6	5
JUDr. Daniela Rajňáková	Okresný súd Nové Zámky	8	4	7	9	6	8	5	7
JUDr. Beáta Schmidtová	Okresný súd Trenčín	7	10	8	3	8	6	5	6
JUDr. Helena Kuzmová	Okresný súd Trebišov	8	4	7	8	7	9	5	7
JUDr. Zuzana Pilátová	Okresný súd Žilina	8	7	8	4	8	9	4	9
JUDr. Milena Jakubíková	Okresný súd Levice	8	5	8	6	7	8	5	7
JUDr. Andrea Havírová	Okresný súd Vranov n/T	8	6	8	4	8	8	5	8
JUDr. Slavomír Cimerman	Okresný súd Veľký Krtíš	8	3	8	7	8	3	7	5
JUDr. Eva Herichová	Okresný súd Spišská Nová Ves	8	6	9	1	9	7	6	7
JUDr. Martina Brniaková	Okresný súd Žilina	6	5	6	6	5	4	9	7
JUDr. Vlastimil Valkovič	Okresný súd Topoľčany	9	4	8	9	7	6	4	6
Mgr. Peter Mezőszállási	Okresný súd Komárno	8	5	7	8	5	9	4	10
Mgr. Slavomíra Mlynarčíková	Okresný súd Liptovský Mikuláš	7	5	7	7	6	5	6	9
JUDr. Ľubica Farkašová	Okresný súd Nitra	8	8	7	4	9	7	5	6
JUDr. Iveta Žišková	Okresný súd Liptovský Mikuláš	7	6	7	5	7	5	7	6
Mgr. Marcela Kosová	Mestský súd Bratislava V	7	8	8	1	8	6	6	9
JUDr. Peter Štift	Mestský súd Bratislava II 	7	6	7	4	7	6	7	7
JUDr. Ľubica Nemcová	Okresný súd Košice okolie	9	5	7	10	4	7	4	6
JUDr. Ladislav Piros	Okresný súd Dunajská Streda	7	8	9	5	8	6	4	5
JUDr. Margaréta Hlaváčková	Okresný súd Košice I	8	10	8	3	9	3	5	4
JUDr. Pavlína Krajčírová	Okresný súd Piešťany	9	6	8	6	9	1	6	2
JUDr. Jana Dubivská	Okresný súd Bardejov	6	8	6	5	7	8	6	7
JUDr. Iveta Banghová	Okresný súd Komárno	6	6	8	5	6	7	6	7
JUDr. Iveta Halvoňová	Mestský súd Bratislava III	7	7	8	4	7	5	6	6
JUDr. Zuzana Korčeková	Mestský súd Bratislava II 	5	6	7	4	6	5	8	8
JUDr. Rastislav Dlugoš	Okresný súd Nové Mesto n/V	7	7	8	3	7	6	6	7
JUDr. Robert Šorl PhD.	Okresný súd Prievidza	3	10	7	0	6	8	8	9
JUDr. Andrej Matušovic	Okresný súd Žiar n/H	8	2	7	7	7	10	5	10
JUDr. Ivo Hlucháň	Okresný súd Považská Bystrica	9	5	9	8	9	2	4	3
JUDr. Janka Majerčíková	Okresný súd Ružomberok	8	6	8	7	8	0	6	3
JUDr. Ján Kozenko	Okresný súd Vranov n/T	4	8	7	6	2	7	7	7
JUDr. Marián Török	Okresný súd Revúca	9	5	9	6	9	7	3	6
JUDr. Denis Vékony	Okresný súd Trenčín	0	10	7	3	4	6	9	8
JUDr. Danica Veselovská	Okresný súd Malacky	9	4	8	6	8	3	6	4
JUDr. Blanka Malichová	Mestský súd Bratislava II 	7	10	3	5	7	3	8	6
JUDr. Daniela Linetová	Mestský súd Bratislava III	6	4	7	6	6	7	7	7
JUDr. Hedviga Pikalíková	Okresný súd Nové Mesto n/V	7	3	5	9	3	6	8	7
JUDr. Martin Ivan	Okresný súd Komárno	8	3	7	6	8	7	6	7
JUDr. Jana Dudíková	Okresný súd Košice okolie	5	4	6	6	4	6	9	7
Mgr. Renáta Krajčiová	Okresný súd Ružomberok	8	7	8	6	7	2	6	1
JUDr. Emília Horňáková	Okresný súd Senica	9	6	8	7	8	9	2	7
JUDr. Peter Philadelphy	Okresný súd Banská Bystrica	9	6	9	5	9	2	5	2
JUDr. Miroslav Číž	Okresný súd Považská Bystrica	9	5	8	7	8	3	5	3
JUDr. Alena Káčeriková	Okresný súd Martin	9	7	7	5	9	4	5	4
Zdenka Zamecová	Okresný súd Trnava	6	4	7	8	4	5	6	10
JUDr. Jozef Medveď	Okresný súd Martin	6	8	8	2	7	4	7	5
JUDr. Božena Sukupčáková	Okresný súd Senica	7	6	8	4	8	5	6	5
JUDr. Katarína Vorobelová	Okresný súd Prešov	6	4	7	6	5	4	8	6
Mgr. Nicola Kuzmiaková	Okresný súd Košice okolie	9	2	5	9	7	6	6	8
JUDr. Rastislav Kresl	Okresný súd Trnava	6	8	6	2	7	7	7	8
JUDr. Danka Lauková	Okresný súd Prievidza	2	5	6	3	4	9	10	9
Mgr. Ivana Dufalová	Mestský súd Bratislava III	6	2	7	4	8	3	9	8
JUDr. Miroslav Rybčák	Okresný súd Bardejov	8	7	9	5	9	6	3	5
JUDr. Janka Danková	Okresný súd Ružomberok	7	6	8	6	7	5	5	5
JUDr. Marián Mačura	Okresný súd Prešov	9	6	9	3	9	6	4	5
Mgr. Milan Varga	Okresný súd Veľký Krtíš	9	6	8	4	9	0	7	0
JUDr. Miroslav Novák	Okresný súd Vranov n/T	8	5	8	5	8	10	3	9
JUDr. Michaela Krajčová	Mestský súd Bratislava II 	5	5	6	6	5	5	8	7
JUDr. Ľuboslava Vanková	Okresný súd Trnava	7	3	6	8	3	4	8	6
JUDr. Monika Sitáriková	Okresný súd Bánovce n/B	8	1	7	7	8	7	6	7
Mgr. Miroslav Mazúch	Okresný súd Martin	6	6	7	3	6	8	6	10
JUDr. Mária Nagyová	Okresný súd Nové Zámky	8	7	8	7	7	6	3	5
Mgr. Monika Farkašová	Okresný súd Nitra	9	7	9	5	9	0	5	0
JUDr. Monika Bellová	Okresný súd Senica	8	5	7	8	7	9	3	7
JUDr. Róbert Jankovský	Okresný súd Považská Bystrica	5	7	7	5	5	7	6	7
JUDr. Renáta Topolčanská	Okresný súd Trenčín	4	8	8	3	6	7	6	7
Mgr. Alexandra Osadská	Okresný súd Nitra	8	6	8	3	9	9	3	10
JUDr. Silvia Šviderská	Okresný súd Vranov n/T	6	3	7	8	1	7	7	7
JUDr. Anna Pikulová	Okresný súd Banská Bystrica	5	7	5	5	4	9	7	8
Mgr. Dušan Ďurian	Okresný súd Partizánske	7	2	3	7	5	6	9	10
JUDr. Jana Berešová	Okresný súd Trebišov	8	3	5	4	8	9	7	8
JUDr. Zdenka Tomášková	Okresný súd Bardejov	9	7	9	6	9	6	2	3
JUDr. Myrtill Vojteková	Okresný súd Galanta	7	7	8	7	7	4	4	4
JUDr. Ján Petreás	Okresný súd Zvolen	3	10	7	4	5	7	6	6
JUDr. Gabriela Véghová	Okresný súd Galanta	8	6	8	6	8	2	5	3
JUDr. Ľuboš Baka	Okresný súd Levice	9	5	7	6	8	6	4	6
JUDr. Ivan Daňo	Okresný súd Humenné	8	6	8	3	9	5	5	5
JUDr. Dušan Kán	Okresný súd Košice II	7	10	8	0	8	8	4	7
JUDr. Andrea Zolotová	Okresný súd Vranov n/T	3	5	7	6	1	7	8	8
JUDr. Anna Kutišová	Okresný súd Považská Bystrica	5	5	6	5	4	6	8	7
JUDr. Erika Bebčáková	Okresný súd Žilina	7	6	7	3	8	8	5	8
JUDr. Branislav Gazdag	Okresný súd Košice I	9	6	7	7	8	6	3	5
JUDr. Zuzana Levkušová	Okresný súd Michalovce	8	5	7	8	6	8	3	7
Mgr. Ladislav Halla	Okresný súd Žilina	7	6	8	6	7	4	5	3
Mgr. Zuzana Bajlová	Okresný súd Liptovský Mikuláš	5	7	7	5	5	4	6	8
JUDr. Radoslav Svitana, PhD.	Okresný súd Bánovce n/B	1	10	5	3	3	9	8	9
JUDr. Tatiana Porubänová	Okresný súd Trenčín	6	9	6	3	7	5	6	6
JUDr. Marián Rošak	Okresný súd Martin	7	7	8	3	7	8	4	7
JUDr. Ladislav Bujňák	Okresný súd Trebišov	7	6	8	4	7	8	4	7
JUDr. Elena Petrusová	Okresný súd Veľký Krtíš	7	4	6	7	6	3	7	5
JUDr. Róbert Zsiga	Okresný súd Košice I	7	6	5	4	7	2	8	6
Mgr. Róbert Veterník	Okresný súd Martin	8	3	7	4	8	7	5	10
JUDr Ján Lokša	Okresný súd Košice II	6	7	6	1	7	7	7	8
JUDr. Anna Snopčoková	Okresný súd Zvolen	7	3	5	5	7	5	8	7
JUDr. Zdenka Mattielighová	Mestský súd Bratislava III	9	4	7	10	6	3	4	3
JUDr. Roman Benedikovič	Mestský súd Bratislava V	9	6	8	7	8	4	3	3
JUDr. Beáta Oreničová	Okresný súd Košice II	8	6	7	7	7	2	5	3
JUDr. Katarína Fakanová	Mestský súd Bratislava II 	6	5	8	6	7	5	5	5
Mgr. Alena Jančulová	Okresný súd Čadca	4	6	7	6	4	9	5	9
JUDr. Rastislav Stieranka	Okresný súd Dolný Kubín	9	4	7	8	8	0	6	0
JUDr. Eva Korbeľová	Okresný súd Banská Bystrica	9	5	8	5	9	4	4	4
JUDr. Milan Husťák	Okresný súd Košice I	7	10	8	1	8	6	4	5
JUDr. Bibiana Ťažiarová	Okresný súd Trnava	7	4	6	8	2	4	7	5
JUDr. Ivan Spurný	Okresný súd Žiar n/H	5	6	8	4	6	5	6	6
Mgr. Vojtech Chmelan	Okresný súd Prievidza	8	5	8	4	8	1	7	0
JUDr. Pavol Varečka	Okresný súd Nitra	8	7	6	3	8	7	5	6
JUDr. Katarína Šťastná	Okresný súd Spišská Nová Ves	6	4	7	5	5	8	6	7
JUDr. Dagmar Vaverčáková	Mestský súd Bratislava III	5	4	6	5	5	5	8	7
JUDr. Jozef Zlocha	Okresný súd Brezno	8	2	7	6	7	5	6	6
JUDr. Jozef Mikluš	Okresný súd Košice I	8	4	8	3	9	6	5	6
Mgr. Jarmila Bíliková	Okresný súd Skalica	6	10	7	3	7	6	4	6
JUDr. Helena Loduhová	Okresný súd Považská Bystrica	8	6	8	5	8	4	4	4
JUDr. Peter Banský	Okresný súd Zvolen	1	10	6	3	4	8	7	8
Mgr. Marek Anovčin	Okresný súd Bánovce n/B	4	10	6	2	6	3	7	7
Mgr. Stella Al Khufash	Okresný súd Senica	7	5	6	6	6	8	4	10
JUDr. Martin Baran	Okresný súd Prešov	5	4	6	6	5	3	8	6
JUDr. Ľuboš Vereš	Okresný súd Košice I	9	10	8	3	9	0	4	0
JUDr. Katarína Vachulíková	Okresný súd Nové Zámky	9	4	7	10	6	7	2	5
JUDr. Ján Šmrhola	Okresný súd Levice	9	5	8	7	8	10	0	9
JUDr. Peter Zachar	Okresný súd Rimavská Sobota	9	4	9	6	9	6	2	5
JUDr. Milan Růžička	Okresný súd Veľký Krtíš	8	6	7	5	8	0	6	2
JUDr. Marián Polaček	Okresný súd Prešov	8	6	8	3	8	8	3	7
JUDr. Katarína Zajacová	Okresný súd Prievidza	1	8	6	3	2	9	8	8
JUDr. Radoslav Baláž	Okresný súd Spišská Nová Ves	6	5	8	4	6	7	5	6
JUDr. Anna Klepáčová	Mestský súd Bratislava III	5	4	6	6	5	2	8	6
Mgr. Agáta Štefaničová	Okresný súd Michalovce	4	6	6	3	5	7	7	9
JUDr. Ján Miľko	Okresný súd Trebišov	5	5	6	4	6	9	6	8
JUDr. Jarmila Schromová	Okresný súd Prievidza	1	7	6	1	5	8	9	8
JUDr. Zuzana Bartalská	Mestský súd Bratislava V	6	6	6	3	6	5	7	6
JUDr. Iveta Gildeinová	Okresný súd Humenné	7	7	8	5	7	6	3	5
Marián Kusý	Okresný súd Trnava	9	6	9	3	9	3	4	1
JUDr. Igor Malý	Okresný súd Trnava	6	4	7	8	3	6	5	6
JUDr. Jarmila Jánošová	Okresný súd Banská Bystrica	4	7	7	4	5	3	7	5
JUDr. Darina Dobošová	Okresný súd Košice II	7	6	6	6	5	3	6	4
JUDr. Karol Posluch	Mestský súd Bratislava II 	7	8	8	3	8	4	4	4
JUDr. Igor Ragan	Okresný súd Michalovce	8	5	7	6	8	2	5	3
JUDr. Monika Kurjaková	Okresný súd Námestovo	8	5	7	6	8	5	4	4
JUDr. Renáta Audová	Okresný súd Senica	8	4	7	7	7	8	3	6
Mgr. Pavol Tomík	Mestský súd Bratislava I	8	9	8	0	9	1	6	0
JUDr. Marta Kamenská	Okresný súd Veľký Krtíš	8	4	6	8	5	4	5	5
JUDr. Jana Krnáčová	Okresný súd Zvolen	1	9	6	3	3	9	7	8
JUDr Soňa Mihaľáková	Okresný súd Košice II	7	7	7	4	7	4	5	4
JUDr. Eduard Valenčin	Okresný súd Prešov	6	4	5	7	4	5	7	6
JUDr. Oľga Nižňanská	Mestský súd Bratislava II 	5	3	6	6	5	3	8	6
Mgr. Eva Suchová	Mestský súd Bratislava IV	7	5	8	6	7	0	6	0
JUDr. Vladimír Donič	Okresný súd Humenné	8	5	8	6	7	6	3	4
JUDr. Ľudmila Hatalová	Mestský súd Bratislava III	7	9	7	5	7	5	3	4
JUDr. Alena Bieliková	Okresný súd Trenčín	4	10	6	3	6	4	6	5
JUDr. Renáta Sýkorová	Okresný súd Žilina	4	8	6	5	4	5	6	6
JUDr. Renáta Kňazúrová	Okresný súd Dolný Kubín	8	4	8	6	8	4	4	3
JUDr. Vladimír Varga	Okresný súd Humenné	9	3	8	7	9	9	1	7
JUDr. Zuzana Biščáková	Okresný súd Prešov	8	6	8	4	9	6	3	4
JUDr. Martina Koreňová	Okresný súd Rimavská Sobota	3	6	6	6	2	9	6	8
Mgr. Kristína Valková	Okresný súd Senica	8	4	7	7	7	9	2	8
JUDr. Marta Šašinková	Mestský súd Bratislava II 	6	6	6	5	6	7	5	6
JUDr. Ján Poprocký	Okresný súd Košice I	8	9	7	1	8	3	5	3
JUDr. Ružena Vašková	Okresný súd Vranov n/T	4	3	7	7	0	9	6	9
JUDr. Nora Vladová	Mestský súd Bratislava II 	6	7	7	2	7	7	5	6
JUDr. Katarína Krivulčíková	Okresný súd Považská Bystrica	5	5	6	5	4	5	7	6
JUDr. Vladimír Sopúch	Okresný súd Nitra	7	7	7	2	8	9	3	9
Mgr. Katarína Škultétyová	Mestský súd Bratislava I	3	6	5	4	4	5	8	9
JUDr. Eva Vargová	Okresný súd Trebišov	4	5	5	3	4	8	8	8
JUDr. Elena Šuríková	Okresný súd Nové Mesto n/V	7	10	6	6	5	2	4	3
JUDr. Ivan Pavlovič	Okresný súd Nové Mesto n/V	7	7	8	3	8	4	4	4
JUDr. Anna Majeriková	Okresný súd Žilina	5	6	6	6	3	2	7	5
JUDr. Ivana Jahnová	Mestský súd Bratislava V	5	4	6	7	2	7	6	7
JUDr. Magda Chudová	Okresný súd Michalovce	8	5	8	4	8	7	3	5
JUDr. Katarína Stanislavská	Okresný súd Trnava	8	6	7	3	8	3	5	4
JUDr. Martin Stretavský	Okresný súd Michalovce	8	7	8	0	9	6	4	5
JUDr. Ingrid Kalináková	Okresný súd Prešov	5	5	8	3	6	5	6	5
JUDr. Diana Vlčková	Okresný súd Prešov	5	5	5	6	4	5	7	6
JUDr. Vladislav Puškáš	Okresný súd Bardejov	6	2	5	8	3	8	6	8
JUDr. Petr Kaňa	Okresný súd Komárno	7	6	7	2	8	8	4	7
JUDr. Mária Čechovičová	Mestský súd Bratislava IV	9	2	3	8	8	5	6	6
JUDr. Andrea Gabrielová	Okresný súd Lučenec	5	4	6	3	6	7	7	7
JUDr. Oľga Csémyová	Okresný súd Dunajská Streda	7	7	7	7	5	8	2	5
JUDr. Margita Kovaľová	Okresný súd Námestovo	9	6	7	8	8	6	1	4
Mgr. Anna Móroczová	Okresný súd Dunajská Streda	9	7	8	5	9	6	1	4
Mgr. Jana Kosorínová	Okresný súd Levice	7	6	7	6	5	5	4	4
JUDr. Zdenko Švárny	Okresný súd Michalovce	8	5	7	7	7	5	3	4
JUDr. Štefan Tomáš	Okresný súd Žilina	8	7	8	4	8	10	0	9
JUDr. Vladimír Kozáčik	Okresný súd Žilina	3	8	6	5	3	3	7	5
JUDr. Marián Vorobel	Okresný súd Prešov	8	6	8	4	8	5	3	4
JUDr. Marián Sninský	Okresný súd Humenné	8	6	8	3	8	4	4	3
Mgr. Vlasta Huljaková	Okresný súd Banská Bystrica	3	9	6	2	5	4	7	6
JUDr. Boris Buľubaš	Okresný súd Skalica	9	2	5	10	3	7	4	6
JUDr. Zuzana Stolárová	Okresný súd Košice I	4	4	5	7	1	7	7	8
Mgr. Erika Dodulíková	Okresný súd Čadca	7	7	7	2	8	6	4	6
JUDr. Miroslava Štannerová	Mestský súd Bratislava V	4	4	7	4	5	5	7	6
JUDr. Monika Koščová	Okresný súd Trebišov	5	5	6	4	5	10	5	8
JUDr. Dana Macášková	Okresný súd Trnava	5	2	5	7	1	6	8	7
JUDr. Tatiana Buchvaldová	Mestský súd Bratislava III	6	5	8	6	8	8	2	6
JUDr. Miroslava Maláriková	Okresný súd Trnava	6	4	7	8	3	4	5	4
JUDr. Mária Hirjaková	Okresný súd Michalovce	7	4	7	7	6	7	3	6
Mgr. Daniela Pilarčíková	Okresný súd Námestovo	8	6	7	5	8	1	5	0
JUDr. Jana Fígerová	Mestský súd Bratislava IV	5	4	6	7	3	8	5	7
JUDr. Patrik Príbelský	Okresný súd Trnava	8	5	8	3	8	2	5	2
JUDr. Andrea Vyskočová	Okresný súd Trnava	7	3	6	8	4	5	5	5
JUDr. Dana Farkášová	Okresný súd Prešov	6	5	5	6	4	8	5	7
JUDr. Marta Rybárová	Okresný súd Trenčín	2	7	7	2	5	6	7	6
JUDr. Daniela Bergerová	Mestský súd Bratislava V	5	3	5	7	2	6	7	7
JUDr. Miroslav Toma	Okresný súd Žiar n/H	7	4	6	6	6	7	4	7
JUDr., PhD. Lenka Müllerová	Okresný súd Žilina	5	5	4	5	4	3	8	7
Mgr. Stanislava Miklánková	Okresný súd Nové Mesto n/V	1	4	4	5	0	10	9	10
JUDr. Viera Kukučková	Mestský súd Bratislava III	7	2	6	4	8	3	7	5
JUDr. Alica Gavalcová	Okresný súd Brezno	6	0	4	8	4	8	7	8
JUDr. Eva Bíróová	Okresný súd Dunajská Streda	4	9	7	6	4	4	4	4
JUDr. Zdenko Čaniga	Mestský súd Bratislava III	8	7	8	6	7	2	3	0
JUDr. Adriana Konkolovská	Okresný súd Komárno	8	4	8	7	7	6	2	4
JUDr. Ľubomír Bundzel st.	Okresný súd Trnava	9	6	8	4	9	0	4	0
JUDr. Peter Csank	Okresný súd Revúca	0	10	8	0	6	9	5	8
JUDr. Daniel Ilavský	Okresný súd Galanta	7	3	6	8	4	7	4	6
JUDr. Gabriela Panáková	Okresný súd Žilina	3	7	5	5	3	5	7	6
JUDr. Zdenka Kleimanová	Mestský súd Bratislava V	6	6	5	5	5	7	5	6
JUDr. Monika Jusková	Okresný súd Prešov	6	5	5	6	4	7	5	7
Mgr. Ivana Hanuščaková	Okresný súd Bardejov	4	4	5	6	3	5	7	8
JUDr. Magdaléna Balážová	Okresný súd Lučenec	5	6	6	3	5	6	6	6
JUDr. Peter Kvietok	Okresný súd Revúca	0	10	4	0	1	9	9	9
JUDr. Blažena Fedorková	Okresný súd Spišská Nová Ves	4	4	5	5	4	7	7	7
JUDr. Eva Schweitzerová	Okresný súd Galanta	6	5	5	3	6	7	6	7
JUDr. Nadežda Tomanicová	Mestský súd Bratislava IV	7	6	8	6	7	0	4	1
Mgr Jana Koščová	Okresný súd Košice II	8	6	7	7	7	0	4	0
JUDr. Ľubomíra Krchníková	Okresný súd Pezinok	7	5	6	9	2	4	4	4
JUDr. Ján Šulaj	Okresný súd Lučenec	7	6	7	6	7	2	4	2
JUDr. Ama Odalošová	Okresný súd Banská Bystrica	4	5	7	4	5	4	6	6
Mgr. Janette Nôtová	Okresný súd Zvolen	7	6	7	4	7	3	5	1
JUDr. Natália Kolláriková	Mestský súd Bratislava V	6	2	4	8	3	10	5	9
JUDr. Marek Čech	Okresný súd Prešov	8	5	7	1	8	4	5	5
Mgr. Daniela Pristášová	Okresný súd Michalovce	4	5	5	4	5	2	8	6
Mgr. Marián Degma	Mestský súd Bratislava III	4	5	3	3	4	7	8	10
Mgr. Zuzana Hartelová	Okresný súd Námestovo	4	4	3	3	5	8	8	10
JUDr. Ľubica Novotná	Mestský súd Bratislava II 	6	9	7	4	7	1	4	2
JUDr. Jozefína Králová	Mestský súd Bratislava IV	7	5	8	6	7	6	2	4
JUDr. Štefan Ťažký	Okresný súd Kežmarok	8	4	7	8	6	8	1	6
JUDr. Libuša Záthurecká	Okresný súd Banská Bystrica	4	7	7	4	4	5	5	5
JUDr. Gabriela Kyseľová	Okresný súd Námestovo	6	7	7	4	7	1	5	2
JUDr. Beata Gešvantnerová	Okresný súd Prievidza	3	7	6	5	2	8	5	7
Mgr. Eva Strašková	Okresný súd Veľký Krtíš	9	4	7	5	8	0	5	0
JUDr. Katarína Holečková	Okresný súd Banská Bystrica	7	4	6	6	5	4	5	4
JUDr. Vladimír Červeňák	Okresný súd Michalovce	7	4	5	7	5	9	3	8
JUDr. Drahomír Mrva	Okresný súd Žilina	4	6	6	4	3	6	6	6
JUDr. Ida Takáčová	Mestský súd Bratislava IV	6	5	4	6	4	8	5	7
Mgr. Miloš Kolek	Okresný súd Prešov	5	4	5	6	4	3	7	5
JUDr. Július Tóth	Okresný súd Košice I	7	5	4	5	7	6	5	6
JUDr. Ľudmila Škvaridlová	Okresný súd Prievidza	1	5	5	3	3	9	8	8
Mgr. Alena Čakváriová	Mestský súd Bratislava II 	7	6	7	6	7	4	3	2
JUDr. Karol Krochta	Okresný súd Bardejov	6	10	7	1	8	2	4	3
JUDr. Viera Lamprechtová	Mestský súd Bratislava III	4	6	6	5	4	6	5	6
Mgr. Rudolf Novotný	Okresný súd Dunajská Streda	5	9	8	3	7	3	4	0
JUDr. Veronika Húšťová	Okresný súd Martin	7	10	6	3	7	8	1	7
JUDr. Pavel Varga	Okresný súd Košice I	7	6	5	6	6	5	4	4
JUDr. Ladislav Vašut	Okresný súd Považská Bystrica	5	6	7	4	5	0	7	0
JUDr. Róbert Matulák	Okresný súd Prievidza	2	8	6	3	3	9	5	8
JUDr. Miriam Kohútová, PhD.	Okresný súd Prievidza	1	8	6	3	2	8	6	8
Mgr. Anna Križáková	Mestský súd Bratislava V	5	5	7	4	5	7	4	7
JUDr. Martin Smolko	Okresný súd Trnava	8	6	7	3	8	8	2	5
JUDr. Mária Gazdačková	Okresný súd Martin	4	5	5	5	3	4	7	6
JUDr. Gabriel Štefanič	Okresný súd Michalovce	5	6	6	2	6	7	5	7
JUDr. Martina Balegová	Okresný súd Levice	4	4	4	5	2	8	7	8
JUDr. Roland Kemény	Mestský súd Bratislava I	6	8	5	0	7	7	5	7
JUDr. Iveta Záleská	Okresný súd Trenčín	5	6	0	5	4	5	9	7
JUDr. Peter Heinrich	Okresný súd Nitra	5	8	7	6	6	4	3	2
JUDr. G.Tomčovčíková Šandalová	Okresný súd Košice II	7	6	7	6	7	0	4	1
JUDr. Igor Valent	Okresný súd Žiar n/H	5	7	7	4	6	7	3	5
JUDr. Gabriela Sobolovská	Mestský súd Bratislava II 	6	5	7	5	7	6	3	5
JUDr. Michaela Pacherová	Mestský súd Bratislava II 	4	6	7	4	6	1	6	3
JUDr. Jozef Pribula	Okresný súd Košice okolie	6	2	4	10	0	10	4	9
JUDr. Boris Brondoš	Okresný súd Košice I	3	4	5	6	1	9	6	8
JUDr. Mária Malíková	Okresný súd Nitra	5	4	5	6	5	7	5	6
JUDr. Božena Michaláčová	Okresný súd Skalica	6	2	5	8	1	8	5	7
Mgr. Zita Leimbergerová	Mestský súd Bratislava V	4	3	4	7	0	9	6	10
JUDr. Ján Jamrich	Mestský súd Bratislava I	7	7	6	0	8	7	4	6
JUDr. Eva Kerecmanová	Okresný súd Košice okolie	2	3	5	5	0	8	8	8
JUDr. Monika Balážová	Okresný súd Spišská Nová Ves	4	9	4	0	7	7	6	7
JUDr. Alena Ernestová	Okresný súd Spišská Nová Ves	1	5	5	3	3	7	8	8
JUDr. Eva Matulayová, PhD.	Okresný súd Partizánske	7	0	3	6	6	4	8	6
JUDr. Klaudia Talašová	Mestský súd Bratislava V	7	2	2	4	7	5	8	7
JUDr. Iveta Willantová	Mestský súd Bratislava V	8	5	8	5	8	4	2	2
Mgr. Pamela Záleská	Okresný súd Nitra	8	7	8	2	8	4	3	0
Mgr. Miloš Greguš	Okresný súd Košice I	5	4	5	8	2	5	5	6
JUDr. Viera Kumová	Okresný súd Trenčín	0	10	5	2	2	6	7	7
JUDr. Anna Moravová	Mestský súd Bratislava III	5	5	6	5	5	7	4	6
JUDr. Silvia Walterová	Mestský súd Bratislava IV	6	3	6	7	3	7	4	6
JUDr. Jarmila Kasanová	Okresný súd Žiar n/H	3	6	7	3	5	6	5	6
Mgr. Daniela Mamráková	Mestský súd Bratislava IV	5	2	5	8	2	5	6	6
JUDr. Ľubica Bundzelová	Okresný súd Galanta	6	2	5	8	2	7	5	6
JUDr. Pavol Bielik	Okresný súd Prievidza	7	5	7	3	7	0	6	0
JUDr. Miriam Repáková	Mestský súd Bratislava III	7	4	7	3	9	7	3	5
Mgr. Anna Vargová	Okresný súd Prešov	4	4	5	5	4	6	6	7
JUDr. Ľubomír Hudák	Okresný súd Malacky	8	2	5	6	8	6	4	5
JUDr. Eva Cvengová	Okresný súd Brezno	8	0	4	8	7	8	4	7
Mgr. Silvia Tisová	Okresný súd Žilina	5	10	7	4	6	4	3	0
JUDr. Jana Halušková	Okresný súd Liptovský Mikuláš	2	6	8	5	6	2	5	3
JUDr. Milan Vaľuš	Okresný súd Vranov n/T	7	6	7	6	6	0	4	0
JUDr. Marianna Hosťovecká	Okresný súd Galanta	6	5	6	7	5	3	4	3
JUDr. Ľuboš Szigeti	Okresný súd Galanta	7	6	7	4	8	6	2	4
Mgr. Júlia Stuhlmann – Podobová	Okresný súd Považská Bystrica	4	7	6	4	3	5	5	5
JUDr. Roman Farkaš	Mestský súd Bratislava II 	6	8	8	2	7	6	2	4
JUDr Andrea Galdunová	Okresný súd Košice II	5	6	6	4	6	3	5	4
Mgr. Magdaléna Šmidtová	Okresný súd Martin	4	5	6	5	5	3	6	3
Mgr. Adriana Halajová	Okresný súd Nitra	3	6	5	5	3	5	6	6
JUDr. Anna Trnková	Okresný súd Nitra	7	7	6	3	7	6	3	4
JUDr. Pavel Rohárik	Okresný súd Banská Bystrica	4	4	5	5	3	6	6	7
JUDr. Martina Petríková	Okresný súd Levice	6	10	0	4	6	8	5	7
JUDr. Zuzana Kučerová	Mestský súd Bratislava I	2	5	5	3	4	6	7	8
JUDr. Ľubica Chmelanová	Okresný súd Prievidza	1	4	4	4	2	9	8	8
JUDr. Roman Fitt	Mestský súd Bratislava III	8	7	8	2	8	2	3	0
JUDr. Milan Trylč	Okresný súd Senica	8	7	7	3	9	6	1	4
JUDr. Slavomír Ivanecký	Okresný súd Bardejov	5	4	7	5	5	5	4	5
Mgr. Andrej Kekely	Okresný súd Žilina	0	7	4	4	1	5	8	8
JUDr. Daniela Baranová	Okresný súd Prešov	7	2	4	7	5	2	6	5
JUDr. Mária Blahovská	Okresný súd Spišská Nová Ves	3	5	5	3	4	5	7	6
JUDr. Alena Šišková	Okresný súd Topoľčany	10	0	1	10	8	7	4	6
JUDr. Helena Dudzíková	Okresný súd Topoľčany	8	4	8	8	7	5	0	3
JUDr. Zuzana Matyiová	Okresný súd Košice okolie	6	5	6	8	1	8	2	6
JUDr. Mária Képessyová	Okresný súd Dunajská Streda	6	7	8	3	7	5	2	3
JUDr. Alica Vörösová	Okresný súd Dunajská Streda	4	6	6	6	3	8	3	6
JUDr. Eva Šišková	Okresný súd Nitra	4	7	6	5	5	4	4	4
Mgr. Martin Štubniak	Okresný súd Námestovo	5	8	6	3	6	3	5	0
JUDr. Beáta Javorková	Okresný súd Piešťany	7	6	7	4	8	0	4	0
JUDr. Gabriel Slobodník	Okresný súd Banská Bystrica	3	5	6	5	2	4	6	5
JUDr. Mária Filová	Mestský súd Bratislava V	6	3	6	7	3	8	3	6
JUDr. Adriana Pytliaková Dr.	Okresný súd Čadca	5	9	6	1	7	4	4	4
JUDr. Júlia Henteková	Okresný súd Komárno	5	4	6	6	3	9	3	7
JUDr. Nora Zátopková	Okresný súd Martin	5	4	7	5	6	0	6	0
Mgr. Alica Žingorová	Okresný súd Rimavská Sobota	6	4	6	6	4	7	3	6
JUDr. Lenka Halmešová	Okresný súd Topoľčany	4	4	6	6	3	5	5	5
JUDr. Jozef Korduliak	Okresný súd Čadca	7	6	7	3	8	8	1	6
JUDr. Beata Farkašová	Mestský súd Bratislava III	4	4	7	4	6	4	5	4
JUDr. Alena Švehlová	Okresný súd Liptovský Mikuláš	6	7	7	2	7	5	3	4
JUDr. Martin Kopina	Okresný súd Vranov n/T	4	1	6	7	2	8	5	7
JUDr. Andrea Krišková	Mestský súd Bratislava III	7	3	6	3	8	3	5	4
JUDr. Mária Zbyňovcová	Mestský súd Bratislava III	3	3	4	5	3	7	7	7
Mgr. Marián Hatala	Okresný súd Nové Zámky	1	4	4	2	3	8	8	10
Mgr. Andrea Kubjatková	Okresný súd Čadca	2	7	7	6	2	7	3	6
Attila Csaba	Okresný súd Komárno	4	7	7	5	3	10	1	8
JUDr. Janka Pravotiaková	Okresný súd Košice I	9	5	6	8	8	6	0	2
JUDr. Klaudia Kosková	Okresný súd Zvolen	1	10	6	3	2	8	4	6
JUDr. Dagmar Buchalová	Mestský súd Bratislava II 	7	4	8	6	8	0	3	0
JUDr. Andrea Kralovičová	Okresný súd Malacky	4	5	6	5	3	7	4	6
Ľuboš Chrenko	Okresný súd Topoľčany	3	4	6	6	3	8	4	7
JUDr Michal Polák	Okresný súd Košice II	6	7	7	3	7	6	2	4
JUDr. Gabriela Brišková	Okresný súd Liptovský Mikuláš	3	5	5	5	2	2	7	5
JUDr. Andrej Stachovič	Okresný súd Nové Mesto n/V	1	5	5	5	0	9	6	8
Mgr. Alena Paveleková	Okresný súd Prešov	5	4	5	6	3	2	6	4
JUDr. Tatiana Sabadošová	Okresný súd Michalovce	4	4	5	3	5	3	7	5
JUDr. Jarmila Dušáková	Okresný súd Rožňava	0	2	8	2	7	8	6	7
JUDr. Stanislav Vojtko	Okresný súd Michalovce	3	9	7	2	5	4	4	3
Mgr. Jana Benkovičová	Okresný súd Nitra	3	7	6	5	4	7	3	6
JUDr. Eduard Szabo	Okresný súd Partizánske	3	5	6	4	5	5	5	5
JUDr. Lenka Protznerová	Okresný súd Košice I	2	4	4	6	0	6	7	7
Mgr. Zuzana Čisovská	Okresný súd Košice I	2	4	4	6	0	7	6	10
JUDr. Júlia Weiserová	Okresný súd Spišská Nová Ves	1	6	7	1	4	9	5	7
JUDr. Igor Škultéty	Mestský súd Bratislava V	6	5	6	0	8	7	4	6
JUDr. Agnesa Hvastová	Okresný súd Rožňava	0	2	8	2	6	5	7	6
JUDr. Božena Brinčíková	Okresný súd Partizánske	4	5	5	1	7	5	6	6
JUDr. Andrej Kubinský	Okresný súd Kežmarok	5	5	7	7	4	8	1	5
JUDr. Dušan Pagáč	Okresný súd Martin	7	7	7	5	7	4	1	2
JUDr. Jana Hanzlíková	Okresný súd Trnava	6	4	7	7	4	3	3	2
JUDr. Monika Školníková	Mestský súd Bratislava II 	4	6	6	3	5	6	4	5
JUDr. Ľubica Balalová	Okresný súd Trenčín	0	9	5	1	3	7	6	7
JUDr. Alena Miková	Okresný súd Košice II	4	5	5	4	5	2	6	4
JUDr. Mária Cifrová	Okresný súd Lučenec	5	4	6	4	5	6	4	5
JUDr. Zuzana Kudlovská	Okresný súd Košice I	5	2	3	8	1	8	5	8
JUDr. Branislav Lečko	Okresný súd Žilina	0	3	3	4	0	5	10	8
JUDr. Martin Kollár	Okresný súd Zvolen	7	7	9	2	8	0	2	0
Mgr. Erika Szalaiová	Okresný súd Dunajská Streda	1	7	6	4	1	8	4	8
JUDr. Magdaléna Korčáková	Okresný súd Košice I	6	5	6	5	7	6	2	4
JUDr. Paulína Pacherová	Mestský súd Bratislava II 	6	4	6	5	6	5	3	4
JUDr Janka Túryová	Okresný súd Košice II	7	5	6	3	7	7	2	5
JUDr. Eva Straková	Okresný súd Prešov	5	4	5	5	4	4	5	4
JUDr. Marta Melicherčíková	Okresný súd Košice I	2	4	3	6	0	7	7	7
JUDr. Juraj Szököl	Okresný súd Lučenec	5	3	6	3	6	7	4	6
JUDr. Ľubov Vargová	Okresný súd Vranov n/T	2	2	5	5	2	8	6	8
Mgr. Patricia Skotnická	Mestský súd Bratislava I	0	4	2	2	1	6	10	10
Mgr. Katarína Katková	Okresný súd Lučenec	5	2	4	2	6	9	5	10
JUDr. Jana Scholtzová	Okresný súd Žilina	1	8	5	4	1	3	6	5
JUDr. Margita Žilková	Okresný súd Rimavská Sobota	1	5	6	5	0	10	4	8
JUDr. David Lindtner	Okresný súd Pezinok	6	6	8	1	8	9	0	7
JUDr. Roman Majerský	Okresný súd Pezinok	0	5	3	4	1	3	9	7
JUDr. Eva Franková	Okresný súd Trebišov	5	3	5	4	5	5	5	5
JUDr. Edita Kušnírová	Okresný súd Rožňava	0	2	6	2	4	5	8	7
JUDr. Silvia Gandelová	Mestský súd Bratislava III	3	2	3	4	3	5	8	7
JUDr. Marcela Gandelová	Mestský súd Bratislava II 	0	3	2	3	0	8	10	8
Mgr. Peter Sivák	Okresný súd Humenné	7	5	7	7	6	0	2	0
JUDr. Ivana Dančová	Mestský súd Bratislava II 	4	7	7	4	5	5	2	4
JUDr Dagmar Aradská	Okresný súd Komárno	0	9	6	3	2	7	4	6
JUDr. Milan Staněk	Mestský súd Bratislava II 	3	5	6	5	4	2	5	3
JUDr. Peter Šuťák	Okresný súd Prešov	8	5	8	2	9	2	2	0
Mgr. Denisa Mesárošová	Okresný súd Nitra	5	6	7	3	6	4	3	2
Mgr. Miroslava Šúleková	Okresný súd Topoľčany	8	4	7	4	8	0	3	0
JUDr. Agáta Burkušová	Okresný súd Košice II	5	6	5	4	5	4	4	3
JUDr. Kamila Haverlová	Okresný súd Žiar n/H	4	5	6	4	4	5	4	4
Mgr. Miroslav Lehoczký	Okresný súd Malacky	6	4	5	2	7	4	5	3
Mgr. Raul Pospíšil	Mestský súd Bratislava II 	0	8	5	4	1	7	4	9
JUDr. Mariana Podbehlá	Okresný súd Nitra	2	7	5	5	3	5	4	5
JUDr. Patrícia Miskolczyová	Okresný súd Košice I	3	5	5	6	1	7	4	5
Mgr. Lucia Vícenová	Okresný súd Pezinok	0	9	4	3	1	7	5	8
JUDr. Blažena Szpyrcová	Okresný súd Košice I	2	5	5	5	1	6	5	6
JUDr. Martin Žovinec	Okresný súd Trnava	8	4	7	2	8	4	2	3
JUDr. Darina Puklušová	Okresný súd Spišská Nová Ves	0	6	5	2	2	8	6	7
JUDr. Ivan Bartek	Mestský súd Bratislava III	7	2	5	5	7	0	5	2
Mgr. Viera Milatová, PhD.	Mestský súd Bratislava V	1	3	4	5	0	8	6	10
JUDr. Erika Borovská	Okresný súd Kežmarok	6	1	2	9	0	10	4	8
JUDr. Andrea Kondllová	Okresný súd Piešťany	1	8	4	0	4	7	6	7
JUDr. Peter Lukáč	Okresný súd Žiar n/H	6	4	5	3	6	5	4	4
Mgr. Zdenka Saraková	Okresný súd Bardejov	0	3	3	4	0	7	8	10
JUDr. František Čisovský	Okresný súd Košice II	5	1	4	5	5	4	6	5
JUDr. Barbara Plaskurová	Okresný súd Nové Mesto n/V	2	3	3	4	3	7	7	7
JUDr. Ľubica Cambelová	Okresný súd Levice	0	4	2	3	0	8	9	8
JUDr. Marie Mészárosová	Okresný súd Dunajská Streda	4	9	7	6	3	6	0	3
JUDr. Ľubica Adamčíková	Okresný súd Košice okolie	5	6	7	6	3	8	0	5
Marián Mokoš	Okresný súd Topoľčany	3	6	7	6	3	1	4	0
JUDr. Jana Kurucová	Okresný súd Humenné	9	4	6	7	8	1	1	0
JUDr. Alica Ružbárska	Mestský súd Bratislava II 	6	5	6	5	6	7	1	4
JUDr. Jana Coboriová	Okresný súd Nitra	6	6	6	4	7	4	2	2
Mgr. Adela Unčovská	Mestský súd Bratislava I	0	9	4	2	0	6	6	7
JUDr. Miriam Srogončíková	Okresný súd Námestovo	6	5	5	4	6	2	4	2
Mgr. Matilda Bodnáriková	Okresný súd Michalovce	4	3	5	3	6	7	4	7
JUDr. Ondrej Krajčo	Mestský súd Bratislava IV	5	2	0	7	3	2	8	6
JUDr. Barbora Štefanová	Okresný súd Partizánske	2	0	4	4	2	6	8	7
JUDr. Mário Karaffa	Okresný súd Galanta	6	3	6	7	4	5	2	3
Mgr. Eva Marčeková	Okresný súd Martin	5	6	7	3	5	3	3	1
JUDr. Eva Farkašová	Okresný súd Prešov	6	4	7	5	5	1	3	1
JUDr. Zlata Mrázova	Mestský súd Bratislava II 	1	6	6	3	3	5	5	4
JUDr. Eva Šajmovičová	Mestský súd Bratislava V	6	2	5	8	3	7	2	5
JUDr. Beáta Svediaková	Okresný súd Žilina	1	7	4	4	1	4	6	5
JUDr. Renáta Nemčeková PhD.	Mestský súd Bratislava V	5	2	5	7	3	9	2	7
JUDr. Juraj Lehotský	Okresný súd Zvolen	2	5	5	3	4	6	5	5
JUDr. Eva Mészárosová	Mestský súd Bratislava V	4	2	3	7	1	10	4	8
Mgr. Andrea Szombathová-Poláková	Okresný súd Nitra	3	3	3	5	2	6	6	7
JUDr. Viera Dubovinská	Okresný súd Spišská Nová Ves	0	5	4	2	1	7	7	8
JUDr. Jozef Engel	Okresný súd Humenné	7	5	7	7	6	0	1	0
JUDr. Mária Husárová	Okresný súd Spišská Nová Ves	5	7	7	4	6	4	1	2
JUDr. Silvia Minková	Okresný súd Zvolen	2	9	6	3	3	9	1	7
Mgr. Bohuš Hruška	Okresný súd Zvolen	1	9	6	3	3	8	2	6
JUDr. Lea Švrčeková	Okresný súd Košice okolie	3	4	6	6	0	10	2	7
JUDr. Miroslav Jagnešák	Okresný súd Námestovo	6	6	6	4	7	0	3	0
JUDr. Milan Hupka	Mestský súd Bratislava II 	3	6	5	4	5	4	4	3
JUDr. Monika Kublová	Okresný súd Nitra	8	6	6	3	8	6	0	3
JUDr. Jarmila Centková	Okresný súd Košice I	2	4	4	6	0	7	5	6
JUDr. Miroslav Račko	Okresný súd Lučenec	5	4	6	4	5	2	4	2
JUDr. Stanislav Dutko	Mestský súd Bratislava I	6	8	6	0	8	3	3	0
JUDr. Judita Knociková	Okresný súd Trenčín	0	8	4	1	1	7	6	7
JUDr. Božena Richtáriková	Mestský súd Bratislava III	6	2	6	4	7	2	4	2
JUDr. Mária Žáková	Okresný súd Košice I	1	4	4	4	2	3	7	6
JUDr. Anna Kašajová	Mestský súd Bratislava I	4	0	0	3	5	6	9	8
JUDr. Naďa Pethöová	Okresný súd Galanta	6	2	5	8	2	9	1	6
JUDr. Rastislav Pella	Okresný súd Košice II	4	6	4	5	4	3	4	3
JUDr. Stanislava Semanová	Okresný súd Spišská Nová Ves	0	5	5	2	2	6	6	7
JUDr. Gabriela Fuchsová	Okresný súd Trebišov	3	3	3	4	4	5	6	6
Mgr. Milena Fegyesová	Okresný súd Žiar n/H	4	3	3	4	4	8	4	9
Mgr. Richard Golis	Okresný súd Čadca	0	3	2	4	0	6	8	10
JUDr. Eliška Wagshalová	Okresný súd Prešov	2	0	0	7	0	9	8	9
Mgr. Dalibor Miľan	Okresný súd Zvolen	1	10	6	3	3	2	4	0
JUDr. Tibor Šulák	Okresný súd Komárno	8	7	8	0	9	0	1	0
JUDr. Ján Kováč	Okresný súd Nitra	7	3	6	7	5	4	1	2
JUDr. Peter Rajňák	Okresný súd Pezinok	5	2	4	6	4	5	4	4
JUDr. Monika Blahutiaková	Mestský súd Bratislava V	0	3	3	4	0	8	7	8
JUDr. Mária Jačeková Sziegel	Okresný súd Dunajská Streda	3	7	6	6	2	6	1	4
JUDr. Erika Lengyelová	Okresný súd Dunajská Streda	3	6	6	5	2	6	2	4
JUDr. Miroslav Krištofík	Okresný súd Galanta	7	4	7	6	6	4	0	1
JUDr. Valéria Černegová	Okresný súd Humenné	7	4	5	8	2	5	1	2
JUDr. Karmelita Horváthová	Okresný súd Trnava	5	4	6	7	2	4	2	2
JUDr. Alena Martinusová	Mestský súd Bratislava V	5	4	6	6	4	8	0	6
JUDr. Ivan Roháč	Okresný súd Humenné	7	6	8	2	8	4	0	0
JUDr. Marek Kotora	Okresný súd Michalovce	4	5	5	4	5	7	2	5
JUDr. Katarína Rusňáková	Mestský súd Bratislava V	4	1	3	7	1	9	4	7
JUDr. Zuzana Mališová	Mestský súd Bratislava I	0	5	2	3	2	3	8	7
JUDr. Mária Krausová	Okresný súd Topoľčany	8	4	7	4	8	0	1	0
JUDr. Pavol Tomáš	Okresný súd Banská Bystrica	4	5	6	4	5	5	2	3
JUDr. Edita Pavková	Okresný súd Trebišov	4	5	6	3	5	6	2	4
JUDr. Eva Uličná	Okresný súd Liptovský Mikuláš	2	4	4	5	1	5	5	5
Mgr. Maroš Fekete	Mestský súd Bratislava III	6	2	6	4	8	3	3	0
JUDr. Beata Bizoňová	Mestský súd Bratislava I	0	4	3	3	3	2	8	5
JUDr. Marek Koščo	Okresný súd Humenné	7	4	6	8	5	3	0	0
JUDr. Martin Lopuch, PhD.	Okresný súd Michalovce	6	6	5	3	7	0	3	0
Mgr. Peter Garaj	Okresný súd Nové Zámky	0	7	6	1	4	7	3	7
JUDr. Zuzana Bálintová	Okresný súd Zvolen	0	6	4	3	2	6	5	6
JUDr. Denisa Novotná Mlinárcsik	Okresný súd Košice I	4	3	4	5	3	2	5	3
JUDr. Zuzana Doricová	Mestský súd Bratislava I	2	4	4	3	3	3	6	4
JUDr. Viera Sandtnerová	Mestský súd Bratislava V	0	3	3	4	0	6	7	7
Mgr. Ľudmila Ostrolucká	Okresný súd Zvolen	0	10	5	3	2	7	2	5
JUDr. Juraj Šteffel	Okresný súd Kežmarok	6	2	3	9	0	9	1	7
JUDr. Ladislav Gábor	Okresný súd Košice I	4	6	4	4	5	6	2	4
JUDr. Dagmar Mlejová	Okresný súd Košice okolie	2	3	3	7	0	5	5	5
JUDr. Jaroslav Kanderka	Okresný súd Prešov	1	9	1	2	3	4	6	5
JUDr. Ivan Ďalak	Okresný súd Rimavská Sobota	1	2	3	5	0	10	5	8
JUDr. Emília Szullová	Mestský súd Bratislava I	0	5	0	1	0	7	9	8
JUDr. Silvia Lipovská	Okresný súd Trnava	5	6	6	4	5	6	0	3
Mgr. Vanda Mikulášová	Okresný súd Námestovo	7	5	6	5	7	3	0	0
JUDr. Ondrej Kekeňák, PhD.	Okresný súd Brezno	4	2	6	6	4	9	0	7
JUDr. Anna Slovinská	Okresný súd Spišská Nová Ves	1	6	6	2	4	6	3	4
JUDr. Adriana Dulovičová	Okresný súd Rimavská Sobota	0	4	5	4	0	8	4	7
JUDr. Dana Šiffalovičová	Mestský súd Bratislava IV	1	5	4	3	3	7	4	6
JUDr. Eva Čipková	Okresný súd Rimavská Sobota	0	3	4	4	0	9	5	7
JUDr. Jana Tamašiová	Mestský súd Bratislava V	1	9	5	3	2	8	1	6
JUDr. Patrik Števík	Mestský súd Bratislava II 	3	6	5	4	4	5	2	3
JUDr. Gabriela Dúbravková	Okresný súd Žilina	2	6	5	4	2	0	5	0
JUDr. Rastislav Jakubovič	Okresný súd Galanta	5	2	4	8	1	6	2	4
Mgr. Dagmar Snopeková	Okresný súd Topoľčany	4	3	5	6	1	2	4	1
JUDr. Iveta Sýkorová	Okresný súd Žilina	0	7	3	4	0	2	6	4
JUDr Katarína Jusková	Okresný súd Košice II	5	6	4	3	6	5	2	2
JUDr. Gertrúda Rennerová	Okresný súd Levice	1	4	5	3	2	7	4	5
Mgr. Kamil Petrovič	Okresný súd Košice II	2	4	2	4	2	4	6	5
JUDr. Katarína Podhorcová	Okresný súd Liptovský Mikuláš	3	4	3	1	5	6	5	5
Mgr. Edita Klapáčová	Okresný súd Košice I	4	6	5	4	4	1	3	0
JUDr. Viera Kvetková	Okresný súd Rimavská Sobota	0	5	5	5	0	9	2	8
JUDr. Katarína Janečková	Okresný súd Rožňava	0	5	7	2	6	6	2	5
JUDr. Monika Géciová	Okresný súd Košice II	4	4	4	4	5	1	4	2
JUDr. Martin Kopšo	Mestský súd Bratislava IV	3	8	5	4	4	7	0	3
JUDr. Anna Lisá	Okresný súd Humenné	6	4	6	7	4	3	0	0
JUDr. Adriana Szaniszlová	Okresný súd Košice II	5	5	6	3	7	0	2	0
Mgr. Kornélia Harcsová	Okresný súd Nové Zámky	0	5	5	2	3	8	3	7
JUDr. Iveta Farkašovská	Okresný súd Rožňava	0	2	7	2	5	7	3	6
JUDr. Tibor Gál	Okresný súd Brezno	5	0	3	7	3	6	3	5
JUDr. Miroslav Rudinský	Okresný súd Malacky	10	0	0	10	0	4	3	3
Mgr. Viera Kováčová	Okresný súd Levice	1	3	1	5	0	8	5	10
JUDr. Andrea Sedlačková	Okresný súd Pezinok	0	1	0	5	0	0	10	7
JUDr. Tomáš Novák	Okresný súd Prešov	5	3	3	0	8	6	4	4
Mgr. Gizela Pavelová	Okresný súd Košice I	4	6	5	6	3	4	1	0
JUDr. Erika Némethová Stiffelová	Mestský súd Bratislava V	4	1	2	7	0	9	3	7
JUDr. Slávka Petrovičová	Okresný súd Košice II	2	4	3	4	3	2	5	3
JUDr. Tatiana Poláková	Mestský súd Bratislava IV	3	1	3	6	0	4	5	4
JUDr. Martin Kolesár	Okresný súd Košice II	1	4	2	4	2	6	5	5
JUDr. Miroslav Dobrík	Okresný súd Martin	4	5	6	4	4	0	2	0
JUDr. Iveta Puškášová	Okresný súd Košice okolie	1	4	5	5	0	8	2	5
JUDr. Milan Mitterpák	Okresný súd Michalovce	2	4	4	3	3	6	3	5
JUDr. Miron Čiževský	Okresný súd Košice I	6	1	1	5	6	1	5	2
JUDr. Marián Kurinec	Mestský súd Bratislava III	4	5	5	4	4	7	0	3
Mgr. Ivana Heinrichová	Okresný súd Nitra	3	4	5	5	4	4	2	0
JUDr. Dana Káčerová	Mestský súd Bratislava I	0	5	4	2	3	0	6	2
JUDr. Jana Gargulová	Okresný súd Spišská Nová Ves	0	5	4	2	1	7	4	5
JUDr. Marián Tengely	Okresný súd Rožňava	0	3	2	2	0	5	7	6
JUDr. Oľga Mičietová	Okresný súd Košice II	2	5	4	4	3	3	3	2
JUDr. Juraj Mihál	Mestský súd Bratislava I	4	9	3	0	6	1	3	0
Mgr. Nina Kollárová	Mestský súd Bratislava I	0	4	0	3	0	10	5	10
JUDr. Ildikó Vekrbauerová	Okresný súd Košice I	5	2	1	4	5	0	6	0
JUDr. Ivana Jaďuďová	Okresný súd Komárno	0	9	6	3	2	6	0	3
JUDr. Zuzana Gajerová	Okresný súd Pezinok	2	5	4	5	2	3	3	0
JUDr. Slávka Zborovjanová	Okresný súd Košice II	3	5	4	4	4	1	3	0
Mgr. Ivica Blecharžová	Mestský súd Bratislava V	0	6	2	4	0	10	2	9
JUDr. Sandra Veľká	Okresný súd Košice I	0	5	3	4	0	8	3	6
JUDr. Miriam Pintová	Okresný súd Levice	0	5	4	2	0	8	3	7
JUDr. Arpád Pastorek	Okresný súd Levice	0	4	3	4	0	9	3	7
JUDr. Jana Kovalčíková	Okresný súd Zvolen	0	9	6	2	3	6	0	3
JUDr. Iveta Slebodníková	Okresný súd Košice I	2	4	4	6	0	7	1	5
JUDr Ladislav Hreňo	Okresný súd Košice II	10	3	0	10	2	4	0	0
JUDr. Oľga Tatranská	Okresný súd Košice okolie	0	2	3	6	0	3	5	4
JUDr. Marta Barková	Mestský súd Bratislava I	3	5	0	2	5	3	5	4
JUDr. Rastislav Sikorjak	Okresný súd Prešov	0	2	0	2	0	8	7	8
JUDr. Dušan Krč-Šebera	Okresný súd Komárno	0	6	5	3	0	8	1	6
JUDr. Marián Jančovič	Mestský súd Bratislava IV	3	2	4	7	0	2	3	1
JUDr. Vladimíra Slobodová	Okresný súd Piešťany	1	3	4	5	0	3	4	2
JUDr. Viera Kováčová	Okresný súd Košice II	3	5	4	4	4	2	2	0
JUDr. Alena Blašková	Okresný súd Partizánske	2	0	4	6	0	4	4	2
Mgr. Katarína Arnouldová	Okresný súd Piešťany	0	4	1	2	0	5	6	6
JUDr. Anna Plichtíková	Okresný súd Čadca	0	6	6	5	2	3	1	0
JUDr. Andrea Hrneková	Mestský súd Bratislava I	0	9	1	2	0	7	3	5
JUDr. Marta Ďumbalová	Okresný súd Trnava	4	0	3	7	1	3	3	2
JUDr. Pavol Biroš	Okresný súd Košice II	5	0	0	5	4	5	4	4
JUDr. Laura Žideková	Okresný súd Čadca	0	0	0	4	0	6	7	7
JUDr. Mária Červenáková	Okresný súd Levice	3	0	1	3	4	5	5	5
JUDr. Andrej Lukáč	Okresný súd Humenné	4	4	6	4	4	2	0	0
JUDr. Ján Skalický	Okresný súd Pezinok	2	0	3	4	3	4	4	4
JUDr Janka Mičková	Okresný súd Košice II	3	5	3	3	4	0	3	0
JUDr Viera Obermanová	Okresný súd Košice II	2	4	4	3	3	6	1	4
JUDr. Janka Butašová	Okresný súd Skalica	0	2	0	5	0	4	6	5
JUDr. Eva Tulejová	Mestský súd Bratislava I	0	3	0	2	1	3	7	5
JUDr. Viera Sládečková	Mestský súd Bratislava III	2	2	3	4	3	4	3	2
JUDr. Bohuslav Majerníček	Okresný súd Kežmarok	2	4	5	3	3	6	0	3
JUDr. Zuzana Rigáňová	Mestský súd Bratislava IV	4	0	1	8	0	2	4	0
JUDr. Martina Melníková	Okresný súd Vranov n/T	9	0	0	9	7	2	0	0
JUDr Marta Raábová	Okresný súd Košice II	4	1	2	5	4	5	2	2
JUDr. Petra Priečinská	Okresný súd Pezinok	0	0	0	4	0	0	9	0
JUDr. Marcel Kirnág	Okresný súd Bardejov	1	3	4	5	1	5	1	3
JUDr. Eva Szárazová	Okresný súd Nové Zámky	0	5	4	2	1	7	1	5
JUDr. Eva Behranová	Okresný súd Malacky	0	3	0	5	0	3	5	4
JUDr. Gabriela Buľubašová	Mestský súd Bratislava I	0	6	0	1	0	7	4	6
JUDr. Mária Ondriašová	Mestský súd Bratislava I	0	6	0	1	0	7	4	6
JUDr. Zuzana Moťovská Dobošová	Mestský súd Bratislava I	0	3	0	2	0	7	5	6
JUDr. Jana Štepániková	Mestský súd Bratislava II 	0	4	3	4	2	2	3	1
JUDr. Viera Hadrbulcová	Mestský súd Bratislava I	0	3	0	2	1	0	7	3
JUDr. Agneša Néveryová	Okresný súd Komárno	0	7	5	3	0	5	0	1
Mgr. Daniela Drnáková	Mestský súd Bratislava I	1	4	0	1	5	0	6	0
JUDr. Mária Ilgová	Okresný súd Martin	3	3	4	4	4	0	1	0
JUDr. Branislav Král	Mestský súd Bratislava I	0	1	0	3	2	0	7	2
Mgr. Andrea Hadnagyová	Okresný súd Piešťany	0	1	0	3	0	6	5	6
Mgr. Viera Betáková	Okresný súd Nové Zámky	0	5	4	2	3	6	1	0
Mgr. Andrea Tomašovičová	Okresný súd Trnava	3	0	0	6	1	5	3	3
Mgr Gabriel Frankovič	Okresný súd Košice II	2	0	0	3	2	6	4	5
JUDr. Jana Tvrdá	Okresný súd Piešťany	0	1	0	1	0	5	6	6
JUDr. Renáta Mihalíková	Okresný súd Piešťany	0	4	0	2	0	5	4	5
JUDr. Michaela Štiglicová	Okresný súd Pezinok	0	3	0	4	0	3	4	3
JUDr. Lucia Chrapková  Ph.D.	Okresný súd Piešťany	0	1	0	3	0	6	4	6
JUDr. Otília Belavá	Mestský súd Bratislava I	0	2	0	2	0	3	5	4
JUDr. Anna Hozáková	Okresný súd Čadca	1	6	2	4	0	2	1	0
Mgr. Dušan Chamula	Okresný súd Žilina	0	5	2	2	0	2	3	0
JUDr. Ivona Hrčeková	Mestský súd Bratislava I	0	4	0	1	0	7	3	5
JUDr. Kristína Lakotová	Okresný súd Malacky	2	0	0	3	3	5	3	4
JUDr. Marcela Dolníková Žabková	Okresný súd Žilina	2	1	0	4	3	0	4	0
JUDr. Ján Rybárik	Okresný súd Žilina	0	4	2	5	0	0	2	0
JUDr. Mária Špániková	Okresný súd Pezinok	0	2	0	4	0	0	5	0
JUDr. Ingrid Daxner	Okresný súd Pezinok	0	0	0	2	0	0	7	0
JUDr. Iveta Jenčová	Okresný súd Kežmarok	0	0	0	5	0	7	2	5
Mgr. Ján Stanček	Okresný súd Pezinok	0	3	0	2	1	4	3	3
JUDr. Radovan Groman	Mestský súd Bratislava I	0	5	0	2	0	5	2	2
JUDr. Tatiana Redenkovičová	Mestský súd Bratislava IV	0	0	0	0	0	5	5	4
JUDr. Vojtech Ševčík	Okresný súd Žiar n/H	0	3	2	3	0	5	1	1
JUDr. Jarmila Jurkovičová	Mestský súd Bratislava IV	2	0	0	6	0	3	2	1
JUDr. Katarína Ondrejáková	Okresný súd Malacky	0	1	0	3	0	4	3	3
JUDr. Otília Doláková	Mestský súd Bratislava I	0	3	0	2	1	4	2	2
JUDr. Helena Hausleitnerová	Mestský súd Bratislava I	0	2	0	1	0	3	3	2
JUDr. Róbert Záhorák	Okresný súd Nové Zámky	0	3	2	2	1	4	0	0
Mgr. Vladimír Zimányi	Okresný súd Piešťany	0	1	0	0	0	6	3	1
JUDr. Monika Sitariková	Okresný súd Bánovce n/B	N/A	N/A	N/A	N/A	N/A	6	10	8
JUDr. Eva Benčová	Okresný súd Banská Bystrica	N/A	N/A	N/A	N/A	N/A	N/A	N/A	N/A
JUDr. Marián Blaha	Okresný súd Banská Bystrica	N/A	N/A	N/A	N/A	N/A	0	10	7
JUDr. Richard Bejda	Okresný súd Banská Bystrica	N/A	N/A	N/A	N/A	N/A	0	7	0
JUDr. Eva Fulcová	Mestský súd Bratislava I	N/A	N/A	2	0	N/A	N/A	N/A	N/A
JUDr. Dáša Kontríková	Mestský súd Bratislava I	N/A	N/A	N/A	N/A	N/A	3	8	6
JUDr. Jeannette Hajdinová	Mestský súd Bratislava I	N/A	N/A	0	3	N/A	N/A	N/A	N/A
JUDr. Katarína Bartalská	Mestský súd Bratislava I	N/A	N/A	N/A	10	N/A	N/A	N/A	N/A
JUDr. Michal Valent	Mestský súd Bratislava I	N/A	N/A	3	10	N/A	N/A	N/A	N/A
JUDr. René Milták	Mestský súd Bratislava I	N/A	N/A	0	10	N/A	N/A	N/A	N/A
JUDr. Richard Molnár	Mestský súd Bratislava I	N/A	N/A	N/A	N/A	N/A	N/A	N/A	N/A
JUDr. Viera Marková	Mestský súd Bratislava I	N/A	N/A	N/A	N/A	N/A	N/A	N/A	N/A
Mgr.Mgr. Miriam Plavčáková	Mestský súd Bratislava I	N/A	N/A	N/A	0	N/A	N/A	N/A	N/A
Daniela Terenová	Mestský súd Bratislava II 	9	9	10	N/A	10	4	5	4
JUDr. Alena Svetlovská	Mestský súd Bratislava II 	N/A	N/A	N/A	N/A	N/A	N/A	N/A	N/A
JUDr. Ayše Kovačev	Mestský súd Bratislava II 	N/A	N/A	N/A	N/A	N/A	N/A	N/A	N/A
JUDr. Hana Posluchová	Mestský súd Bratislava II 	N/A	N/A	N/A	N/A	N/A	7	6	7
JUDr. Ivana Štiftová	Mestský súd Bratislava II 	N/A	N/A	N/A	N/A	N/A	0	5	2
JUDr. Ľubica Krišková	Mestský súd Bratislava II 	N/A	N/A	N/A	N/A	N/A	0	7	1
JUDr. Michaela Frimmelová	Mestský súd Bratislava II 	N/A	N/A	N/A	N/A	N/A	3	5	4
Marta Murgašová	Mestský súd Bratislava II 	N/A	N/A	N/A	N/A	N/A	N/A	N/A	N/A
JUDr. Dáša Onuferová	Mestský súd Bratislava III	N/A	N/A	N/A	N/A	N/A	2	5	3
JUDr. Tomáš Michálek	Mestský súd Bratislava III	N/A	N/A	N/A	0	N/A	1	8	5
Mgr. Ingrid Degmová-Pospíšilová	Mestský súd Bratislava III	N/A	N/A	0	7	N/A	3	7	6
Mgr. Ivana Fekete	Mestský súd Bratislava III	N/A	N/A	N/A	N/A	N/A	N/A	N/A	N/A
JUDr. Daniela Kotrecová	Mestský súd Bratislava IV	N/A	N/A	N/A	N/A	N/A	0	3	0
JUDr. Helena Kožíková	Mestský súd Bratislava IV	N/A	N/A	N/A	0	N/A	4	3	3
JUDr. Jana Grendárová	Mestský súd Bratislava IV	8	9	10	N/A	10	0	5	0
JUDr. Michal Kubiš	Mestský súd Bratislava IV	N/A	N/A	0	7	N/A	N/A	N/A	N/A
Mgr. Štefan Zelenák	Mestský súd Bratislava IV	N/A	N/A	N/A	N/A	N/A	N/A	N/A	N/A
JUDr. Dušan Srogončík	Mestský súd Bratislava V	N/A	N/A	N/A	N/A	N/A	0	5	0
JUDr. René Štepánik	Mestský súd Bratislava V	N/A	N/A	5	0	N/A	2	7	5
JUDr. Viera Ulacká	Mestský súd Bratislava V	8	N/A	8	0	9	3	5	2
Mgr. Martina Hrušovská	Mestský súd Bratislava V	8	N/A	6	0	9	2	4	0
Mgr. Renáta Janáková	Mestský súd Bratislava V	N/A	N/A	N/A	N/A	N/A	N/A	N/A	N/A
JUDr. Anna Hýseková	Okresný súd Brezno	N/A	N/A	0	1	N/A	N/A	N/A	N/A
JUDr. Mário Šulej	Okresný súd Brezno	10	6	9	N/A	9	10	9	10
JUDr. Renáta Deáková	Okresný súd Brezno	N/A	N/A	N/A	N/A	N/A	8	2	6
Mgr. Jaroslav Gallo	Okresný súd Brezno	N/A	N/A	N/A	N/A	N/A	0	0	0
JUDr. Jana Vargová	Okresný súd Čadca	N/A	N/A	N/A	N/A	N/A	N/A	N/A	N/A
JUDr. Kajetán Kičura	Okresný súd Čadca	N/A	N/A	N/A	N/A	N/A	4	4	4
JUDr. Ľubomíra Krišťáková	Okresný súd Čadca	N/A	N/A	N/A	10	N/A	N/A	N/A	N/A
Mgr. Zlatica Vysocká	Okresný súd Čadca	N/A	N/A	N/A	N/A	N/A	5	3	0
JUDr. Blažena Stašíková	Okresný súd Dolný Kubín	10	10	10	N/A	10	1	5	2
Mgr. Andrea Novotná	Okresný súd Dolný Kubín	N/A	N/A	N/A	N/A	N/A	0	2	0
JUDr. Július Urban	Okresný súd Dunajská Streda	N/A	N/A	N/A	N/A	N/A	0	2	0
JUDr. Lenka Evinová	Okresný súd Dunajská Streda	N/A	N/A	N/A	10	N/A	N/A	N/A	N/A
JUDr. Eva Foltánová	Okresný súd Galanta	10	10	10	N/A	10	8	4	7
JUDr. Martin Holič	Okresný súd Galanta	N/A	N/A	10	N/A	N/A	6	5	6
JUDr. Zuzana Singerová	Okresný súd Galanta	N/A	N/A	N/A	N/A	N/A	N/A	N/A	N/A
JUDr. Ján Kislík	Okresný súd Humenné	N/A	N/A	N/A	N/A	N/A	2	5	3
JUDr Štefan Ťažký	Okresný súd Kežmarok	N/A	N/A	N/A	N/A	N/A	7	3	5
JUDr. Richard Bureš	Okresný súd Kežmarok	10	N/A	10	N/A	10	9	4	9
JUDr. Oľga Kováčová	Okresný súd Komárno	N/A	N/A	0	10	N/A	N/A	N/A	N/A
JUDr. Adriana Murínová	Okresný súd Košice I	N/A	N/A	N/A	3	N/A	N/A	N/A	N/A
JUDr. Alena Mazúrová	Okresný súd Košice I	10	2	10	N/A	10	5	3	4
JUDr. Dana Bystrianská	Okresný súd Košice I	N/A	N/A	N/A	N/A	N/A	3	3	2
JUDr. Emília Guľová	Okresný súd Košice I	N/A	N/A	N/A	N/A	N/A	N/A	N/A	N/A
JUDr. Lýdia Lučivjanská	Okresný súd Košice I	N/A	N/A	0	2	N/A	7	6	7
JUDr. Radoslav Lacko	Okresný súd Košice I	N/A	N/A	N/A	N/A	N/A	N/A	N/A	N/A
JUDr. Slávka Garančovská	Okresný súd Košice I	N/A	N/A	N/A	N/A	N/A	5	1	2
JUDr. Svetlana Šupová	Okresný súd Košice I	N/A	N/A	N/A	0	N/A	N/A	N/A	N/A
JUDr Pavol Karas	Okresný súd Košice II	10	N/A	0	10	2	4	2	2
JUDr Soňa Gašková	Okresný súd Košice II	N/A	N/A	8	N/A	N/A	N/A	N/A	N/A
JUDr. Adrián Pažúr	Okresný súd Košice II	N/A	N/A	N/A	0	N/A	0	4	1
Mgr. Angelika Sopoligova	Okresný súd Košice okolie	N/A	N/A	N/A	N/A	N/A	8	6	9
Mgr. Angelika Sopoligová	Okresný súd Košice okolie	10	N/A	10	N/A	10	6	7	8
JUDr. Štefan Precechtel	Okresný súd Levice	N/A	N/A	7	9	N/A	N/A	N/A	N/A
Mgr. Magdaléna Andreánska	Okresný súd Liptovský Mikuláš	N/A	N/A	N/A	N/A	N/A	3	1	0
JUDr. Katarína Červenková	Okresný súd Lučenec	N/A	N/A	0	2	N/A	N/A	N/A	N/A
JUDr. Kristina Glezgová	Okresný súd Lučenec	N/A	N/A	7	7	N/A	7	5	6
Mgr. Jozef Trizna	Okresný súd Lučenec	N/A	N/A	N/A	N/A	N/A	7	7	9
JUDr. Jana Ocelková	Okresný súd Malacky	N/A	N/A	N/A	N/A	N/A	N/A	N/A	N/A
JUDr. Nadežda Wallnerová	Okresný súd Malacky	N/A	N/A	N/A	N/A	N/A	9	5	8
JUDr. Michaela Brašková	Okresný súd Martin	N/A	N/A	0	10	N/A	N/A	N/A	N/A
JUDr. Roman Tichý	Okresný súd Martin	9	N/A	7	6	9	4	5	4
JUDr. Milan Antal	Okresný súd Námestovo	N/A	N/A	N/A	10	N/A	N/A	N/A	N/A
JUDr. Denisa Šaligová	Okresný súd Nitra	N/A	N/A	N/A	N/A	N/A	7	0	4
JUDr. Eduard HEINRICH	Okresný súd Nitra	N/A	N/A	N/A	N/A	N/A	N/A	N/A	N/A
JUDr. Oliver Kolenčík	Okresný súd Nitra	N/A	N/A	N/A	5	N/A	N/A	N/A	N/A
Mgr. Božena Csibrányiová	Okresný súd Nitra	N/A	N/A	N/A	N/A	N/A	6	8	8
Mgr. Ivan Kubínyi	Okresný súd Nové Mesto n/V	10	5	10	N/A	10	9	9	10
JUDr. Cecília Melišková	Okresný súd Nové Zámky	9	6	10	N/A	10	6	6	7
JUDr. Diana Cviková	Okresný súd Nové Zámky	9	6	9	N/A	10	4	10	8
JUDr. Jozef Kanás	Okresný súd Nové Zámky	N/A	N/A	N/A	N/A	N/A	N/A	N/A	N/A
JUDr. Jozef Škvára	Okresný súd Nové Zámky	N/A	N/A	N/A	N/A	N/A	5	5	5
JUDr. Vladimír Tamaškovič	Okresný súd Nové Zámky	N/A	N/A	5	10	N/A	N/A	N/A	N/A
Mgr. Michal Vigaš	Okresný súd Partizánske	N/A	N/A	0	5	N/A	N/A	N/A	N/A
JUDr. Mária Trubanová, PhD	Okresný súd Pezinok	N/A	N/A	N/A	N/A	N/A	6	7	6
JUDr. Michaela Králová	Okresný súd Pezinok	10	1	10	N/A	10	2	6	3
JUDr. Peter Šamko	Okresný súd Pezinok	10	6	10	N/A	10	10	0	10
JUDr. Jana Jarošová	Okresný súd Piešťany	N/A	N/A	N/A	N/A	N/A	4	8	6
JUDr. Lucia Chrapková	Okresný súd Piešťany	N/A	N/A	N/A	N/A	N/A	N/A	N/A	N/A
JUDr. Ondrej Kekeňák	Okresný súd Piešťany	N/A	N/A	N/A	N/A	N/A	8	6	7
JUDr. Alexandra Kolcunová	Okresný súd Poprad	N/A	N/A	N/A	N/A	N/A	3	5	4
JUDr. Dagmar Soliarová	Okresný súd Poprad	N/A	N/A	N/A	N/A	N/A	3	7	5
JUDr. František Zelený	Okresný súd Poprad	N/A	N/A	N/A	N/A	N/A	0	8	4
JUDr. Marek Kohút	Okresný súd Poprad	N/A	N/A	N/A	N/A	N/A	0	5	1
JUDr. Mária Kubusová	Okresný súd Poprad	N/A	N/A	N/A	N/A	N/A	0	1	0
JUDr. Mária Petrušková	Okresný súd Poprad	N/A	N/A	N/A	N/A	N/A	7	5	7
JUDr. Marián Furman	Okresný súd Poprad	N/A	N/A	N/A	N/A	N/A	2	8	6
JUDr. Mariana Gavalierová	Okresný súd Poprad	N/A	N/A	N/A	N/A	N/A	6	3	4
JUDr. Markéta Marečková	Okresný súd Poprad	N/A	N/A	N/A	N/A	N/A	0	5	0
JUDr. Miroslav Radačovský	Okresný súd Poprad	N/A	N/A	N/A	N/A	N/A	5	5	5
JUDr. Monika Šabľová	Okresný súd Poprad	N/A	N/A	N/A	N/A	N/A	10	6	8
JUDr. Pavol Roth	Okresný súd Poprad	N/A	N/A	N/A	N/A	N/A	N/A	N/A	N/A
JUDr. Peter Koman	Okresný súd Poprad	N/A	N/A	N/A	N/A	N/A	0	2	0
JUDr. Peter Kuruc	Okresný súd Poprad	N/A	N/A	N/A	N/A	N/A	0	5	0
JUDr. Vladimír Hric	Okresný súd Poprad	N/A	N/A	N/A	N/A	N/A	N/A	N/A	N/A
Mgr. Mária Pajerchinová Dr.	Okresný súd Poprad	N/A	N/A	N/A	N/A	N/A	0	2	0
JUDr. Ľubica Bajzová	Okresný súd Považská Bystrica	N/A	N/A	N/A	N/A	N/A	8	10	9
Mgr. Silvia Kysucká	Okresný súd Považská Bystrica	N/A	N/A	N/A	10	N/A	N/A	N/A	N/A
JUDr. Beáta Šuťaková	Okresný súd Prešov	10	N/A	10	N/A	10	6	7	7
JUDr. Daniela Babinová	Okresný súd Prešov	10	N/A	10	N/A	10	2	6	4
JUDr. Marek Bujňák	Okresný súd Prešov	N/A	N/A	N/A	8	N/A	N/A	N/A	N/A
JUDr. Monika Tobiašová	Okresný súd Prešov	N/A	N/A	N/A	N/A	N/A	3	2	2
JUDr. Štefan Tomašovský	Okresný súd Prešov	N/A	N/A	N/A	N/A	N/A	N/A	N/A	N/A
JUDr. Viera Guregová	Okresný súd Prešov	N/A	N/A	N/A	N/A	N/A	1	8	5
JUDr. Viera Kandriková	Okresný súd Prešov	10	N/A	10	N/A	10	5	10	9
JUDr. Miriam Kohútová	Okresný súd Prievidza	N/A	N/A	N/A	N/A	N/A	8	5	7
JUDr. Oľga Balážová	Okresný súd Prievidza	N/A	N/A	N/A	N/A	N/A	9	3	7
JUDr. Valéria Píšová	Okresný súd Prievidza	N/A	N/A	N/A	N/A	N/A	9	3	8
Mgr. Katarína Juračková	Okresný súd Prievidza	N/A	N/A	N/A	N/A	N/A	3	6	3
JUDr. Erik Varga	Okresný súd Rimavská Sobota	N/A	N/A	N/A	N/A	N/A	5	2	3
JUDr. Eva Kecseyová	Okresný súd Rožňava	N/A	N/A	N/A	N/A	N/A	N/A	N/A	N/A
JUDr. Viliam Hlaváč	Okresný súd Rožňava	10	10	10	N/A	10	10	10	10
JUDr. Jozef Turza	Okresný súd Ružomberok	N/A	N/A	N/A	9	N/A	6	8	8
JUDr. Mária Piusová	Okresný súd Senica	10	6	9	N/A	9	7	8	8
Mgr. Katarína Škrovanová	Okresný súd Senica	10	N/A	10	N/A	10	10	4	10
JUDr. Bohuslav Toporcer	Okresný súd Stará Ľubovňa	N/A	N/A	N/A	N/A	N/A	7	0	3
JUDr. Erik Uhlár	Okresný súd Stará Ľubovňa	N/A	N/A	N/A	N/A	N/A	10	4	8
JUDr. Jana Sroková	Okresný súd Stará Ľubovňa	N/A	N/A	N/A	N/A	N/A	9	9	8
JUDr. Judita Dubjelová	Okresný súd Stará Ľubovňa	N/A	N/A	N/A	N/A	N/A	8	7	8
JUDr. Miriam Szárazová	Okresný súd Stará Ľubovňa	N/A	N/A	N/A	N/A	N/A	N/A	N/A	N/A
JUDr. Oľga Bitalová	Okresný súd Stará Ľubovňa	N/A	N/A	N/A	N/A	N/A	2	5	3
Mgr. Danka Majdáková	Okresný súd Stará Ľubovňa	N/A	N/A	N/A	N/A	N/A	8	9	10
JUDr. Anna Bejdová	Okresný súd Svidník	N/A	N/A	N/A	N/A	N/A	7	3	5
JUDr. Anna Frigová	Okresný súd Svidník	N/A	N/A	N/A	N/A	N/A	7	7	7
JUDr. Ivo Parada	Okresný súd Svidník	N/A	N/A	N/A	N/A	N/A	7	4	7
JUDr. Jana Keselicová	Okresný súd Svidník	N/A	N/A	N/A	N/A	N/A	8	6	7
JUDr. Mária Tvrdíková	Okresný súd Svidník	N/A	N/A	N/A	N/A	N/A	7	5	6
JUDr. Michal Calko	Okresný súd Svidník	N/A	N/A	N/A	N/A	N/A	7	7	7
JUDr. Štefan Bujňák	Okresný súd Svidník	N/A	N/A	N/A	N/A	N/A	8	0	5
Mgr. Ivo Maruščák	Okresný súd Svidník	N/A	N/A	N/A	N/A	N/A	6	1	2
JUDr. Eliška Čonková	Okresný súd Trebišov	8	N/A	7	8	6	7	2	5
JUDr. Hana Hubináková	Okresný súd Trenčín	N/A	N/A	N/A	10	N/A	N/A	N/A	N/A
JUDr. Mária Tóthová	Okresný súd Trenčín	7	N/A	7	0	9	2	9	6
JUDr. Monika Jankovská	Okresný súd Trenčín	N/A	N/A	N/A	N/A	N/A	N/A	N/A	N/A
JUDr., Ing. Miroslav Manďák	Okresný súd Trenčín	N/A	N/A	N/A	N/A	N/A	7	5	7
Mgr. František Berec	Okresný súd Trenčín	N/A	N/A	N/A	N/A	N/A	0	4	0
Mgr. Martina Trnavská	Okresný súd Trenčín	N/A	N/A	N/A	8	N/A	8	10	10
Mgr. Patricie Kepeňová	Okresný súd Trenčín	N/A	N/A	N/A	10	N/A	N/A	N/A	N/A
JUDr. Andrea Moravčíková PhD.	Okresný súd Trnava	N/A	N/A	N/A	N/A	N/A	N/A	N/A	N/A
JUDr. Dagmar Valocká	Okresný súd Trnava	N/A	N/A	N/A	N/A	N/A	0	9	5
JUDr. Marianna Arnoldová, CSc.	Okresný súd Trnava	N/A	N/A	N/A	N/A	N/A	N/A	N/A	N/A
JUDr. Zlatica Javorová	Okresný súd Trnava	N/A	N/A	0	8	N/A	7	4	6
Mgr. Jozef Mačej	Okresný súd Trnava	N/A	N/A	N/A	N/A	N/A	N/A	N/A	N/A
Mgr. Martin Žovinec	Okresný súd Trnava	N/A	N/A	N/A	N/A	N/A	0	1	0
Mgr. Renáta Gavalcová	Okresný súd Trnava	N/A	N/A	0	7	N/A	7	5	10
JUDr. Marián Vladovič	Okresný súd Veľký Krtíš	N/A	N/A	N/A	N/A	N/A	2	4	2
JUDr. Eva Bérešová	Okresný súd Vranov n/T	N/A	N/A	N/A	N/A	N/A	10	3	7
Mgr. Anna Monoková	Okresný súd Vranov n/T	N/A	N/A	0	9	N/A	N/A	N/A	N/A
JUDr. Beáta Gešvantnerová	Okresný súd Zvolen	N/A	N/A	N/A	N/A	N/A	3	6	5
JUDr. Miroslav Šanta	Okresný súd Zvolen	N/A	N/A	N/A	N/A	N/A	8	2	7
JUDr. Ivica Hanusková	Okresný súd Žiar n/H	N/A	N/A	N/A	N/A	N/A	N/A	N/A	N/A
JUDr. Ľudovít Švec	Okresný súd Žiar n/H	N/A	N/A	N/A	N/A	N/A	5	7	7
Mgr. Zlatica Spurná	Okresný súd Žiar n/H	N/A	N/A	N/A	N/A	N/A	5	9	10
JUDr. Daniel Béreš	Okresný súd Žilina	N/A	N/A	8	N/A	N/A	N/A	N/A	N/A
JUDr. Ivica Pittnerová	Okresný súd Žilina	N/A	N/A	N/A	N/A	N/A	0	8	4
JUDr. Peter Hrnčiar	Okresný súd Žilina	N/A	N/A	N/A	N/A	N/A	0	5	0
Mgr. Mária Kašíková	Okresný súd Žilina	N/A	N/A	5	0	N/A	0	9	3
Mgr. Lívia Gombárová	Okresný súd Nové Zámky	9	4	9	10	9	N/A	N/A	N/A
JUDr. Viktor Marko	Okresný súd Zvolen	10	3	8	10	8	N/A	N/A	N/A
JUDr. Štefan Novák	Okresný súd Banská Bystrica	9	6	8	5	9	N/A	N/A	N/A
Mgr. Michal Kačáni	Mestský súd Bratislava I	10	3	6	10	9	N/A	N/A	N/A
Mgr. Daniel Koneracký	Okresný súd Žiar n/H	10	2	7	10	8	N/A	N/A	N/A
JUDr. Martina Ľachová	Okresný súd Galanta	8	0	5	10	3	N/A	N/A	N/A
JUDr. Lucia Bašistová	Okresný súd Kežmarok	8	2	7	5	8	N/A	N/A	N/A
JUDr. Michal Fiala	Okresný súd Trenčín	8	2	6	6	8	N/A	N/A	N/A
Mgr. Peter Straka	Okresný súd Lučenec	9	0	4	10	7	N/A	N/A	N/A
Mgr. Marianna Hašková	Okresný súd Prievidza	9	0	5	9	7	N/A	N/A	N/A
JUDr. Eva Vékonyová	Okresný súd Trenčín	9	1	5	8	8	N/A	N/A	N/A
JUDr. Monika Jakubová	Okresný súd Dunajská Streda	10	0	3	10	5	N/A	N/A	N/A
JUDr. Zuzana ŠtubniakováKochanová	Okresný súd Žiar n/H	8	1	6	4	8	N/A	N/A	N/A
Mgr. Štefan Fedor	Okresný súd Prievidza	9	0	3	10	6	N/A	N/A	N/A
Mgr. Marek Mikulčík	Okresný súd Prievidza	9	0	3	10	5	N/A	N/A	N/A
JUDr . Emília ml. Guľová	Okresný súd Košice I	8	1	3	8	6	N/A	N/A	N/A
JUDr. Jana Očenášová	Okresný súd Levice	6	0	5	7	4	N/A	N/A	N/A
JUDr. Ľubomír Šabla	Okresný súd Revúca	5	0	4	8	0	N/A	N/A	N/A
Mgr. Pavol Dekánek	Mestský súd Bratislava I	3	10	3	0	6	N/A	N/A	N/A
JUDr. Martina Dubovcová	Okresný súd Trenčín	4	0	5	6	3	N/A	N/A	N/A
JUDr. Jana Tóthová	Okresný súd Trnava	8	0	4	7	7	N/A	N/A	N/A
JUDr. Mikuláš Géczi	Okresný súd Lučenec	5	2	4	4	6	N/A	N/A	N/A
Mgr. Libor Kysucký	Okresný súd Považská Bystrica	8	0	2	8	6	N/A	N/A	N/A
JUDr. Marcela Ostrihoňová	Okresný súd Trenčín	7	0	3	7	6	N/A	N/A	N/A
JUDr. Erik Kačmár	Okresný súd Trenčín	4	0	4	6	4	N/A	N/A	N/A
Mgr. Peter Hvizdoš	Okresný súd Trenčín	6	0	2	8	2	N/A	N/A	N/A
JUDr. Juraj Valášek	Okresný súd Bánovce n/B	6	1	7	1	8	N/A	N/A	N/A
JUDr. Michal Dzurdzík	Mestský súd Bratislava II 	6	0	3	6	5	N/A	N/A	N/A
Mgr. Lenka Kvasnicová	Okresný súd Trenčín	7	0	3	6	7	N/A	N/A	N/A
JUDr. Iveta Sopková	Okresný súd Trenčín	0	0	7	2	6	N/A	N/A	N/A
JUDr. Jana Raganová	Okresný súd Košice I	4	0	2	6	1	N/A	N/A	N/A
JUDr. Miroslava Kvetková	Okresný súd Revúca	6	0	3	5	6	N/A	N/A	N/A
JUDr. Jana Novotná Mlinárcsik	Okresný súd Žilina	4	0	3	5	3	N/A	N/A	N/A
JUDr. Erika Trtalová	Okresný súd Nové Mesto n/V	2	0	0	5	1	N/A	N/A	N/A
JUDr. Lucia Prčová	Okresný súd Revúca	5	0	0	5	3	N/A	N/A	N/A
JUDr. Jaroslav Ivan	Okresný súd Piešťany	0	0	0	4	0	N/A	N/A	N/A
JUDr. Terézia Mecelová	Okresný súd Piešťany	0	0	0	4	0	N/A	N/A	N/A
JUDr. Ingrid Šimonová	Okresný súd Piešťany	0	0	1	2	1	N/A	N/A	N/A
