ID,Meno a priezvisko,Súd 2021,Potvrdené odvolania,Vybavenosť,Dispozičný čas,Restančné z nevybavených,Produktivita,,,,,,,
2,Ľubica Adamčíková,Okresný súd Košice okolie,3,7,4,5,10,,,,,,,
3,Stella Al Khufash,Okresný súd Senica,0,4,4,6,4,,,,,,,
4,Ivan Alman,Mestský súd Bratislava IV,5,4,8,6,5,,,,,,,
5,Magdaléna Andreánska,Okresný súd Liptovský Mikuláš,4,3,7,5,1,,,,,,,
7,Marek Anovčin,Okresný súd Bánovce nad Bebravou,8,N/A,N/A,N/A,N/A,,,,,,,
8,Ivan Antal,Okresný súd Rimavská Sobota,6,4,8,5,9,,,,,,,
9,Michal Antala,Okresný súd Trenčín,7,N/A,N/A,N/A,N/A,,,,,,,
11,Zuzana Antalová,Okresný súd Banská Bystrica,3,10,0,6,1,,,,,,,
12,Dagmar Aradská,Okresný súd Komárno,5,5,5,7,5,,,,,,,
14,"Marianna Arnoldová, CSc.",Okresný súd Trnava,N/A,N/A,N/A,N/A,N/A,,,,,,,
15,Katarína Arnouldová,Okresný súd Piešťany,3,N/A,N/A,N/A,N/A,,,,,,,
16,Renáta Audová,Okresný súd Senica,2,2,6,8,4,,,,,,,
17,Ján Auxt,Okresný súd Žiar nad Hronom,N/A,N/A,N/A,N/A,N/A,,,,,,,
19,Daniela Babinová,Okresný súd Prešov,4,N/A,N/A,N/A,N/A,,,,,,,
26,Zuzana Bajlová,Okresný súd Liptovský Mikuláš,6,6,8,8,3,,,,,,,
27,Ľubica Bajzová,Okresný súd Považská Bystrica,9,N/A,N/A,N/A,N/A,,,,,,,
28,Ľuboš Baka,Okresný súd Levice,3,4,8,9,4,,,,,,,
30,Ľubica Balalová,Okresný súd Trenčín,7,7,7,5,4,,,,,,,
31,Angela Balázsová,Mestský súd Bratislava I,N/A,N/A,N/A,N/A,N/A,,,,,,,
32,Radoslav Baláž,Okresný súd Spišská Nová Ves,5,3,5,7,9,,,,,,,
35,Magdaléna Balážová,Okresný súd Lučenec,6,5,7,8,8,,,,,,,
36,Monika Balážová,Okresný súd Spišská Nová Ves,4,N/A,N/A,N/A,N/A,,,,,,,
37,Oľga Balážová,Okresný súd Prievidza,4,N/A,N/A,N/A,N/A,,,,,,,
38,Martina Balegová,Okresný súd Levice,8,N/A,N/A,N/A,N/A,,,,,,,
40,Martin Baločko,Mestský Súd Košice,7,5,9,3,5,,,,,,,
42,Miroslav Baňacký,Okresný súd Košice okolie,8,N/A,N/A,N/A,N/A,,,,,,,
43,Iveta Banghová,Okresný súd Komárno,7,1,6,8,5,,,,,,,
44,Peter Banský,Okresný súd Zvolen,3,2,4,7,5,,,,,,,
45,Martin Baran,Okresný súd Prešov,8,N/A,N/A,N/A,N/A,,,,,,,
46,Daniela Baranová,Okresný súd Prešov,5,3,2,5,7,,,,,,,
50,Gabriela Bargelová,Okresný súd Žilina,9,9,6,10,10,,,,,,,
52,Marta Barková,Mestský súd Bratislava I,4,N/A,N/A,N/A,N/A,,,,,,,
53,Katarína Bartalská,Mestský súd Bratislava I,6,N/A,N/A,N/A,N/A,,,,,,,
54,Zuzana Bartalská,Mestský súd Bratislava V,4,4,6,1,5,,,,,,,
55,Ivan Bartek,Mestský súd Bratislava III,5,0,1,4,7,,,,,,,
57,Lucia Bašistová,Okresný súd Kežmarok,3,4,5,1,4,,,,,,,
58,Michala Bašticová,Mestský súd Bratislava V,0,0,2,7,10,,,,,,,
60,Róbert Bebčák,Okresný súd Žilina,10,N/A,N/A,N/A,N/A,,,,,,,
61,Erika Bebčáková,Okresný súd Žilina,4,N/A,N/A,N/A,N/A,,,,,,,
62,Peter Bebej,Okresný súd Dolný Kubín,9,6,6,7,2,,,,,,,
63,Iveta Bebejová,Okresný súd Dolný Kubín,6,3,5,9,1,,,,,,,
65,Eva Behranová,Okresný súd Malacky,3,N/A,N/A,N/A,N/A,,,,,,,
66,Richard Bejda,Okresný súd Banská Bystrica,6,N/A,N/A,N/A,N/A,,,,,,,
67,Anna Bejdová,Okresný súd Svidník,7,0,0,3,1,,,,,,,
68,Otília Belavá,Mestský súd Bratislava I,4,N/A,N/A,N/A,N/A,,,,,,,
71,Monika Bellová,Okresný súd Senica,0,5,5,6,4,,,,,,,
73,Eva Benčová,Okresný súd Banská Bystrica,8,N/A,N/A,N/A,N/A,,,,,,,
74,Roman Benedikovič,Mestský súd Bratislava V,1,3,7,2,6,,,,,,,
78,Mária Benková,Okresný súd Košice okolie,8,10,5,0,5,,,,,,,
79,Janka Benkovičová,Okresný súd Nitra,6,N/A,N/A,N/A,N/A,,,,,,,
82,František Berec,Okresný súd Trenčín,N/A,N/A,N/A,N/A,N/A,,,,,,,
83,Daniel Béreš,Okresný súd Žilina,9,N/A,N/A,N/A,N/A,,,,,,,
84,Eva Bérešová,Okresný súd Vranov nad Topľou,1,N/A,N/A,N/A,N/A,,,,,,,
85,Jana Berešová,Okresný súd Trebišov,5,4,8,8,6,,,,,,,
86,Daniela Bergerová,Mestský súd Bratislava V,6,4,5,7,10,,,,,,,
89,Viera Betáková,Okresný súd Nové Zámky,4,4,6,6,6,,,,,,,
90,Stanislava Bezáková,Mestský súd Bratislava I,N/A,N/A,N/A,N/A,N/A,,,,,,,
91,Zuzana Bezáková,Okresný súd Nitra,5,4,7,7,6,,,,,,,
93,Pavol Bielik,Okresný súd Prievidza,3,5,6,1,5,,,,,,,
94,Alena Bieliková,Okresný súd Trenčín,5,10,3,4,4,,,,,,,
95,Eva Bieliková,Mestský súd Bratislava II,3,7,2,4,9,,,,,,,
96,Jarmila Bíliková,Okresný súd Skalica,5,7,7,8,4,,,,,,,
97,Eva Bíróová,Okresný súd Dunajská Streda,4,5,6,5,4,,,,,,,
98,Pavol Biroš,Okresný súd Košice II,2,N/A,N/A,N/A,N/A,,,,,,,
100,Zuzana Biščáková,Okresný súd Prešov,2,10,7,2,10,,,,,,,
101,Oľga Bitalová,Okresný súd Stará Ľubovňa,4,N/A,N/A,N/A,N/A,,,,,,,
102,Beata Bizoňová,Mestský súd Bratislava I,9,9,0,2,5,,,,,,,
103,Marián Blaha,Okresný súd Banská Bystrica,9,N/A,N/A,N/A,N/A,,,,,,,
104,Mária Blahovská,Okresný súd Spišská Nová Ves,4,N/A,N/A,N/A,N/A,,,,,,,
105,Monika Blahutiaková,Mestský súd Bratislava V,6,N/A,N/A,N/A,N/A,,,,,,,
106,Alena Blašková,Okresný súd Partizánske,7,5,3,6,5,,,,,,,
108,Daniela Blažovská,Okresný súd Košice II,4,N/A,N/A,N/A,N/A,,,,,,,
109,Ivica Blecharžová,Mestský súd Bratislava V,4,5,0,1,3,,,,,,,
111,Ján Bodnár,Okresný súd Rimavská Sobota,5,N/A,N/A,N/A,N/A,,,,,,,
112,Matilda Bodnáriková,Okresný súd Michalovce,2,N/A,N/A,N/A,N/A,,,,,,,
118,Zoltán Boros,Okresný súd Rimavská Sobota,7,5,9,2,8,,,,,,,
119,Erika Borovská,Okresný súd Kežmarok,9,2,5,6,3,,,,,,,
124,Božena Brinčíková,Okresný súd Partizánske,7,7,5,4,2,,,,,,,
125,Gabriela Brišková,Okresný súd Liptovský Mikuláš,8,N/A,N/A,N/A,N/A,,,,,,,
128,Martina Brniaková,Okresný súd Žilina,10,N/A,N/A,N/A,N/A,,,,,,,
129,Boris Brondoš,Mestský Súd Košice,4,N/A,N/A,N/A,2,,,,,,,
131,Jaroslav Bugeľ,Okresný súd Svidník,N/A,N/A,N/A,N/A,N/A,,,,,,,
132,Dagmar Buchalová,Mestský súd Bratislava II,2,0,4,6,7,,,,,,,
134,Vladimír Buchvald,Mestský súd Bratislava II,3,N/A,N/A,N/A,N/A,,,,,,,
135,Tatiana Buchvaldová,Mestský súd Bratislava III,1,N/A,N/A,N/A,N/A,,,,,,,
136,Ladislav Bujňák,Okresný súd Trebišov,3,2,6,7,2,,,,,,,
137,Štefan Bujňák,Okresný súd Svidník,0,N/A,N/A,N/A,N/A,,,,,,,
138,Boris Buľubaš,Okresný súd Skalica,6,10,2,5,4,,,,,,,
139,Gabriela Buľubašová,Mestský súd Bratislava I,3,N/A,N/A,N/A,N/A,,,,,,,
140,Ľubomír Bundzel st.,Okresný súd Trnava,5,N/A,N/A,N/A,N/A,,,,,,,
142,Ľubica Bundzelová,Okresný súd Galanta,3,N/A,N/A,N/A,N/A,,,,,,,
143,Richard Bureš,Okresný súd Poprad,5,5,7,1,4,,,,,,,
147,Agáta Burkušová,Okresný súd Košice II,3,6,0,2,6,,,,,,,
149,Janka Butašová,Okresný súd Skalica,4,N/A,N/A,N/A,N/A,,,,,,,
151,Dana Bystrianská,Mestský Súd Košice,N/A,N/A,N/A,N/A,N/A,,,,,,,
156,Michal Calko,Okresný súd Bardejov,6,5,7,6,5,,,,,,,
157,Ľubica Cambelová,Okresný súd Levice,7,N/A,N/A,N/A,N/A,,,,,,,
158,Jarmila Centková,Mestský Súd Košice,5,5,4,5,10,,,,,,,
160,Mária Cifrová,Okresný súd Lučenec,4,N/A,N/A,N/A,N/A,,,,,,,
161,Slavomír Cimerman,Okresný súd Veľký Krtíš,4,8,7,7,5,,,,,,,
163,Jana Coboriová,Okresný súd Nitra,4,6,4,7,9,,,,,,,
164,Attila Csaba,Okresný súd Komárno,0,N/A,N/A,N/A,N/A,,,,,,,
165,Peter Csank,Okresný súd Rimavská Sobota,9,4,8,10,4,,,,,,,
166,Oľga Csémyová,Okresný súd Dunajská Streda,2,3,3,5,7,,,,,,,
167,Božena Csibrányiová,Okresný súd Nové Zámky,8,4,4,6,7,,,,,,,
168,Eva Cvengová,Okresný súd Banská Bystrica,6,5,4,7,10,,,,,,,
169,Denisa Cviková,Mestský súd Bratislava I,6,N/A,N/A,N/A,N/A,,,,,,,
170,Diana Cviková,Okresný súd Nové Zámky,9,7,8,4,3,,,,,,,
172,Alena Čakváriová,Mestský súd Bratislava II,3,N/A,N/A,N/A,N/A,,,,,,,
174,Zdenko Čaniga,Okresný súd Pezinok,0,N/A,N/A,N/A,N/A,,,,,,,
175,Marek Čech,Okresný súd Prešov,5,3,7,3,5,,,,,,,
177,Mária Čechovičová,Mestský súd Bratislava IV,7,N/A,N/A,N/A,N/A,,,,,,,
180,Valéria Černegová,Mestský súd Bratislava V,0,N/A,N/A,N/A,N/A,,,,,,,
182,Vladimír Červeňák,Okresný súd Michalovce,0,7,1,5,8,,,,,,,
183,Mária Červenáková,Okresný súd Levice,7,N/A,N/A,N/A,N/A,,,,,,,
186,Eva Čipková,Okresný súd Rimavská Sobota,9,6,8,6,6,,,,,,,
188,Zuzana Čisovská,Mestský Súd Košice,4,N/A,N/A,N/A,N/A,,,,,,,
189,František Čisovský,Okresný súd Košice II,6,7,2,6,7,,,,,,,
190,Miroslav Číž,Okresný súd Považská Bystrica,3,N/A,N/A,N/A,N/A,,,,,,,
191,Miron Čiževský,Mestský Súd Košice,4,1,0,3,1,,,,,,,
192,Eliška Čonková,Okresný súd Trebišov,0,N/A,N/A,N/A,N/A,,,,,,,
194,Ivan Ďalak,Okresný súd Rimavská Sobota,9,7,7,7,6,,,,,,,
196,Ivana Dančová,Mestský súd Bratislava II,3,5,1,3,8,,,,,,,
197,Janka Danková,Okresný súd Ružomberok,4,N/A,N/A,N/A,N/A,,,,,,,
198,Ivan Daňo,Okresný súd Humenné,4,4,7,1,4,,,,,,,
200,Milena Daubnerová,Mestský súd Bratislava I,N/A,N/A,N/A,N/A,N/A,,,,,,,
201,Ingrid Daxner,Okresný súd Pezinok,4,2,0,4,3,,,,,,,
204,Renáta Deáková,Okresný súd Brezno,0,N/A,N/A,N/A,N/A,,,,,,,
205,Marián Degma,Mestský súd Bratislava III,8,N/A,N/A,N/A,N/A,,,,,,,
206,Ingrid Degmová-Pospíšilová,Mestský súd Bratislava III,6,N/A,N/A,N/A,N/A,,,,,,,
207,Pavol Dekánek,Mestský súd Bratislava I,4,N/A,N/A,N/A,N/A,,,,,,,
209,Jana Diškanová,Okresný súd Banská Bystrica,4,N/A,N/A,N/A,N/A,,,,,,,
210,"Rastislav Dlugoš, PhD.",Okresný súd Nové Mesto nad Váhom,5,N/A,N/A,N/A,N/A,,,,,,,
211,Adriana Dobiášová,Okresný súd Nitra,4,5,5,5,7,,,,,,,
213,Darina Dobošová,Okresný súd Košice II,6,7,4,4,10,,,,,,,
214,Miroslav Dobrík,Okresný súd Martin,4,N/A,N/A,N/A,N/A,,,,,,,
216,Erika Dodulíková,Okresný súd Čadca,1,5,5,2,7,,,,,,,
218,Otília Doláková,Mestský súd Bratislava I,3,2,0,0,2,,,,,,,
220,Marcela Dolníková Žabková,Okresný súd Žilina,2,7,0,4,5,,,,,,,
221,Vladimír Donič,Okresný súd Humenné,3,N/A,N/A,N/A,N/A,,,,,,,
222,Gabriela Donnerová,Mestský súd Bratislava II,8,N/A,N/A,N/A,N/A,,,,,,,
223,Zuzana Doricová,Mestský súd Bratislava I,7,2,2,5,8,,,,,,,
225,Daniela Drnáková,Mestský súd Bratislava I,5,8,0,1,5,,,,,,,
226,Mario Dubaň,Mestský súd Bratislava IV,7,N/A,N/A,N/A,N/A,,,,,,,
228,Jana Dubivská,Okresný súd Bardejov,5,4,4,5,1,,,,,,,
229,Monika Dubjel,Mestský Súd Košice,5,N/A,N/A,N/A,2,,,,,,,
230,Judita Dubjelová,Okresný súd Stará Ľubovňa,4,N/A,N/A,N/A,N/A,,,,,,,
232,Martina Dubovcová,Okresný súd Trenčín,0,1,3,0,0,,,,,,,
233,Viera Dubovinská,Okresný súd Spišská Nová Ves,3,N/A,N/A,N/A,N/A,,,,,,,
234,Gabriela Dúbravková,Okresný súd Žilina,5,6,1,4,4,,,,,,,
237,Jana Dudíková,Okresný súd Košice okolie,9,N/A,N/A,N/A,N/A,,,,,,,
239,Helena Dudzíková,Okresný súd Topoľčany,0,N/A,N/A,N/A,N/A,,,,,,,
240,Ivana Dufalová,Mestský súd Bratislava III,8,9,4,3,8,,,,,,,
244,Adriana Dulovičová,Okresný súd Rimavská Sobota,9,8,7,8,6,,,,,,,
245,Marta Ďumbalová,Okresný súd Trnava,1,N/A,N/A,N/A,N/A,,,,,,,
247,Dušan Ďurian,Okresný súd Partizánske,10,N/A,N/A,N/A,N/A,,,,,,,
251,Zoltán Dusza,Okresný súd Rimavská Sobota,9,N/A,N/A,N/A,N/A,,,,,,,
252,Jarmila Dušáková,Okresný súd Rožňava,8,4,8,7,7,,,,,,,
253,Stanislav Dutko,Mestský súd Bratislava I,2,N/A,N/A,N/A,N/A,,,,,,,
255,Michal Dzurdzík,Mestský súd Bratislava II,4,N/A,N/A,N/A,N/A,,,,,,,
256,Eva Dzúriková,Okresný súd Zvolen,7,N/A,N/A,N/A,N/A,,,,,,,
260,Jozef Engel,Okresný súd Humenné,3,6,4,6,7,,,,,,,
262,Alena Ernestová,Okresný súd Spišská Nová Ves,3,N/A,N/A,N/A,N/A,,,,,,,
263,Katarína Fakanová,Mestský súd Bratislava II,5,N/A,N/A,N/A,N/A,,,,,,,
264,Roman Farkaš,Mestský súd Bratislava II,0,N/A,N/A,N/A,N/A,,,,,,,
266,"Roman Farkaš, PhD.",Mestský súd Bratislava II,4,4,6,4,10,,,,,,,
267,Beata Farkašová,Mestský súd Bratislava III,4,0,0,4,7,,,,,,,
268,Dana Farkášová,Okresný súd Prešov,6,6,5,6,8,,,,,,,
269,Eva Farkašová,Okresný súd Prešov,3,0,3,10,10,,,,,,,
270,Ľubica Farkašová,Okresný súd Nitra,4,N/A,N/A,N/A,N/A,,,,,,,
271,Monika Farkašová,Okresný súd Nitra,4,N/A,N/A,N/A,N/A,,,,,,,
272,Iveta Farkašovská,Okresný súd Rožňava,5,7,6,5,6,,,,,,,
273,Štefan Fedor,Okresný súd Prievidza,5,6,6,8,4,,,,,,,
274,Blažena Fedorková,Okresný súd Spišská Nová Ves,4,3,6,8,10,,,,,,,
275,Milena Fegyesová,Okresný súd Žiar nad Hronom,7,0,6,9,2,,,,,,,
276,Ivana Fekete,Mestský súd Bratislava III,5,0,0,4,8,,,,,,,
277,Maroš Fekete,Mestský súd Bratislava III,5,N/A,N/A,N/A,N/A,,,,,,,
278,Kristína Ferencziová,Okresný súd Galanta,6,N/A,N/A,N/A,N/A,,,,,,,
281,Michal Fiala,Okresný súd Trenčín,7,6,6,5,4,,,,,,,
282,Jana Fígerová,Mestský súd Bratislava IV,5,2,0,5,2,,,,,,,
286,Mária Filová,Mestský súd Bratislava V,2,7,5,7,10,,,,,,,
287,Roman Fitt,Mestský súd Bratislava III,2,4,7,3,3,,,,,,,
291,Eva Foltánová,Okresný súd Galanta,2,3,4,6,10,,,,,,,
293,Eva Franková,Okresný súd Trebišov,4,1,3,8,9,,,,,,,
294,Gabriel Frankovič,Okresný súd Košice II,0,N/A,N/A,N/A,N/A,,,,,,,
296,Anna Frigová,Okresný súd Svidník,8,3,3,5,5,,,,,,,
297,Michaela Frimmelová,Mestský súd Bratislava II,4,N/A,N/A,N/A,N/A,,,,,,,
298,Gabriela Fuchsová,Okresný súd Trebišov,5,N/A,N/A,N/A,N/A,,,,,,,
300,Eva Fulcová,Mestský súd Bratislava I,N/A,N/A,N/A,N/A,N/A,,,,,,,
301,Marián Furman,Okresný súd Poprad,3,4,7,5,4,,,,,,,
303,Ladislav Gábor,Mestský Súd Košice,3,10,0,2,9,,,,,,,
305,Andrea Gabrielová,Okresný súd Lučenec,4,6,7,6,8,,,,,,,
306,Helena Gajdošová,Okresný súd Trnava,7,N/A,N/A,N/A,N/A,,,,,,,
307,Zuzana Gajerová,Okresný súd Pezinok,1,N/A,N/A,N/A,N/A,,,,,,,
308,Tibor Gál,Okresný súd Brezno,4,6,5,8,7,,,,,,,
309,Andrea Galdunová,Okresný súd Košice II,4,N/A,N/A,N/A,N/A,,,,,,,
311,Ján Gallo,Okresný súd Rožňava,10,N/A,N/A,N/A,N/A,,,,,,,
312,Jaroslav Gallo,Okresný súd Brezno,0,N/A,N/A,N/A,N/A,,,,,,,
314,Alica Gálová,Okresný súd Brezno,3,5,7,7,3,,,,,,,
315,Stanislav Galovič,Okresný súd Lučenec,5,4,9,8,8,,,,,,,
316,Marcela Gandelová,Mestský súd Bratislava II,9,N/A,N/A,N/A,N/A,,,,,,,
317,Silvia Gandelová,Mestský súd Bratislava III,5,4,2,5,6,,,,,,,
319,Peter Garaj,Okresný súd Nové Zámky,5,6,6,5,8,,,,,,,
320,Slávka Garančovská,Mestský Súd Košice,4,0,0,1,5,,,,,,,
321,Jana Gargulová,Okresný súd Spišská Nová Ves,2,4,6,8,10,,,,,,,
322,Soňa Gašková,Okresný súd Košice II,N/A,10,1,2,1,,,,,,,
323,Katarína Gašparová,Mestský súd Bratislava II,6,3,4,6,5,,,,,,,
325,Alica Gavalcová,Okresný súd Brezno,6,N/A,N/A,N/A,N/A,,,,,,,
326,Renáta Gavalcová,Okresný súd Trnava,N/A,N/A,N/A,N/A,N/A,,,,,,,
328,Mariana Gavalierová,Okresný súd Poprad,2,0,0,3,3,,,,,,,
329,Mária Gazdačková,Okresný súd Martin,7,6,5,6,5,,,,,,,
330,Branislav Gazdag,Mestský Súd Košice,5,0,5,8,0,,,,,,,
331,Andrea Gazdagová,Okresný súd Košice okolie,8,8,6,5,7,,,,,,,
333,Monika Géciová,Okresný súd Košice II,3,N/A,N/A,N/A,N/A,,,,,,,
334,Mikuláš Géczi,Okresný súd Lučenec,7,N/A,N/A,N/A,N/A,,,,,,,
339,Iveta Gildeinová,Okresný súd Humenné,6,2,6,8,10,,,,,,,
340,Andrea Gindlová,Okresný súd Žiar nad Hronom,6,5,7,8,4,,,,,,,
341,Mariana Ginelliová,Okresný súd Košice okolie,9,6,6,5,6,,,,,,,
342,Kristina Glezgová,Okresný súd Lučenec,4,N/A,N/A,N/A,N/A,,,,,,,
347,Richard Golis,Okresný súd Žilina,7,N/A,N/A,N/A,N/A,,,,,,,
348,Lívia Gombárová,Okresný súd Nové Zámky,4,7,8,6,3,,,,,,,
351,Miloš Greguš,Mestský Súd Košice,5,N/A,N/A,N/A,N/A,,,,,,,
353,Jana Grendárová,Mestský súd Bratislava IV,4,4,6,2,5,,,,,,,
356,Radovan Groman,Mestský súd Bratislava I,2,N/A,N/A,N/A,9,,,,,,,
358,Emília ml. Guľová,Mestský Súd Košice,3,2,2,7,1,,,,,,,
359,Jarmila Gulová,Mestský súd Bratislava I,0,N/A,N/A,N/A,N/A,,,,,,,
360,Milan Gylánik,Okresný súd Čadca,5,N/A,N/A,N/A,N/A,,,,,,,
361,Andrea Hadnagyová,Okresný súd Piešťany,5,1,2,5,3,,,,,,,
362,Viera Hadrbulcová,Mestský súd Bratislava I,5,6,0,0,4,,,,,,,
366,Adriana Halajová,Okresný súd Nitra,7,N/A,N/A,N/A,N/A,,,,,,,
368,Ladislav Halla,Okresný súd Žilina,2,N/A,N/A,N/A,N/A,,,,,,,
370,Lenka Halmešová,Okresný súd Nitra,8,N/A,N/A,N/A,N/A,,,,,,,
371,Jana Halušková,Okresný súd Liptovský Mikuláš,6,N/A,N/A,N/A,N/A,,,,,,,
372,Iveta Halvoňová,Mestský súd Bratislava III,4,6,6,2,10,,,,,,,
374,Ivica Hanusková,Okresný súd Žiar nad Hronom,N/A,N/A,N/A,N/A,N/A,,,,,,,
376,Ivana Hanuščaková,Okresný súd Bardejov,6,6,6,4,5,,,,,,,
378,Jana Hanzlíková,Okresný súd Trnava,3,N/A,N/A,N/A,N/A,,,,,,,
381,Kornélia Harcsová,Okresný súd Nové Zámky,5,4,3,6,7,,,,,,,
384,Slavomír Harmóci,Okresný súd Michalovce,4,5,8,4,5,,,,,,,
385,Zuzana Hartelová,Okresný súd Námestovo,6,N/A,N/A,N/A,N/A,,,,,,,
386,Mariana Harvancová,Mestský súd Bratislava I,7,N/A,N/A,N/A,N/A,,,,,,,
388,Marianna Hašková,Okresný súd Prievidza,7,3,5,8,4,,,,,,,
389,Marián Hatala,Okresný súd Nové Zámky,9,4,6,6,7,,,,,,,
391,Ľudmila Hatalová,Mestský súd Bratislava III,1,N/A,N/A,N/A,N/A,,,,,,,
393,Helena Hausleitnerová,Mestský súd Bratislava I,1,N/A,N/A,N/A,N/A,,,,,,,
394,Kamila Haverlová,Okresný súd Žiar nad Hronom,3,N/A,N/A,N/A,N/A,,,,,,,
395,Andrea Havírová,Okresný súd Vranov nad Topľou,0,N/A,N/A,N/A,N/A,,,,,,,
396,Eduard HEINRICH,Okresný súd Nitra,5,N/A,N/A,N/A,N/A,,,,,,,
397,Peter Heinrich,Okresný súd Nitra,5,N/A,N/A,N/A,N/A,,,,,,,
398,Ivana Heinrichová,Okresný súd Nitra,5,9,6,5,10,,,,,,,
400,Júlia Henteková,Okresný súd Komárno,6,N/A,N/A,N/A,N/A,,,,,,,
402,Eva Herichová,Okresný súd Spišská Nová Ves,7,N/A,N/A,N/A,N/A,,,,,,,
403,Mária Hirjaková,Okresný súd Michalovce,3,5,5,5,6,,,,,,,
405,Viliam Hlaváč,Okresný súd Rožňava,10,N/A,N/A,N/A,N/A,,,,,,,
406,Margaréta Hlaváčková,Mestský Súd Košice,5,N/A,N/A,N/A,N/A,,,,,,,
408,Ivo Hlucháň,Okresný súd Považská Bystrica,3,5,7,7,7,,,,,,,
410,Katarína Holečková,Okresný súd Banská Bystrica,4,7,1,3,4,,,,,,,
412,Martin Holič,Okresný súd Galanta,4,N/A,N/A,N/A,N/A,,,,,,,
416,Emília Horňáková,Okresný súd Senica,0,7,5,6,5,,,,,,,
418,Karmelita Horváthová,Okresný súd Trnava,0,N/A,N/A,N/A,N/A,,,,,,,
421,Marianna Hosťovecká,Okresný súd Galanta,1,10,6,2,9,,,,,,,
422,Anna Hozáková,Okresný súd Čadca,1,N/A,N/A,N/A,N/A,,,,,,,
425,Ivona Hrčeková,Mestský súd Bratislava I,3,0,0,10,2,,,,,,,
426,Marta Hrenčuková,Okresný súd Rožňava,5,N/A,N/A,N/A,N/A,,,,,,,
427,Ladislav Hreňo,Okresný súd Košice II,0,N/A,N/A,N/A,N/A,,,,,,,
429,Vladimír Hric,Okresný súd Poprad,4,3,6,0,4,,,,,,,
433,Peter Hrnčiar,Okresný súd Žilina,3,N/A,N/A,N/A,N/A,,,,,,,
434,Andrea Hrneková,Mestský súd Bratislava I,3,N/A,N/A,N/A,N/A,,,,,,,
436,Bohuš Hruška,Okresný súd Zvolen,3,3,7,7,8,,,,,,,
437,"Martina Hrušovská, PhD.",Mestský súd Bratislava V,6,N/A,N/A,N/A,N/A,,,,,,,
439,Hana Hubináková,Okresný súd Trenčín,0,0,0,0,2,,,,,,,
440,Ľubomír Hudák,Okresný súd Malacky,4,N/A,N/A,N/A,N/A,,,,,,,
443,Vlasta Huljaková,Okresný súd Banská Bystrica,6,N/A,N/A,N/A,N/A,,,,,,,
446,Milan Hupka,Mestský súd Bratislava II,4,0,0,2,4,,,,,,,
447,Mária Husárová,Okresný súd Spišská Nová Ves,0,N/A,N/A,N/A,N/A,,,,,,,
450,Milan Husťák,Mestský Súd Košice,1,N/A,N/A,N/A,N/A,,,,,,,
453,Veronika Húšťová,Okresný súd Martin,0,N/A,N/A,N/A,N/A,,,,,,,
454,Agnesa Hvastová,Okresný súd Rožňava,8,7,5,4,2,,,,,,,
455,Peter Hvizdoš,Okresný súd Trenčín,7,9,2,6,3,,,,,,,
458,Dušan Chamula,Okresný súd Žilina,3,N/A,N/A,N/A,N/A,,,,,,,
460,Vojtech Chmelan,Okresný súd Prievidza,4,6,7,5,5,,,,,,,
461,Ľubica Chmelanová,Okresný súd Prievidza,9,9,6,7,6,,,,,,,
463,Lucia Chrapková Ph.D.,Okresný súd Piešťany,2,N/A,N/A,N/A,N/A,,,,,,,
464,Ľuboš Chrenko,Okresný súd Topoľčany,7,2,4,5,4,,,,,,,
465,Andrej Chuda,Okresný súd Michalovce,3,N/A,N/A,N/A,N/A,,,,,,,
466,Magda Chudová,Okresný súd Michalovce,1,N/A,N/A,N/A,N/A,,,,,,,
467,Daniel Ilavský,Okresný súd Galanta,1,N/A,N/A,N/A,N/A,,,,,,,
471,Mária Ilgová,Okresný súd Martin,2,N/A,N/A,N/A,N/A,,,,,,,
472,Jaroslav Ivan,Okresný súd Piešťany,7,7,2,3,4,,,,,,,
473,Martin Ivan,Okresný súd Komárno,7,1,6,6,4,,,,,,,
474,Slavomír Ivanecký,Okresný súd Bardejov,6,5,8,6,4,,,,,,,
479,Mária Jačeková Sziegel,Okresný súd Dunajská Streda,3,4,6,5,8,,,,,,,
480,Ivana Jaďuďová,Okresný súd Komárno,2,7,5,6,6,,,,,,,
481,Miroslav Jagnešák,Okresný súd Námestovo,3,N/A,N/A,N/A,N/A,,,,,,,
482,Ivana Jahnová,Mestský súd Bratislava V,10,N/A,N/A,N/A,N/A,,,,,,,
485,Milena Jakubíková,Okresný súd Levice,7,3,7,6,10,,,,,,,
486,Monika Jakubová,Okresný súd Dunajská Streda,5,4,5,1,5,,,,,,,
487,Rastislav Jakubovič,Okresný súd Galanta,1,6,5,3,6,,,,,,,
488,Ján Jamrich,Mestský súd Bratislava I,4,N/A,N/A,N/A,N/A,,,,,,,
490,Mária Jamrišková,Okresný súd Martin,N/A,N/A,N/A,N/A,N/A,,,,,,,
492,Renáta Janáková,Mestský súd Bratislava V,N/A,N/A,N/A,N/A,N/A,,,,,,,
494,Marián Jančovič,Mestský súd Bratislava IV,2,N/A,N/A,N/A,N/A,,,,,,,
495,Alena Jančulová,Okresný súd Čadca,6,N/A,N/A,N/A,0,,,,,,,
496,Katarína Janečková,Okresný súd Rožňava,4,N/A,N/A,N/A,N/A,,,,,,,
501,Róbert Jankovský,Okresný súd Považská Bystrica,5,4,7,7,8,,,,,,,
502,Milina Jánošková,Okresný súd Trenčín,2,7,4,6,4,,,,,,,
503,Jarmila Jánošová,Okresný súd Banská Bystrica,6,0,8,5,7,,,,,,,
504,Katarína Janotová,Okresný súd Martin,8,6,5,6,4,,,,,,,
508,Beáta Javorková,Okresný súd Piešťany,2,N/A,N/A,N/A,N/A,,,,,,,
509,Zlatica Javorová,Okresný súd Trnava,N/A,N/A,N/A,N/A,N/A,,,,,,,
510,Iveta Jenčová,Okresný súd Poprad,5,0,1,2,5,,,,,,,
511,Erika Jóbová,Okresný súd Komárno,7,1,7,6,4,,,,,,,
517,Milan Jurko,Okresný súd Trebišov,5,N/A,N/A,N/A,N/A,,,,,,,
519,Jarmila Jurkovičová,Mestský súd Bratislava IV,0,N/A,N/A,N/A,N/A,,,,,,,
520,Katarína Jusková,Okresný súd Košice II,2,N/A,N/A,N/A,N/A,,,,,,,
521,Monika Jusková,Okresný súd Prešov,5,N/A,N/A,N/A,N/A,,,,,,,
522,Michal Kačáni,Mestský súd Bratislava I,9,N/A,N/A,N/A,N/A,,,,,,,
523,Alena Káčeriková,Okresný súd Martin,4,0,0,10,1,,,,,,,
524,Dana Káčerová,Mestský súd Bratislava I,7,8,0,2,7,,,,,,,
525,Erik Kačmár,Okresný súd Trenčín,6,7,7,7,6,,,,,,,
526,Ingrid Kalináková,Okresný súd Prešov,4,N/A,N/A,N/A,N/A,,,,,,,
529,Marta Kamenská,Okresný súd Veľký Krtíš,4,0,5,7,1,,,,,,,
530,Miriam Kamenská,Okresný súd Banská Bystrica,6,N/A,N/A,N/A,N/A,,,,,,,
531,Dušan Kán,Okresný súd Košice II,1,N/A,N/A,N/A,N/A,,,,,,,
532,Petr Kaňa,Okresný súd Komárno,6,N/A,N/A,N/A,N/A,,,,,,,
533,Jozef Kanás,Okresný súd Nové Zámky,N/A,N/A,N/A,N/A,N/A,,,,,,,
534,Jaroslav Kanderka,Okresný súd Prešov,4,5,0,3,5,,,,,,,
536,Viera Kandriková,Okresný súd Prešov,10,N/A,N/A,N/A,N/A,,,,,,,
539,Mário Karaffa,Okresný súd Galanta,1,3,5,6,10,,,,,,,
540,Pavol Karas,Okresný súd Košice II,0,N/A,N/A,N/A,N/A,,,,,,,
542,Jarmila Kasanová,Okresný súd Žiar nad Hronom,6,6,7,7,5,,,,,,,
543,Anna Kašajová,Mestský súd Bratislava I,7,N/A,N/A,N/A,N/A,,,,,,,
544,Mária Kašíková,Okresný súd Žilina,9,N/A,N/A,N/A,N/A,,,,,,,
546,Katarína Katková,Okresný súd Lučenec,4,N/A,N/A,N/A,N/A,,,,,,,
547,Andrej Kekely,Okresný súd Žilina,8,N/A,N/A,N/A,N/A,,,,,,,
548,"Ondrej Kekeňák, PhD.",Okresný súd Brezno,5,8,7,4,1,,,,,,,
550,Roland Kemény,Mestský súd Bratislava I,2,0,6,3,4,,,,,,,
552,Mária Képessyová,Okresný súd Dunajská Streda,1,4,3,0,6,,,,,,,
554,Jana Keselicová,Okresný súd Svidník,7,1,2,5,4,,,,,,,
555,Kajetán Kičura,Okresný súd Čadca,3,N/A,N/A,N/A,N/A,,,,,,,
556,Marcel Kirnág,Okresný súd Michalovce,2,5,1,6,7,,,,,,,
557,"Ingrid Kišacová, PhD.",Okresný súd Topoľčany,7,N/A,N/A,N/A,N/A,,,,,,,
559,Eva Kiššová,Okresný súd Prievidza,9,5,8,10,5,,,,,,,
560,Edita Klapáčová,Mestský Súd Košice,2,N/A,N/A,N/A,N/A,,,,,,,
563,Zdenka Kleimanová,Mestský súd Bratislava V,3,N/A,N/A,N/A,N/A,,,,,,,
567,Anna Klepáčová,Mestský súd Bratislava III,7,N/A,N/A,N/A,N/A,,,,,,,
570,Magdaléna Klimková,Okresný súd Humenné,9,N/A,N/A,N/A,N/A,,,,,,,
571,Branislav Klukoš,Okresný súd Ružomberok,5,7,7,7,4,,,,,,,
573,Renáta Kňazúrová,Okresný súd Dolný Kubín,6,5,7,6,5,,,,,,,
574,Judita Knociková,Okresný súd Trenčín,4,6,6,5,3,,,,,,,
577,Marek Kohút,Okresný súd Poprad,2,N/A,N/A,N/A,N/A,,,,,,,
578,Miriam Kohútová,Okresný súd Prievidza,N/A,N/A,N/A,N/A,N/A,,,,,,,
579,"Miriam Kohútová, PhD.",Okresný súd Prievidza,6,6,7,7,6,,,,,,,
583,Miloš Kolek,Okresný súd Prešov,5,N/A,N/A,N/A,N/A,,,,,,,
584,Martin Kolesár,Okresný súd Košice II,4,N/A,N/A,N/A,N/A,,,,,,,
585,Martin Kollár,Okresný súd Zvolen,1,4,6,1,10,,,,,,,
586,Natália Kolláriková,Mestský súd Bratislava V,3,2,2,7,8,,,,,,,
587,Nina Kollárová,Okresný súd Poprad,4,0,0,4,3,,,,,,,
588,Dagmar Komadová,Okresný súd Veľký Krtíš,6,N/A,N/A,N/A,N/A,,,,,,,
591,Andrea Kondllová,Okresný súd Piešťany,8,7,8,4,6,,,,,,,
592,Daniel Koneracký,Okresný súd Levice,5,10,3,7,2,,,,,,,
593,Adriana Konkolovská,Okresný súd Komárno,2,0,3,8,3,,,,,,,
594,Dáša Kontríková,Mestský súd Bratislava I,7,N/A,N/A,N/A,N/A,,,,,,,
595,Martin Kopina,Okresný súd Vranov nad Topľou,4,7,4,6,7,,,,,,,
596,Martin Kopšo,Mestský súd Bratislava IV,2,0,0,1,0,,,,,,,
597,Eva Korbeľová,Okresný súd Banská Bystrica,7,6,8,2,4,,,,,,,
598,Magdaléna Korčáková,Mestský Súd Košice,2,N/A,N/A,N/A,N/A,,,,,,,
599,Zuzana Korčeková,Mestský súd Bratislava II,7,8,5,3,10,,,,,,,
600,Jozef Korduliak,Okresný súd Čadca,0,N/A,N/A,N/A,N/A,,,,,,,
601,Arpád Koreň,Okresný súd Rožňava,7,5,8,7,5,,,,,,,
602,Martina Koreňová,Okresný súd Rimavská Sobota,9,8,8,9,5,,,,,,,
603,Viera Koscelanská,Okresný súd Nitra,10,0,0,6,0,,,,,,,
605,Klaudia Kosková,Okresný súd Zvolen,2,N/A,N/A,N/A,N/A,,,,,,,
607,Jana Kosorínová,Okresný súd Levice,4,0,2,7,4,,,,,,,
608,Marcela Kosová,Mestský súd Bratislava V,2,N/A,N/A,N/A,N/A,,,,,,,
609,Jeanette Kostolanská,Mestský súd Bratislava III,4,N/A,N/A,N/A,N/A,,,,,,,
610,Marek Koščo,Okresný súd Humenné,1,1,6,10,5,,,,,,,
611,Jana Koščová,Okresný súd Košice II,3,9,4,5,10,,,,,,,
612,Monika Koščová,Okresný súd Trebišov,3,N/A,N/A,N/A,N/A,,,,,,,
613,Marek Kotora,Okresný súd Michalovce,2,N/A,N/A,N/A,N/A,,,,,,,
615,Daniela Kotrecová,Mestský súd Bratislava IV,6,0,2,10,0,,,,,,,
616,Vladimír Kotus,Okresný súd Košice II,7,N/A,N/A,N/A,N/A,,,,,,,
617,Eva Kovácsová,Okresný súd Nové Zámky,8,3,9,6,1,,,,,,,
618,Tatiana Kovácsová,Okresný súd Lučenec,4,5,8,7,9,,,,,,,
619,Ján Kováč,Okresný súd Nitra,0,N/A,N/A,N/A,N/A,,,,,,,
622,Mária Kováčiková,Okresný súd Banská Bystrica,4,0,7,5,7,,,,,,,
624,Lenka Kováčová,Okresný súd Nitra,3,N/A,N/A,N/A,N/A,,,,,,,
626,Viera Kováčová,Okresný súd Košice II,4,10,3,4,10,,,,,,,
628,Jana Kovalčíková,Okresný súd Zvolen,0,5,5,6,7,,,,,,,
629,Margita Kovaľová,Okresný súd Námestovo,4,N/A,N/A,N/A,N/A,,,,,,,
631,Vladimír Kozáčik,Okresný súd Žilina,6,8,3,4,2,,,,,,,
632,Ján Kozenko,Okresný súd Vranov nad Topľou,7,N/A,N/A,N/A,N/A,,,,,,,
634,Helena Kožíková,Mestský súd Bratislava IV,1,N/A,N/A,N/A,N/A,,,,,,,
635,Renáta Krajčiová,Okresný súd Ružomberok,4,8,6,6,3,,,,,,,
636,Pavlína Krajčírová,Okresný súd Piešťany,6,N/A,N/A,N/A,N/A,,,,,,,
637,Ondrej Krajčo,Mestský súd Bratislava IV,7,N/A,N/A,N/A,N/A,,,,,,,
638,Michaela Krajčová,Mestský súd Bratislava II,6,0,5,7,7,,,,,,,
643,Branislav Král,Mestský súd Bratislava I,6,N/A,N/A,N/A,N/A,,,,,,,
647,Jozefína Králová,Mestský súd Bratislava IV,2,N/A,N/A,N/A,N/A,,,,,,,
648,Michaela Králová,Okresný súd Pezinok,5,N/A,N/A,N/A,N/A,,,,,,,
649,Andrea Kralovičová,Okresný súd Malacky,5,0,1,7,7,,,,,,,
650,Mária Krausová,Okresný súd Topoľčany,3,2,7,4,7,,,,,,,
651,Dušan Krč-Šebera,Okresný súd Komárno,2,N/A,N/A,N/A,N/A,,,,,,,
652,Rastislav Kresl,Okresný súd Trnava,6,N/A,N/A,N/A,N/A,,,,,,,
653,Ľubomíra Krchníková,Okresný súd Pezinok,5,5,7,7,5,,,,,,,
654,Andrea Krišková,Mestský súd Bratislava III,4,N/A,N/A,N/A,N/A,,,,,,,
655,Ľubica Krišková,Mestský súd Bratislava II,6,N/A,N/A,N/A,N/A,,,,,,,
656,Miroslav Krištofík,Okresný súd Galanta,0,N/A,N/A,N/A,N/A,,,,,,,
658,Katarína Krivulčíková,Okresný súd Považská Bystrica,5,6,5,5,3,,,,,,,
659,Anna Križáková,Mestský súd Bratislava V,7,2,5,6,1,,,,,,,
661,Anna Križanová,Okresný súd Nové Zámky,5,4,5,8,8,,,,,,,
662,Jana Krnáčová,Okresný súd Zvolen,7,4,6,8,6,,,,,,,
663,Karol Krochta,Okresný súd Stará Ľubovňa,4,N/A,N/A,N/A,N/A,,,,,,,
667,Andrej Kubinský,Okresný súd Kežmarok,3,N/A,N/A,N/A,N/A,,,,,,,
668,Ivan Kubínyi,Okresný súd Nové Mesto nad Váhom,9,N/A,N/A,N/A,N/A,,,,,,,
669,Andrea Kubjatková,Okresný súd Čadca,4,0,3,7,5,,,,,,,
670,Monika Kublová,Okresný súd Nitra,2,10,7,4,10,,,,,,,
671,Mária Kubusová,Okresný súd Poprad,0,0,10,,0,,,,,,,
674,Zuzana Kučerová,Mestský súd Bratislava I,7,N/A,N/A,N/A,N/A,,,,,,,
677,Zuzana Kudlovská,Mestský Súd Košice,3,2,1,1,2,,,,,,,
679,Viera Kukučková,Mestský súd Bratislava III,6,7,1,4,7,,,,,,,
681,Viera Kumová,Okresný súd Trenčín,2,2,2,3,2,,,,,,,
684,Jozef Kurian,Okresný súd Poprad,4,N/A,N/A,N/A,N/A,,,,,,,
685,Marián Kurinec,Mestský súd Bratislava III,0,0,0,4,6,,,,,,,
686,Monika Kurjaková,Okresný súd Námestovo,3,10,4,3,3,,,,,,,
688,Peter Kuruc,Okresný súd Poprad,5,0,1,7,2,,,,,,,
689,Jana Kurucová,Okresný súd Humenné,6,7,4,3,6,,,,,,,
690,Marián Kusý,Okresný súd Trnava,4,N/A,N/A,N/A,N/A,,,,,,,
691,Edita Kušnírová,Okresný súd Rožňava,9,N/A,N/A,N/A,N/A,,,,,,,
694,Anna Kutišová,Okresný súd Považská Bystrica,4,N/A,N/A,N/A,N/A,,,,,,,
695,Nicola Kuzmiaková,Okresný súd Košice okolie,2,N/A,N/A,N/A,N/A,,,,,,,
696,Helena Kuzmová,Okresný súd Trebišov,3,N/A,N/A,N/A,N/A,,,,,,,
697,Lenka Kvasnicová,Okresný súd Trenčín,2,10,3,5,5,,,,,,,
698,Miroslava Kvetková,Okresný súd Revúca,7,4,7,9,3,,,,,,,
699,Viera Kvetková,Okresný súd Rimavská Sobota,9,8,8,9,7,,,,,,,
700,Peter Kvietok,Okresný súd Revúca,10,N/A,N/A,N/A,N/A,,,,,,,
702,Gabriela Kyseľová,Okresný súd Námestovo,4,3,1,4,5,,,,,,,
703,Libor Kysucký,Okresný súd Považská Bystrica,2,4,4,3,6,,,,,,,
705,Radoslav Lacko,Mestský Súd Košice,N/A,10,3,7,1,,,,,,,
707,Martina Ľachová,Okresný súd Galanta,4,N/A,N/A,N/A,N/A,,,,,,,
708,Kristína Lakotová,Okresný súd Malacky,2,N/A,N/A,N/A,N/A,,,,,,,
710,Elena Lámerová,Okresný súd Brezno,6,4,7,10,1,,,,,,,
711,Viera Lamprechtová,Mestský súd Bratislava III,4,N/A,N/A,N/A,N/A,,,,,,,
713,Ján Lapšanský,Okresný súd Spišská Nová Ves,7,N/A,N/A,N/A,N/A,,,,,,,
715,Danka Lauková,Okresný súd Prievidza,10,6,7,7,5,,,,,,,
716,"Branislav Lečko, PhD.",Okresný súd Žilina,8,3,5,6,7,,,,,,,
718,Miroslav Lehoczký,Okresný súd Malacky,3,N/A,N/A,N/A,N/A,,,,,,,
720,Juraj Lehotský,Okresný súd Zvolen,2,2,4,7,5,,,,,,,
721,Zita Leimbergerová,Mestský súd Bratislava V,4,10,4,5,10,,,,,,,
722,Erika Lengyelová,Okresný súd Dunajská Streda,4,N/A,N/A,N/A,N/A,,,,,,,
727,David Lindtner,Mestský súd Bratislava III,2,N/A,N/A,N/A,N/A,,,,,,,
728,Daniela Linetová,Mestský súd Bratislava III,5,0,0,4,7,,,,,,,
729,Silvia Lipovská,Okresný súd Trnava,0,N/A,N/A,N/A,N/A,,,,,,,
731,Monika Liptáková,Okresný súd Žilina,8,N/A,N/A,N/A,N/A,,,,,,,
732,Anna Lisá,Okresný súd Humenné,6,N/A,N/A,N/A,N/A,,,,,,,
733,Helena Loduhová,Okresný súd Považská Bystrica,3,N/A,N/A,N/A,N/A,,,,,,,
734,Zuzana Lohnertová,Mestský súd Bratislava III,4,4,5,7,6,,,,,,,
735,Ján Lokša,Okresný súd Košice II,3,4,6,2,4,,,,,,,
736,"Martin Lopuch, PhD.",Okresný súd Michalovce,3,N/A,N/A,N/A,N/A,,,,,,,
737,Ladislav Lóška,Okresný súd Lučenec,3,6,9,8,9,,,,,,,
738,Lýdia Lučivjanská,Mestský Súd Košice,4,N/A,N/A,N/A,N/A,,,,,,,
739,Andrej Lukáč,Okresný súd Humenné,0,N/A,N/A,N/A,N/A,,,,,,,
741,Juraj Lukáč,Okresný súd Liptovský Mikuláš,5,4,3,3,5,,,,,,,
743,Peter Lukáč,Okresný súd Žiar nad Hronom,3,6,6,7,4,,,,,,,
745,Dana Macášková,Okresný súd Trnava,8,4,3,5,3,,,,,,,
747,Jaroslav Macek,Okresný súd Žilina,10,3,1,8,2,,,,,,,
748,Eva Macúchová,Okresný súd Nové Mesto nad Váhom,10,N/A,N/A,N/A,N/A,,,,,,,
750,Marián Mačura,Okresný súd Prešov,5,N/A,N/A,N/A,N/A,,,,,,,
754,Danka Majdáková,Okresný súd Stará Ľubovňa,9,4,7,7,4,,,,,,,
756,Ľudovít Majerčík,Okresný súd Komárno,6,4,8,6,0,,,,,,,
757,Janka Majerčíková,Okresný súd Ružomberok,5,10,5,4,2,,,,,,,
758,Anna Majeriková,Okresný súd Žilina,7,6,3,5,4,,,,,,,
759,Bohuslav Majerníček,Okresný súd Kežmarok,0,N/A,N/A,N/A,N/A,,,,,,,
760,"Milan Majerník, PhD.",Okresný súd Bardejov,7,5,7,8,3,,,,,,,
762,Roman Majerský,Okresný súd Pezinok,5,N/A,N/A,N/A,N/A,,,,,,,
763,Miroslava Maláriková,Okresný súd Trnava,6,5,6,7,7,,,,,,,
764,Marcela Malatká,Okresný súd Žilina,5,N/A,N/A,N/A,N/A,,,,,,,
765,Blanka Malichová,Mestský súd Bratislava II,8,N/A,N/A,N/A,N/A,,,,,,,
767,Mária Malíková,Okresný súd Nitra,3,N/A,N/A,N/A,N/A,,,,,,,
768,Zuzana Mališová,Mestský súd Bratislava I,8,N/A,N/A,N/A,N/A,,,,,,,
770,Igor Malý,Okresný súd Trnava,5,3,5,7,5,,,,,,,
771,Daniela Mamráková,Mestský súd Bratislava IV,5,N/A,N/A,N/A,N/A,,,,,,,
772,Miroslav Manďák,Okresný súd Trenčín,3,N/A,N/A,N/A,N/A,,,,,,,
773,Marián Manduch,Okresný súd Trenčín,6,5,8,4,9,,,,,,,
774,Miriam Manová,Okresný súd Bánovce nad Bebravou,7,N/A,N/A,N/A,N/A,,,,,,,
775,Eva Marčeková,Okresný súd Martin,1,N/A,N/A,N/A,N/A,,,,,,,
777,Markéta Marečková,Okresný súd Poprad,4,0,0,6,4,,,,,,,
779,Alžbeta Marková,Mestský súd Bratislava IV,4,0,5,9,10,,,,,,,
782,Viera Marková,Mestský súd Bratislava I,9,5,0,0,3,,,,,,,
788,Alena Martinusová,Mestský súd Bratislava V,1,N/A,N/A,N/A,N/A,,,,,,,
790,Zuzana Maruniaková,Mestský súd Bratislava V,N/A,N/A,N/A,N/A,N/A,,,,,,,
791,Ivo Maruščák,Okresný súd Svidník,0,N/A,N/A,N/A,N/A,,,,,,,
797,Zdenka Mattielighová,Mestský súd Bratislava III,5,2,3,6,5,,,,,,,
798,Róbert Matulák,Okresný súd Prievidza,7,7,8,8,5,,,,,,,
799,"Eva Matulayová, PhD.",Okresný súd Partizánske,3,N/A,N/A,N/A,N/A,,,,,,,
800,Andrej Matušovic,Okresný súd Žiar nad Hronom,5,4,8,2,1,,,,,,,
801,Zuzana Matyiová,Okresný súd Košice okolie,0,N/A,N/A,N/A,N/A,,,,,,,
804,Miroslav Mazúch,Okresný súd Martin,5,N/A,N/A,N/A,N/A,,,,,,,
805,Alena Mazúrová,Mestský Súd Košice,4,0,0,6,4,,,,,,,
806,Terézia Mecelová,Okresný súd Piešťany,10,N/A,N/A,N/A,N/A,,,,,,,
809,Jozef Medveď,Okresný súd Žiar nad Hronom,5,6,8,5,8,,,,,,,
812,Marta Melicherčíková,Mestský Súd Košice,6,4,2,6,10,,,,,,,
813,Cecília Melišková,Okresný súd Nové Zámky,5,N/A,N/A,N/A,N/A,,,,,,,
814,Martina Melníková,Okresný súd Vranov nad Topľou,7,5,5,7,5,,,,,,,
815,Peter Mén,Okresný súd Košice okolie,7,6,6,2,6,,,,,,,
817,Helena Menichová,Okresný súd Martin,7,8,6,7,4,,,,,,,
818,Denisa Mesárošová,Okresný súd Nitra,1,10,4,3,10,,,,,,,
822,Eva Mészárosová,Mestský súd Bratislava V,5,N/A,N/A,N/A,N/A,,,,,,,
823,Marie Mészárosová,Okresný súd Dunajská Streda,5,N/A,N/A,N/A,N/A,,,,,,,
824,Peter Mezőszállási,Okresný súd Komárno,4,3,2,5,1,,,,,,,
825,Oľga Mičietová,Okresný súd Košice II,4,N/A,N/A,N/A,N/A,,,,,,,
826,Janka Mičková,Okresný súd Košice II,0,10,2,1,10,,,,,,,
829,Juraj Mihál,Mestský súd Bratislava I,0,N/A,N/A,N/A,N/A,,,,,,,
830,Soňa Mihaľáková,Okresný súd Košice II,3,5,7,0,3,,,,,,,
832,Eva Mihálechová,Okresný súd Banská Bystrica,2,N/A,N/A,N/A,N/A,,,,,,,
833,Anna Miháliková,Okresný súd Žilina,7,N/A,N/A,N/A,N/A,,,,,,,
834,Renáta Mihalíková,Okresný súd Topoľčany,4,3,8,3,3,,,,,,,
835,Viera Mihalová,Okresný súd Pezinok,N/A,N/A,N/A,N/A,N/A,,,,,,,
836,Iveta Mihóková,Okresný súd Vranov nad Topľou,7,2,7,8,3,,,,,,,
837,Božena Michaláčová,Okresný súd Skalica,7,10,6,4,5,,,,,,,
840,Tomáš Michálek,Okresný súd Pezinok,4,4,4,4,2,,,,,,,
844,Stanislava Miklánková,Okresný súd Nové Mesto nad Váhom,8,N/A,N/A,N/A,N/A,,,,,,,
845,Eva Miklošková,Mestský súd Bratislava V,6,N/A,N/A,N/A,N/A,,,,,,,
846,Zuzana Miklošová,Okresný súd Trebišov,5,3,5,8,4,,,,,,,
847,Anna Miklová,Okresný súd Nové Zámky,7,N/A,N/A,N/A,N/A,,,,,,,
848,Jozef Mikluš,Mestský Súd Košice,4,8,4,1,1,,,,,,,
849,Alena Miková,Okresný súd Košice II,5,N/A,N/A,N/A,N/A,,,,,,,
852,Vanda Mikulášová,Okresný súd Námestovo,0,10,4,2,8,,,,,,,
853,Marek Mikulčík,Okresný súd Pezinok,2,2,3,0,8,,,,,,,
856,"Viera Milatová, PhD.",Mestský súd Bratislava V,5,N/A,N/A,N/A,N/A,,,,,,,
857,Ján Miľko,Okresný súd Trebišov,6,N/A,N/A,N/A,N/A,,,,,,,
860,Silvia Minková,Okresný súd Zvolen,7,5,6,8,6,,,,,,,
863,Patrícia Miskolczyová,Mestský Súd Košice,2,N/A,N/A,N/A,N/A,,,,,,,
865,Andrej Mitterpák,Mestský Súd Košice,8,4,9,3,3,,,,,,,
866,Milan Mitterpák,Okresný súd Michalovce,0,8,2,5,8,,,,,,,
868,Daniel Miženko,Okresný súd Galanta,7,N/A,N/A,N/A,N/A,,,,,,,
869,Dagmar Mlejová,Okresný súd Košice okolie,2,N/A,N/A,N/A,N/A,,,,,,,
870,Slavomíra Mlynarčíková,Okresný súd Liptovský Mikuláš,6,7,7,5,3,,,,,,,
872,Alexandra Mochnacká,Okresný súd Poprad,5,0,0,6,3,,,,,,,
874,Marián Mokoš,Okresný súd Topoľčany,6,5,6,7,5,,,,,,,
875,Richard Molnár,Mestský súd Bratislava I,N/A,N/A,N/A,N/A,N/A,,,,,,,
880,Andrea Moravčíková PhD.,Okresný súd Trnava,N/A,N/A,N/A,N/A,N/A,,,,,,,
881,Anna Moravová,Mestský súd Bratislava III,2,N/A,N/A,N/A,N/A,,,,,,,
882,Anna Móroczová,Okresný súd Dunajská Streda,2,N/A,N/A,N/A,N/A,,,,,,,
884,Zuzana Moťovská Dobošová,Mestský súd Bratislava I,5,8,0,0,9,,,,,,,
886,Zlata Mrázova,Mestský súd Bratislava II,4,N/A,N/A,N/A,N/A,,,,,,,
888,Drahomír Mrva,Okresný súd Žilina,5,7,1,4,4,,,,,,,
889,Lenka Müllerová,Okresný súd Žilina,9,9,1,3,2,,,,,,,
893,Marta Murgašová,Mestský súd Bratislava II,5,N/A,N/A,N/A,N/A,,,,,,,
896,Jozef Nadzam,Okresný súd Trebišov,3,5,6,2,6,,,,,,,
897,Štefan Nagy,Okresný súd Komárno,N/A,N/A,N/A,N/A,N/A,,,,,,,
898,Mária Nagyová,Okresný súd Nové Zámky,2,5,7,6,3,,,,,,,
900,Ľubica Nemcová,Okresný súd Košice okolie,3,N/A,N/A,N/A,N/A,,,,,,,
902,Renáta Nemčeková PhD.,Mestský súd Bratislava V,4,6,1,5,6,,,,,,,
903,Lýdia Nemešová,Mestský Súd Košice,7,N/A,N/A,N/A,N/A,,,,,,,
905,Erika Némethová Stiffelová,Mestský súd Bratislava V,3,3,8,1,3,,,,,,,
909,Agneša Néveryová,Okresný súd Komárno,1,N/A,N/A,N/A,N/A,,,,,,,
911,Oľga Nižňanská,Mestský súd Bratislava II,6,10,4,3,10,,,,,,,
913,Miroslav Novák,Okresný súd Vranov nad Topľou,1,N/A,N/A,N/A,N/A,,,,,,,
914,Štefan Novák LL.M.,Okresný súd Banská Bystrica,6,N/A,N/A,N/A,N/A,,,,,,,
915,Tomáš Novák,Okresný súd Prešov,7,7,2,3,4,,,,,,,
917,Jana Novotná Mlinárcsik,Okresný súd Žilina,9,N/A,N/A,N/A,N/A,,,,,,,
918,Andrea Novotná,Okresný súd Dolný Kubín,5,3,2,5,1,,,,,,,
920,Ľubica Novotná,Mestský súd Bratislava II,5,1,4,5,3,,,,,,,
921,Denisa Novotná Mlinárcsiková,Mestský Súd Košice,7,N/A,N/A,N/A,1,,,,,,,
922,Rudolf Novotný,Okresný súd Dunajská Streda,0,N/A,N/A,N/A,N/A,,,,,,,
924,Janette Nôtová,Okresný súd Zvolen,4,3,6,8,5,,,,,,,
925,Viera Obermanová,Okresný súd Košice II,3,N/A,N/A,N/A,N/A,,,,,,,
926,Jana Ocelková,Okresný súd Pezinok,4,4,3,4,4,,,,,,,
927,Jana Očenášová,Okresný súd Levice,N/A,N/A,N/A,N/A,N/A,,,,,,,
928,Ama Odalošová,Okresný súd Banská Bystrica,6,N/A,N/A,N/A,N/A,,,,,,,
930,Katarína Ondrejáková,Okresný súd Malacky,0,N/A,N/A,N/A,3,,,,,,,
931,Alena Ondrejová,Okresný súd Rimavská Sobota,6,N/A,N/A,N/A,N/A,,,,,,,
932,Mária Ondrejová,Okresný súd Nitra,5,4,9,3,5,,,,,,,
933,Mária Ondriašová,Mestský súd Bratislava I,1,N/A,N/A,N/A,N/A,,,,,,,
935,Dáša Onuferová,Mestský súd Bratislava III,3,0,0,3,7,,,,,,,
936,Beáta Oreničová,Okresný súd Košice II,4,8,6,7,10,,,,,,,
938,Alexandra Osadská,Okresný súd Nitra,2,5,9,5,6,,,,,,,
941,Marcela Ostrihoňová,Okresný súd Trenčín,0,N/A,N/A,N/A,N/A,,,,,,,
942,Ľudmila Ostrolucká,Okresný súd Zvolen,5,3,4,7,5,,,,,,,
943,Miriam Oswaldová,Mestský súd Bratislava IV,4,6,0,3,5,,,,,,,
946,Bohuslav Padrta,Mestský súd Bratislava II,3,N/A,N/A,N/A,N/A,,,,,,,
947,Dušan Pagáč,Okresný súd Martin,3,N/A,N/A,N/A,N/A,,,,,,,
948,"Michaela Pacherová, PhD.",Mestský súd Bratislava II,4,2,1,3,4,,,,,,,
949,Paulína Pacherová,Mestský súd Bratislava II,4,N/A,N/A,N/A,N/A,,,,,,,
950,Mária Pajerchinová Dr.,Okresný súd Poprad,2,N/A,N/A,N/A,N/A,,,,,,,
955,Gabriela Panáková,Okresný súd Žilina,6,10,2,2,5,,,,,,,
956,Ivo Parada,Okresný súd Svidník,6,2,2,5,5,,,,,,,
959,Arpád Pastorek,Okresný súd Komárno,0,9,4,4,7,,,,,,,
962,Alena Paveleková,Okresný súd Prešov,6,4,3,6,5,,,,,,,
963,Gizela Pavelová,Mestský Súd Košice,0,N/A,N/A,N/A,N/A,,,,,,,
964,Edita Pavková,Okresný súd Trebišov,0,10,6,4,7,,,,,,,
966,Ivan Pavlovič,Okresný súd Nové Mesto nad Váhom,4,7,3,2,5,,,,,,,
967,Lenka Pavlovičová,Okresný súd Nové Mesto nad Váhom,7,4,4,4,7,,,,,,,
968,Adrián Pažúr,Okresný súd Košice II,7,N/A,N/A,N/A,N/A,,,,,,,
970,Rastislav Pella,Okresný súd Košice II,4,10,10,,3,,,,,,,
971,Miriam Penjaková,Okresný súd Ružomberok,5,4,7,7,5,,,,,,,
974,Naďa Pethöová,Okresný súd Galanta,3,3,4,6,10,,,,,,,
977,Milan Petričko,Okresný súd Trebišov,3,N/A,N/A,N/A,N/A,,,,,,,
978,Martina Petríková,Okresný súd Levice,3,6,6,7,6,,,,,,,
980,Viera Petrová,Okresný súd Trebišov,6,5,7,7,6,,,,,,,
981,Kamil Petrovič,Okresný súd Košice II,4,9,1,1,10,,,,,,,
982,Slávka Petrovičová,Okresný súd Košice II,5,7,2,4,10,,,,,,,
984,Elena Petrusová,Okresný súd Veľký Krtíš,3,0,6,9,1,,,,,,,
985,Mária Petrušková,Okresný súd Poprad,2,5,8,3,2,,,,,,,
986,Peter Philadelphy,Okresný súd Banská Bystrica,5,5,8,6,4,,,,,,,
987,Mariana Philadelphyová,Okresný súd Zvolen,5,4,8,3,7,,,,,,,
988,Hedviga Pikalíková,Okresný súd Nové Mesto nad Váhom,8,N/A,N/A,N/A,N/A,,,,,,,
989,Anna Pikulová,Okresný súd Banská Bystrica,7,9,0,0,3,,,,,,,
990,Daniela Pilarčíková,Okresný súd Námestovo,3,4,5,5,7,,,,,,,
991,Zuzana Pilátová,Okresný súd Žilina,9,5,7,2,7,,,,,,,
993,Miriam Pintová,Okresný súd Levice,4,10,6,6,7,,,,,,,
996,Ladislav Piros,Okresný súd Dunajská Streda,0,6,6,1,9,,,,,,,
997,Valéria Píšová,Okresný súd Prievidza,N/A,N/A,N/A,N/A,N/A,,,,,,,
998,Mária Piusová,Okresný súd Senica,8,N/A,N/A,N/A,N/A,,,,,,,
999,Barbara Plaskurová,Okresný súd Nové Mesto nad Váhom,8,10,0,0,1,,,,,,,
1000,Anna Plichtíková,Okresný súd Čadca,2,0,3,8,4,,,,,,,
1001,Rastislav Plutinský,Okresný súd Dolný Kubín,5,4,7,6,2,,,,,,,
1002,Mariana Podbehlá,Okresný súd Nitra,6,9,5,5,10,,,,,,,
1004,Katarína Podhorcová,Okresný súd Liptovský Mikuláš,2,5,6,5,4,,,,,,,
1010,Marián Polaček,Okresný súd Prešov,3,4,4,0,5,,,,,,,
1013,Michal Polák,Okresný súd Košice II,2,5,4,2,4,,,,,,,
1014,Taťána Poláková,Mestský súd Bratislava IV,3,6,0,3,5,,,,,,,
1017,Ján Poprocký,Mestský Súd Košice,4,5,7,1,3,,,,,,,
1018,Tatiana Porubänová,Okresný súd Trenčín,5,9,4,5,4,,,,,,,
1019,Karol Posluch,Mestský súd Bratislava III,3,5,7,3,10,,,,,,,
1020,Hana Posluchová,Mestský súd Bratislava II,7,3,4,5,5,,,,,,,
1024,Raul Pospíšil,Mestský súd Bratislava II,3,8,2,1,10,,,,,,,
1028,Adriana Považanová,Okresný súd Partizánske,6,N/A,N/A,N/A,N/A,,,,,,,
1031,Janka Pravotiaková,Mestský Súd Košice,2,7,2,3,4,,,,,,,
1033,Lucia Prčová,Okresný súd Revúca,9,4,7,9,4,,,,,,,
1034,Štefan Precechtel,Okresný súd Levice,N/A,N/A,N/A,N/A,N/A,,,,,,,
1036,Patrik Príbelský,Okresný súd Trnava,6,N/A,N/A,N/A,N/A,,,,,,,
1037,Jozef Pribula,Okresný súd Košice okolie,2,N/A,N/A,N/A,N/A,,,,,,,
1040,Petra Priečinská,Mestský súd Bratislava II,6,9,4,4,10,,,,,,,
1043,Daniela Pristášová,Okresný súd Michalovce,5,8,3,4,9,,,,,,,
1045,Lenka Protznerová,Mestský Súd Košice,6,N/A,N/A,N/A,N/A,,,,,,,
1050,Darina Puklušová,Okresný súd Spišská Nová Ves,3,3,6,8,10,,,,,,,
1051,Peter Pulman,Okresný súd Banská Bystrica,6,N/A,N/A,N/A,N/A,,,,,,,
1052,Vladislav Puškáš,Okresný súd Bardejov,4,N/A,N/A,N/A,N/A,,,,,,,
1053,Iveta Puškášová,Okresný súd Košice okolie,1,5,3,4,10,,,,,,,
1054,Adriana Pytliaková Dr.,Okresný súd Čadca,6,0,3,8,3,,,,,,,
1055,Marta Raábová,Okresný súd Košice II,2,4,1,5,6,,,,,,,
1057,Miroslav Račko,Okresný súd Lučenec,6,4,9,8,1,,,,,,,
1058,Miroslav Radačovský,Okresný súd Poprad,3,N/A,N/A,N/A,N/A,,,,,,,
1060,Igor Ragan,Okresný súd Michalovce,6,N/A,N/A,N/A,N/A,,,,,,,
1061,Jana Raganová,Mestský Súd Košice,5,N/A,N/A,N/A,N/A,,,,,,,
1062,Peter Rajňák,Okresný súd Nové Zámky,1,8,5,4,9,,,,,,,
1063,Daniela Rajňáková,Okresný súd Nové Zámky,3,5,6,6,6,,,,,,,
1065,Tatiana Redenkovičová Koprdová,Mestský súd Bratislava IV,2,8,0,4,5,,,,,,,
1068,Roman Reištetter,Okresný súd Banská Bystrica,5,6,8,5,5,,,,,,,
1069,Gertrúda Rennerová,Okresný súd Levice,5,N/A,N/A,N/A,N/A,,,,,,,
1070,Miriam Repáková,Mestský súd Bratislava I,2,N/A,N/A,N/A,N/A,,,,,,,
1072,Gabriela Repková,Okresný súd Považská Bystrica,10,N/A,N/A,N/A,N/A,,,,,,,
1075,Zuzana Rigáňová,Mestský súd Bratislava IV,2,10,0,3,6,,,,,,,
1076,Božena Richtáriková,Mestský súd Bratislava III,3,N/A,N/A,N/A,N/A,,,,,,,
1080,Ivan Roháč,Okresný súd Humenné,0,N/A,N/A,N/A,N/A,,,,,,,
1081,Pavel Rohárik,Okresný súd Banská Bystrica,4,N/A,N/A,N/A,N/A,,,,,,,
1082,Marián Rošak,Okresný súd Martin,5,3,7,6,5,,,,,,,
1083,Alena Roštárová,Mestský súd Bratislava II,7,N/A,N/A,N/A,N/A,,,,,,,
1084,Pavol Roth,Okresný súd Poprad,5,3,6,1,3,,,,,,,
1085,Miroslav Rudinský,Okresný súd Malacky,0,10,1,2,8,,,,,,,
1087,Radoslav Rusnák,Okresný súd Spišská Nová Ves,7,5,8,4,2,,,,,,,
1088,Katarína Rusňáková,Mestský súd Bratislava V,5,0,2,6,8,,,,,,,
1089,Alica Ružbárska,Mestský súd Bratislava II,1,N/A,N/A,N/A,N/A,,,,,,,
1090,Milan Růžička,Okresný súd Veľký Krtíš,5,N/A,N/A,N/A,N/A,,,,,,,
1093,Ján Rybárik,Okresný súd Žilina,0,6,0,3,4,,,,,,,
1094,Marta Rybárová,Okresný súd Trenčín,6,N/A,N/A,N/A,N/A,,,,,,,
1095,Miroslav Rybčák,Okresný súd Bardejov,0,N/A,N/A,N/A,N/A,,,,,,,
1097,Tatiana Sabadošová,Okresný súd Michalovce,7,N/A,N/A,N/A,N/A,,,,,,,
1100,Edita Sahánková,Mestský súd Bratislava I,N/A,N/A,N/A,N/A,N/A,,,,,,,
1102,Antónia Salayová,Okresný súd Dunajská Streda,9,3,4,3,1,,,,,,,
1103,Lenka Saloková,Okresný súd Košice okolie,8,8,7,4,6,,,,,,,
1106,Viera Sandtnerová,Mestský súd Bratislava V,7,N/A,N/A,N/A,N/A,,,,,,,
1107,Zdenka Saraková,Okresný súd Bardejov,5,N/A,N/A,N/A,N/A,,,,,,,
1109,Andrea Sedlačková,Okresný súd Pezinok,9,N/A,N/A,N/A,N/A,,,,,,,
1112,Stanislava Semanová,Okresný súd Spišská Nová Ves,4,4,6,7,7,,,,,,,
1115,Beáta Schmidtová,Okresný súd Trenčín,4,4,7,4,8,,,,,,,
1116,Jana Scholtzová,Okresný súd Žilina,4,6,0,2,4,,,,,,,
1117,Jarmila Schromová,Okresný súd Prievidza,8,3,6,8,4,,,,,,,
1120,Eva Schweitzerová,Okresný súd Galanta,3,N/A,N/A,N/A,3,,,,,,,
1122,Rastislav Sikorjak,Okresný súd Prešov,7,5,5,6,8,,,,,,,
1123,Helena Silavecká,Okresný súd Skalica,1,N/A,N/A,N/A,N/A,,,,,,,
1125,Zuzana Singerová,Okresný súd Nitra,2,9,6,5,8,,,,,,,
1126,Monika Sitáriková,Okresný súd Bánovce nad Bebravou,9,10,7,4,3,,,,,,,
1127,Mária Sitárová,Okresný súd Nitra,6,4,7,7,7,,,,,,,
1128,Peter Sivák,Okresný súd Humenné,5,9,6,5,8,,,,,,,
1129,Ján Skalický,Okresný súd Pezinok,2,N/A,N/A,N/A,N/A,,,,,,,
1131,Patricia Skotnická,Mestský súd Bratislava I,10,N/A,N/A,N/A,N/A,,,,,,,
1133,Viera Sládečková,Mestský súd Bratislava III,3,0,0,4,7,,,,,,,
1136,Viera Sláviková,Okresný súd Senica,1,5,3,6,4,,,,,,,
1138,Iveta Slebodníková,Mestský Súd Košice,1,7,5,6,10,,,,,,,
1140,Gabriel Slobodník,Okresný súd Banská Bystrica,8,0,8,4,6,,,,,,,
1141,Vladimíra Slobodová,Mestský súd Bratislava V,5,3,3,6,9,,,,,,,
1143,Anna Slovinská,Okresný súd Spišská Nová Ves,2,N/A,N/A,N/A,N/A,,,,,,,
1144,Ján Slovinský,Okresný súd Spišská Nová Ves,6,N/A,N/A,N/A,N/A,,,,,,,
1146,Martin Smolko,Okresný súd Trnava,2,7,0,10,10,,,,,,,
1149,Marián Sninský,Okresný súd Humenné,1,N/A,N/A,N/A,N/A,,,,,,,
1150,Anna Snopčoková,Okresný súd Zvolen,7,N/A,N/A,N/A,N/A,,,,,,,
1151,Dagmar Snopeková,Okresný súd Topoľčany,6,4,5,6,5,,,,,,,
1152,Gabriela Sobolovská,Mestský súd Bratislava II,2,N/A,N/A,N/A,N/A,,,,,,,
1154,"Stanislav Sojka, PhD.",Okresný súd Michalovce,4,5,8,5,5,,,,,,,
1156,Dagmar Soliarová,Okresný súd Poprad,5,3,2,7,4,,,,,,,
1157,Iveta Sonderlichová,Okresný súd Košice okolie,8,6,8,2,2,,,,,,,
1159,Iveta Sopková,Okresný súd Trenčín,2,N/A,N/A,N/A,N/A,,,,,,,
1160,Marián Sopoliga,Okresný súd Trebišov,3,N/A,N/A,N/A,N/A,,,,,,,
1162,Angelika Sopoligová,Okresný súd Košice okolie,5,N/A,N/A,N/A,N/A,,,,,,,
1163,Vladimír Sopúch,Okresný súd Nitra,1,4,8,1,6,,,,,,,
1165,Zlatica Spurná,Okresný súd Žiar nad Hronom,10,N/A,N/A,N/A,N/A,,,,,,,
1166,Ivan Spurný,Okresný súd Žiar nad Hronom,5,N/A,N/A,N/A,N/A,,,,,,,
1167,Dušan Srogončík,Mestský súd Bratislava V,4,N/A,N/A,N/A,N/A,,,,,,,
1168,Miriam Srogončíková,Okresný súd Námestovo,4,5,3,4,7,,,,,,,
1169,Jana Sroková,Okresný súd Stará Ľubovňa,9,6,6,7,4,,,,,,,
1170,Andrej Stachovič,Okresný súd Nové Mesto nad Váhom,8,2,4,4,3,,,,,,,
1171,Ján Stanček,Okresný súd Pezinok,3,N/A,N/A,N/A,N/A,,,,,,,
1172,Milan Staněk,Mestský súd Bratislava II,4,N/A,N/A,N/A,N/A,,,,,,,
1173,Katarína Stanislavská,Okresný súd Trnava,8,N/A,N/A,N/A,N/A,,,,,,,
1175,Blažena Stašíková,Okresný súd Ružomberok,3,8,6,5,4,,,,,,,
1176,Ingrid Steinsdorferová,Okresný súd Banská Bystrica,7,7,6,6,4,,,,,,,
1177,Rastislav Stieranka,Okresný súd Dolný Kubín,2,N/A,N/A,N/A,N/A,,,,,,,
1179,Zuzana Stolárová,Mestský Súd Košice,7,N/A,N/A,N/A,N/A,,,,,,,
1181,Milan Straka,Okresný súd Trenčín,5,N/A,N/A,N/A,N/A,,,,,,,
1182,Peter Straka,Okresný súd Lučenec,4,8,5,6,9,,,,,,,
1184,Eva Straková,Okresný súd Prešov,5,N/A,N/A,N/A,N/A,,,,,,,
1185,Eva Strašková,Okresný súd Veľký Krtíš,3,N/A,N/A,N/A,N/A,,,,,,,
1186,Martin Stretavský,Okresný súd Michalovce,2,1,4,8,9,,,,,,,
1187,Miroslav Studenčan,Okresný súd Galanta,5,6,3,1,9,,,,,,,
1188,Júlia Stuhlmann – Podobová,Okresný súd Považská Bystrica,3,N/A,N/A,N/A,N/A,,,,,,,
1192,Eva Suchová,Mestský súd Bratislava IV,5,4,1,2,2,,,,,,,
1193,Božena Sukupčáková,Okresný súd Senica,5,N/A,N/A,N/A,N/A,,,,,,,
1194,Beáta Svediaková,Okresný súd Žilina,4,7,2,4,4,,,,,,,
1197,"Radoslav Svitana, PhD.",Okresný súd Bánovce nad Bebravou,9,N/A,N/A,N/A,N/A,,,,,,,
1198,Vincent Svoboda,Okresný súd Michalovce,6,N/A,N/A,N/A,N/A,,,,,,,
1200,Iveta Sýkorová,Okresný súd Žilina,4,0,0,2,2,,,,,,,
1201,Renáta Sýkorová,Okresný súd Žilina,5,7,5,5,8,,,,,,,
1202,Sylvia Szabadošová,Okresný súd Prešov,6,10,7,2,10,,,,,,,
1203,Eduard Szabo,Okresný súd Partizánske,2,4,4,7,5,,,,,,,
1206,Erika Szalaiová,Okresný súd Dunajská Streda,5,5,3,4,8,,,,,,,
1208,Adriana Szaniszlová,Okresný súd Košice II,3,0,3,6,10,,,,,,,
1209,Eva Szárazová,Okresný súd Nové Zámky,0,N/A,N/A,N/A,N/A,,,,,,,
1210,Miriam Szárazová,Okresný súd Stará Ľubovňa,5,3,2,7,4,,,,,,,
1211,Ľuboš Szigeti,Okresný súd Galanta,1,N/A,N/A,N/A,N/A,,,,,,,
1212,Juraj Szököl,Okresný súd Lučenec,8,N/A,N/A,N/A,N/A,,,,,,,
1213,Andrea Szombathová-Poláková,Okresný súd Nitra,4,N/A,N/A,N/A,N/A,,,,,,,
1214,Blažena Szpyrcová,Mestský Súd Košice,3,6,5,6,10,,,,,,,
1215,Emília Szullová,Mestský súd Bratislava I,5,N/A,N/A,N/A,N/A,,,,,,,
1216,Ľubomír Šabla,Okresný súd Revúca,10,N/A,N/A,N/A,N/A,,,,,,,
1217,Monika Šabľová,Okresný súd Poprad,6,2,2,4,3,,,,,,,
1218,Eva Šajmovičová,Mestský súd Bratislava V,3,N/A,N/A,N/A,N/A,,,,,,,
1220,Denisa Šaligová,Okresný súd Nitra,6,N/A,N/A,N/A,N/A,,,,,,,
1221,Peter Šamko,Okresný súd Pezinok,N/A,N/A,N/A,N/A,N/A,,,,,,,
1224,Miroslav Šanta,Okresný súd Zvolen,N/A,N/A,N/A,N/A,N/A,,,,,,,
1225,Marta Šašinková,Mestský súd Bratislava II,5,N/A,N/A,N/A,N/A,,,,,,,
1231,Marek Šenkár,Okresný súd Žilina,10,6,6,3,7,,,,,,,
1233,Vojtech Ševčík,Okresný súd Žiar nad Hronom,1,N/A,N/A,N/A,N/A,,,,,,,
1235,Dana Šiffalovičová,Mestský súd Bratislava IV,3,N/A,N/A,N/A,N/A,,,,,,,
1237,Ivan Šimek,Okresný súd Skalica,9,5,6,5,3,,,,,,,
1238,Katarína Šimková,Okresný súd Trenčín,7,10,6,5,4,,,,,,,
1240,Ingrid Šimonová,Okresný súd Piešťany,4,0,1,4,2,,,,,,,
1242,Alena Šišková,Okresný súd Topoľčany,N/A,N/A,N/A,N/A,N/A,,,,,,,
1243,Eva Šišková,Okresný súd Nitra,7,N/A,N/A,N/A,N/A,,,,,,,
1244,Klaudia Šišková,Okresný súd Prievidza,9,5,7,7,4,,,,,,,
1245,Monika Školníková,Mestský súd Bratislava II,5,N/A,N/A,N/A,N/A,,,,,,,
1249,Katarína Škrovanová,Okresný súd Senica,4,4,4,6,5,,,,,,,
1250,Igor Škultéty,Mestský súd Bratislava V,1,N/A,N/A,N/A,N/A,,,,,,,
1251,Katarína Škultétyová,Mestský súd Bratislava I,5,3,0,1,2,,,,,,,
1253,Ľudmila Škvaridlová,Okresný súd Prievidza,8,7,5,6,5,,,,,,,
1255,Ivana Šlesarová,Okresný súd Považská Bystrica,10,N/A,N/A,N/A,N/A,,,,,,,
1256,Magdaléna Šmidtová,Okresný súd Martin,4,N/A,N/A,N/A,N/A,,,,,,,
1257,Ján Šmrhola,Okresný súd Levice,6,3,7,7,10,,,,,,,
1262,Robert Šorl PhD.,Okresný súd Prievidza,6,N/A,N/A,N/A,N/A,,,,,,,
1263,Mária Špániková,Okresný súd Pezinok,2,N/A,N/A,N/A,N/A,,,,,,,
1267,Miroslava Štannerová,Mestský súd Bratislava V,8,N/A,N/A,N/A,N/A,,,,,,,
1268,Katarína Šťastná,Okresný súd Spišská Nová Ves,5,10,6,0,5,,,,,,,
1269,Gabriel Štefanič,Okresný súd Michalovce,5,7,5,7,8,,,,,,,
1270,Agáta Štefaničová,Okresný súd Michalovce,5,0,4,9,5,,,,,,,
1271,Barbora Štefanová,Okresný súd Trenčín,8,6,1,6,3,,,,,,,
1272,Juraj Šteffel,Okresný súd Kežmarok,2,7,6,4,6,,,,,,,
1273,René Štepánik,Mestský súd Bratislava V,4,3,6,1,4,,,,,,,
1274,Jana Štepániková,Mestský súd Bratislava II,0,7,2,2,9,,,,,,,
1275,Ivan Štepita,Okresný súd Ružomberok,5,4,7,5,5,,,,,,,
1276,Patrik Števík,Mestský súd Bratislava II,4,0,0,3,4,,,,,,,
1277,Peter Štift,Mestský súd Bratislava II,5,N/A,N/A,N/A,N/A,,,,,,,
1278,Ivana Štiftová,Mestský súd Bratislava II,3,N/A,N/A,N/A,N/A,,,,,,,
1279,Michaela Štiglicová,Okresný súd Pezinok,3,8,7,7,5,,,,,,,
1280,Miriam Štillová,Okresný súd Martin,8,7,5,7,5,,,,,,,
1283,Martin Štubniak,Okresný súd Žiar nad Hronom,5,N/A,N/A,N/A,N/A,,,,,,,
1284,Zuzana Štubniaková Kochanová,Okresný súd Zvolen,3,5,4,2,8,,,,,,,
1285,Ján Šulaj,Okresný súd Lučenec,6,7,7,8,6,,,,,,,
1286,Renáta Šulajová,Okresný súd Lučenec,7,5,7,10,8,,,,,,,
1287,Tibor Šulák,Okresný súd Komárno,1,N/A,N/A,N/A,N/A,,,,,,,
1288,Mário Šulej,Okresný súd Brezno,8,N/A,N/A,N/A,N/A,,,,,,,
1289,Miroslava Šúleková,Okresný súd Topoľčany,2,1,7,7,5,,,,,,,
1290,Svetlana Šupová,Mestský Súd Košice,N/A,N/A,N/A,N/A,N/A,,,,,,,
1291,Elena Šuríková,Okresný súd Nové Mesto nad Váhom,2,N/A,N/A,N/A,N/A,,,,,,,
1292,Peter Šuťák,Okresný súd Prešov,4,5,6,0,6,,,,,,,
1293,Beáta Šuťaková,Okresný súd Prešov,5,4,7,2,6,,,,,,,
1296,Zdenko Švárny,Okresný súd Michalovce,2,6,0,5,7,,,,,,,
1298,Alena Švehlová,Okresný súd Liptovský Mikuláš,0,N/A,N/A,N/A,N/A,,,,,,,
1299,Silvia Šviderská,Okresný súd Vranov nad Topľou,7,0,3,8,8,,,,,,,
1300,Lea Švrčeková,Okresný súd Košice okolie,3,N/A,N/A,N/A,N/A,,,,,,,
1301,Ida Takáčová,Mestský súd Bratislava IV,6,N/A,N/A,N/A,N/A,,,,,,,
1304,Klaudia Talašová,Mestský súd Bratislava V,7,N/A,N/A,N/A,N/A,,,,,,,
1305,Jana Tamášiová,Mestský súd Bratislava V,3,8,0,2,5,,,,,,,
1306,Oľga Tatranská,Okresný súd Košice okolie,2,N/A,N/A,N/A,N/A,,,,,,,
1307,Bibiana Ťažiarová,Okresný súd Trnava,7,N/A,N/A,N/A,N/A,,,,,,,
1308,Štefan Ťažký,Okresný súd Kežmarok,2,N/A,N/A,N/A,N/A,,,,,,,
1310,Marián Tengely,Okresný súd Rožňava,8,6,6,6,0,,,,,,,
1311,Daniela Terenová,Mestský súd Bratislava II,4,N/A,N/A,N/A,N/A,,,,,,,
1312,Roman Tichý,Okresný súd Martin,4,N/A,N/A,N/A,N/A,,,,,,,
1314,Silvia Tisová,Okresný súd Žilina,2,7,2,3,2,,,,,,,
1317,Monika Tobiašová,Okresný súd Prešov,1,N/A,N/A,N/A,N/A,,,,,,,
1318,Miroslav Toma,Okresný súd Žiar nad Hronom,3,6,8,4,7,,,,,,,
1320,Nadežda Tomanicová,Mestský súd Bratislava IV,3,N/A,N/A,N/A,N/A,,,,,,,
1321,Pavol Tomáš,Okresný súd Banská Bystrica,0,0,6,2,6,,,,,,,
1322,Štefan Tomáš,Okresný súd Žilina,6,0,7,4,2,,,,,,,
1323,Zdenka Tomašková,Okresný súd Bardejov,0,8,6,0,6,,,,,,,
1324,Andrea Tomašovičová,Okresný súd Trnava,6,10,3,1,6,,,,,,,
1325,Štefan Tomašovský,Okresný súd Prešov,3,10,2,2,1,,,,,,,
1327,G.Tomčovčíková Šandalová,Okresný súd Košice II,4,N/A,N/A,N/A,N/A,,,,,,,
1328,Pavol Tomík,Mestský súd Bratislava I,7,6,5,1,4,,,,,,,
1330,Vladimír Topoľančík,Okresný súd Ružomberok,7,8,6,7,3,,,,,,,
1331,Renáta Topolčanská,Okresný súd Trenčín,6,7,6,4,4,,,,,,,
1332,Bohuslav Toporcer,Okresný súd Stará Ľubovňa,0,N/A,N/A,N/A,N/A,,,,,,,
1333,Marián Török,Okresný súd Revúca,2,6,8,8,5,,,,,,,
1334,Lucia Tóth,Mestský súd Bratislava IV,5,N/A,N/A,N/A,N/A,,,,,,,
1335,Július Tóth,Mestský Súd Košice,3,N/A,N/A,N/A,N/A,,,,,,,
1338,Eva Tóthová,Okresný súd Trenčín,6,5,8,5,10,,,,,,,
1339,Jana Tóthová,Okresný súd Trnava,0,N/A,N/A,N/A,N/A,,,,,,,
1340,Mária Tóthová,Okresný súd Trenčín,8,N/A,N/A,N/A,N/A,,,,,,,
1344,Eva Triznová,Okresný súd Lučenec,5,N/A,N/A,N/A,N/A,,,,,,,
1345,Martina Trnavská,Okresný súd Trenčín,10,N/A,N/A,N/A,N/A,,,,,,,
1346,Anna Trnková,Okresný súd Nitra,3,N/A,N/A,N/A,N/A,,,,,,,
1348,Erika Trtalová,Okresný súd Nové Mesto nad Váhom,4,5,3,3,8,,,,,,,
1350,"Mária Trubanová, PhD",Okresný súd Pezinok,N/A,N/A,N/A,N/A,N/A,,,,,,,
1351,Milan Trylč,Okresný súd Senica,2,5,7,7,3,,,,,,,
1352,Jana Třešková,Okresný súd Senica,7,1,1,3,3,,,,,,,
1353,Gabriela Tučková,Okresný súd Žilina,2,N/A,N/A,N/A,N/A,,,,,,,
1355,Eva Tulejová,Mestský súd Bratislava I,5,6,0,0,4,,,,,,,
1356,Noema Turanovičová,Okresný súd Prievidza,6,8,7,0,6,,,,,,,
1357,Janka Túryová,Okresný súd Košice II,4,N/A,N/A,N/A,N/A,,,,,,,
1358,Jozef Turza,Okresný súd Ružomberok,8,N/A,N/A,N/A,N/A,,,,,,,
1360,Jana Tvrdá,Okresný súd Piešťany,7,10,10,,2,,,,,,,
1361,Mária Tvrdíková,Okresný súd Svidník,8,3,3,5,6,,,,,,,
1363,Erik Uhlár,Okresný súd Stará Ľubovňa,6,5,5,0,2,,,,,,,
1364,Michal Uhorskai,Okresný súd Revúca,5,6,9,6,7,,,,,,,
1365,Viera Ulacká,Mestský súd Bratislava V,8,N/A,N/A,N/A,N/A,,,,,,,
1366,Eva Uličná,Okresný súd Liptovský Mikuláš,8,6,5,5,3,,,,,,,
1367,Adela Unčovská,Mestský súd Bratislava I,7,N/A,N/A,N/A,N/A,,,,,,,
1368,Július Urban,Okresný súd Dunajská Streda,0,N/A,N/A,N/A,N/A,,,,,,,
1374,Soňa Vacková,Okresný súd Nitra,10,N/A,N/A,N/A,N/A,,,,,,,
1375,Katarína Vachulíková,Okresný súd Nové Zámky,2,3,4,6,5,,,,,,,
1377,Juraj Valášek,Okresný súd Bánovce nad Bebravou,9,6,7,5,5,,,,,,,
1380,Eduard Valenčin,Okresný súd Prešov,8,N/A,N/A,N/A,6,,,,,,,
1381,Igor Valent,Okresný súd Žiar nad Hronom,7,5,8,8,6,,,,,,,
1382,Martina Valentová,Okresný súd Trnava,6,N/A,N/A,N/A,N/A,,,,,,,
1383,Kristína Valková,Okresný súd Senica,0,N/A,N/A,N/A,N/A,,,,,,,
1384,Vlastimil Valkovič,Okresný súd Topoľčany,4,2,4,5,6,,,,,,,
1386,Dagmar Valocká,Okresný súd Trnava,5,N/A,N/A,N/A,N/A,,,,,,,
1388,Milan Vaľuš,Okresný súd Vranov nad Topľou,6,4,3,5,5,,,,,,,
1391,Ľuboslava Vanková,Okresný súd Trnava,8,N/A,N/A,N/A,N/A,,,,,,,
1392,Pavol Varečka,Okresný súd Nitra,5,N/A,N/A,N/A,0,,,,,,,
1393,Erik Varga,Okresný súd Rimavská Sobota,N/A,N/A,N/A,N/A,N/A,,,,,,,
1394,Milan Varga,Okresný súd Veľký Krtíš,5,N/A,N/A,N/A,N/A,,,,,,,
1395,Pavel Varga,Mestský Súd Košice,4,1,1,3,5,,,,,,,
1396,Rastislav Varga,Okresný súd Prešov,4,N/A,N/A,N/A,N/A,,,,,,,
1397,Vladimír Varga,Okresný súd Humenné,3,6,7,3,5,,,,,,,
1398,Anna Vargová,Okresný súd Košice II,6,10,2,5,10,,,,,,,
1400,Eva Vargová,Okresný súd Trebišov,3,N/A,N/A,N/A,0,,,,,,,
1401,Jana Vargová,Okresný súd Čadca,N/A,N/A,N/A,N/A,N/A,,,,,,,
1402,Ľubov Vargová,Okresný súd Humenné,5,5,7,6,10,,,,,,,
1405,Ružena Vašková,Okresný súd Vranov nad Topľou,8,N/A,N/A,N/A,N/A,,,,,,,
1407,Ladislav Vašut,Okresný súd Považská Bystrica,6,N/A,N/A,N/A,N/A,,,,,,,
1408,Dagmar Vaverčáková,Mestský súd Bratislava III,7,0,0,4,7,,,,,,,
1409,Gabriela Véghová,Okresný súd Galanta,4,N/A,N/A,N/A,N/A,,,,,,,
1410,Denis Vékony,Okresný súd Trenčín,3,N/A,N/A,N/A,N/A,,,,,,,
1411,Eva Vékonyová,Okresný súd Trenčín,8,N/A,N/A,N/A,N/A,,,,,,,
1412,Ildikó Vekrbauerová,Mestský Súd Košice,5,2,3,3,1,,,,,,,
1413,Sandra Veľká,Mestský Súd Košice,3,0,1,7,6,,,,,,,
1414,Ľuboš Vereš,Mestský Súd Košice,3,6,8,2,4,,,,,,,
1415,Jana Veselá,Okresný súd Dolný Kubín,6,2,5,7,1,,,,,,,
1417,Danica Veselovská,Okresný súd Malacky,2,N/A,N/A,N/A,N/A,,,,,,,
1419,Róbert Veterník,Okresný súd Martin,7,3,6,3,3,,,,,,,
1421,Lucia Vícenová,Okresný súd Pezinok,5,10,1,3,4,,,,,,,
1426,Nora Vladová,Mestský súd Bratislava II,4,N/A,N/A,N/A,N/A,,,,,,,
1427,Marián Vladovič,Okresný súd Veľký Krtíš,3,N/A,N/A,N/A,N/A,,,,,,,
1429,Diana Vlčková,Okresný súd Prešov,7,6,4,6,8,,,,,,,
1431,Andrea Vojteková Fejérová,Okresný súd Nové Mesto nad Váhom,6,4,0,4,5,,,,,,,
1432,Myrtill Vojteková,Okresný súd Galanta,4,2,4,7,6,,,,,,,
1433,Stanislav Vojtko,Okresný súd Michalovce,6,6,8,4,7,,,,,,,
1435,Marián Vorobel,Okresný súd Prešov,5,4,7,3,6,,,,,,,
1436,Katarína Vorobelová,Okresný súd Prešov,6,0,3,10,10,,,,,,,
1437,Alica Vörösová,Okresný súd Dunajská Streda,3,3,6,6,7,,,,,,,
1440,Mária Vrtochová,Okresný súd Bánovce nad Bebravou,8,N/A,N/A,N/A,N/A,,,,,,,
1442,Andrea Vyskočová,Okresný súd Trnava,5,N/A,N/A,N/A,N/A,,,,,,,
1444,Zlatica Vysocká,Okresný súd Čadca,2,N/A,N/A,N/A,N/A,,,,,,,
1445,Eliška Wagshalová,Okresný súd Prešov,6,N/A,N/A,N/A,N/A,,,,,,,
1446,Nadežda Wallnerová,Okresný súd Malacky,6,N/A,N/A,N/A,N/A,,,,,,,
1447,Silvia Walterová,Mestský súd Bratislava IV,2,N/A,N/A,N/A,N/A,,,,,,,
1449,Júlia Weiserová,Okresný súd Spišská Nová Ves,4,3,6,8,10,,,,,,,
1450,Nadežda Weisová,Mestský súd Bratislava III,N/A,N/A,N/A,N/A,N/A,,,,,,,
1451,Nadežda Weissová,Mestský súd Bratislava III,N/A,N/A,N/A,N/A,N/A,,,,,,,
1452,Iveta Wildeová,Okresný súd Prešov,9,7,6,7,8,,,,,,,
1453,Iveta Willantová,Mestský súd Bratislava V,0,4,8,3,3,,,,,,,
1455,Róbert Záhorák,Okresný súd Nové Zámky,0,N/A,N/A,N/A,N/A,,,,,,,
1457,Peter Zachar,Okresný súd Rimavská Sobota,6,5,9,4,5,,,,,,,
1459,Katarína Zajacová,Okresný súd Prievidza,8,N/A,N/A,N/A,N/A,,,,,,,
1460,Iveta Záleská,Okresný súd Trenčín,8,N/A,N/A,N/A,N/A,,,,,,,
1461,Pamela Záleská,Okresný súd Nitra,2,N/A,N/A,N/A,N/A,,,,,,,
1462,Zdenka Zamecová,Okresný súd Trnava,5,N/A,N/A,N/A,N/A,,,,,,,
1463,Libuša Záthurecká,Okresný súd Banská Bystrica,5,0,8,6,6,,,,,,,
1465,Nora Zátopková,Okresný súd Martin,5,5,4,7,5,,,,,,,
1467,Slávka Zborovjanová,Okresný súd Košice II,1,N/A,N/A,N/A,N/A,,,,,,,
1468,Mária Zbyňovcová,Mestský súd Bratislava III,6,N/A,N/A,N/A,N/A,,,,,,,
1469,Štefan Zelenák,Mestský súd Bratislava IV,N/A,N/A,N/A,N/A,N/A,,,,,,,
1472,František Zelený,Okresný súd Poprad,6,0,0,6,4,,,,,,,
1475,Vladimír Zimányi,Okresný súd Piešťany,2,5,0,0,3,,,,,,,
1478,Jozef Zlocha,Okresný súd Brezno,6,N/A,N/A,N/A,N/A,,,,,,,
1483,Andrea Zolotová,Okresný súd Vranov nad Topľou,8,6,4,7,5,,,,,,,
1485,Róbert Zsiga,Mestský Súd Košice,5,0,1,1,5,,,,,,,
1487,Mária Žáková,Mestský Súd Košice,6,N/A,N/A,N/A,N/A,,,,,,,
1489,Patrícia Železníkova,Mestský súd Bratislava I,8,N/A,N/A,N/A,N/A,,,,,,,
1491,Laura Žideková,Okresný súd Čadca,6,0,3,7,4,,,,,,,
1492,Margita Žilková,Okresný súd Rimavská Sobota,10,7,8,10,6,,,,,,,
1493,Alica Žingorová,Okresný súd Rimavská Sobota,6,5,8,8,4,,,,,,,
1494,Iveta Žišková,Okresný súd Liptovský Mikuláš,7,4,7,9,2,,,,,,,
1495,Martin Žovinec,Okresný súd Trnava,6,N/A,N/A,N/A,N/A,,,,,,,
1498,Viera Guregová,Okresný súd Prešov,7,N/A,N/A,N/A,N/A,,,,,,,
1500,Jana Jarošová,Okresný súd Piešťany,8,N/A,N/A,N/A,N/A,,,,,,,
1502,Alexandra Kolcunová,Okresný súd Poprad,3,N/A,N/A,N/A,N/A,,,,,,,
1504,Ivica Pittnerová,Okresný súd Žilina,6,N/A,N/A,N/A,N/A,,,,,,,
1507,Silvia Majerníková,Okresný súd Rožňava,N/A,0,0,10,0,,,,,,,
1509,Ľudovít Švec,Okresný súd Žiar nad Hronom,N/A,N/A,N/A,N/A,N/A,,,,,,,
1514,Tomáš Kelner,Mestský súd Bratislava I,N/A,10,0,0,6,,,,,,,
1535,Zoltán Orlai,Okresný súd Veľký Krtíš,7,0,7,8,2,,,,,,,
1554,Lukáš Poperník,Okresný súd Levice,N/A,N/A,N/A,N/A,N/A,,,,,,,
1555,Dana Gáborová,Okresný súd Nitra,8,10,6,5,10,,,,,,,
1558,Matúš Kalanin,Okresný súd Vranov nad Topľou,7,0,3,9,7,,,,,,,
1564,Jozef Chovan,Okresný súd Martin,4,10,6,3,4,,,,,,,
1569,Michal Frátrik,Okresný súd Trenčín,6,5,9,5,9,,,,,,,
1571,Gabriela Chudovská,Okresný súd Trenčín,10,6,4,6,3,,,,,,,
1572,Lívia Mikulášová,Okresný súd Revúca,N/A,N/A,N/A,N/A,N/A,,,,,,,
1575,Vladimír Gurka,Okresný súd Stará Ľubovňa,3,6,5,4,6,,,,,,,
1583,Daniel Marcián,Okresný súd Liptovský Mikuláš,5,6,4,7,3,,,,,,,
1591,Marek Filo,Mestský súd Bratislava I,6,10,6,3,5,,,,,,,
1593,Monika Czafiková,Okresný súd Komárno,2,N/A,N/A,N/A,N/A,,,,,,,
1597,Zuzana Pribulová,Okresný súd Trnava,8,5,7,8,7,,,,,,,
1603,Stanislav Kováč,Okresný súd Galanta,5,N/A,N/A,N/A,N/A,,,,,,,
1606,Jozef Pikna,Okresný súd Galanta,7,5,10,,5,,,,,,,
1616,Radovan Beňo,Okresný súd Žiar nad Hronom,N/A,10,7,9,5,,,,,,,
1621,Eva Detvaiová,Okresný súd Galanta,0,4,4,6,10,,,,,,,
1629,Ľudmila Jančovičová,Mestský súd Bratislava III,1,0,0,3,2,,,,,,,
1634,Barbora Sopková,Okresný súd Banská Bystrica,8,4,9,3,2,,,,,,,
1646,Tomáš Minárik,Okresný súd Veľký Krtíš,10,0,6,8,2,,,,,,,
1647,Mariana Pondelová,Okresný súd Levice,4,10,3,5,8,,,,,,,
1649,Eva Kecseyová,Okresný súd Rožňava,N/A,N/A,N/A,N/A,N/A,,,,,,,
1654,Pavol Uhrík,Okresný súd Pezinok,5,10,4,3,4,,,,,,,
1667,Lýdia Stehurová,Okresný súd Čadca,3,0,3,7,4,,,,,,,
1668,Ján Odnoga,Okresný súd Nové Mesto nad Váhom,10,N/A,N/A,N/A,0,,,,,,,
1675,Alžbeta Mitríková,Okresný súd Košice II,N/A,N/A,N/A,N/A,N/A,,,,,,,
1682,Boris Vittek,Okresný súd Prešov,5,4,8,3,5,,,,,,,
1684,Marek Bujňák,Okresný súd Prešov,6,5,4,5,8,,,,,,,
1688,Lenka Janíková,Okresný súd Čadca,9,0,0,4,2,,,,,,,
1692,Anna Monoková,Okresný súd Vranov nad Topľou,7,4,4,0,4,,,,,,,
1698,Katarína Muráriková,Okresný súd Žilina,N/A,3,6,7,1,,,,,,,
1700,Tomáš Rudáš,Okresný súd Prievidza,5,7,7,8,5,,,,,,,
1705,Peter Pravda,Okresný súd Trnava,N/A,5,5,5,7,,,,,,,
1706,Imrich Hlavička,Okresný súd Komárno,4,2,6,6,3,,,,,,,
1710,Zuzana Krajčovicová,Okresný súd Banská Bystrica,N/A,0,5,8,2,,,,,,,
1720,Miroslava Belašičová,Okresný súd Pezinok,3,N/A,N/A,N/A,1,,,,,,,
1756,Jaroslav Šupa,Mestský súd Bratislava V,N/A,0,0,6,3,,,,,,,
1759,Rastislav Žigo,Okresný súd Malacky,6,1,1,4,6,,,,,,,
1764,Antónia Ďuranová,Okresný súd Žilina,9,10,4,3,2,,,,,,,
1784,Andrej Maukš,Okresný súd Veľký Krtíš,8,2,7,9,3,,,,,,,
1786,Anna Holeščáková,Okresný súd Čadca,5,0,2,6,5,,,,,,,
1799,Helena Marcinkechová,Okresný súd Dunajská Streda,3,6,2,5,7,,,,,,,
1802,Kamila Nagyová,Okresný súd Trnava,4,N/A,N/A,N/A,N/A,,,,,,,
1810,Eva Vallová,Mestský súd Bratislava V,8,0,2,6,4,,,,,,,
1813,Jana Škrabáková,Okresný súd Piešťany,N/A,N/A,N/A,N/A,N/A,,,,,,,
1833,Slavomír Podhorský,Okresný súd Rožňava,N/A,10,6,8,8,,,,,,,
1844,Miroslav Jankola,Mestský súd Bratislava IV,5,9,3,3,3,,,,,,,
1846,Dominika Hudecová PhD.,Okresný súd Komárno,0,6,3,5,6,,,,,,,
1847,Alena Mihalčinová,Okresný súd Nitra,1,N/A,N/A,N/A,N/A,,,,,,,
1851,Jana Tomášová,Okresný súd Humenné,9,6,6,5,5,,,,,,,
1858,Marta Szántaiová,Okresný súd Trenčín,6,4,3,4,3,,,,,,,
1860,Ľubomíra Podmaníková,Okresný súd Topoľčany,6,N/A,N/A,N/A,N/A,,,,,,,
1861,Dušan Miškovčík,Okresný súd Kežmarok,8,6,5,5,9,,,,,,,
1864,Soňa Glezgo,Okresný súd Košice II,6,4,4,4,5,,,,,,,
1870,Štefan Juhás,Okresný súd Žiar nad Hronom,6,5,7,8,4,,,,,,,
1871,Vincent Szabó,Okresný súd Trnava,6,1,5,3,7,,,,,,,
1873,Michaela Priesolová,Okresný súd Žilina,3,7,4,4,4,,,,,,,
1876,Ágnes Nagyová,Mestský súd Bratislava I,10,7,0,1,6,,,,,,,
1886,Dana Bartová,Okresný súd Nitra,7,N/A,N/A,N/A,N/A,,,,,,,
1887,Zuzana Slušná,Okresný súd Trenčín,7,N/A,N/A,N/A,N/A,,,,,,,
1910,Michaela Sedláková,Okresný súd Prešov,8,N/A,N/A,N/A,N/A,,,,,,,
1911,Lukáš Ilenin,Mestský súd Bratislava I,N/A,9,0,0,4,,,,,,,
1932,Ondrej Melišek,Okresný súd Nové Zámky,6,6,8,3,4,,,,,,,
1940,Viktória Bagala Vrábelová,Okresný súd Levice,9,5,5,7,6,,,,,,,
1942,Tomáš Saraka,Okresný súd Kežmarok,10,2,5,7,8,,,,,,,
1944,Jozef Jaselský,Okresný súd Prešov,6,7,4,3,8,,,,,,,
1955,Svetlana Novysedláková,Okresný súd Žilina,N/A,N/A,N/A,N/A,N/A,,,,,,,
1956,Zuzana Pajtášová,Okresný súd Trebišov,0,3,7,4,9,,,,,,,
1961,Eliška Šnajderová,Okresný súd Banská Bystrica,6,5,7,4,5,,,,,,,
1975,Juraj Kapinaj,Mestský súd Bratislava III,3,5,6,3,10,,,,,,,
2000,Adam Hradský,Mestský súd Bratislava III,N/A,0,0,4,2,,,,,,,
2002,Marek Bartko,Okresný súd Žilina,9,4,6,1,6,,,,,,,
2014,Johana Máčajová,Okresný súd Trnava,3,6,6,7,6,,,,,,,
2025,Petra Lacková,Okresný súd Ružomberok,N/A,0,6,7,3,,,,,,,
2032,Peter Králik,Mestský súd Bratislava II,6,10,6,2,7,,,,,,,
2045,Marek Rebej,Okresný súd Bardejov,7,6,5,5,2,,,,,,,
2048,Jozef Trizna,Okresný súd Lučenec,8,N/A,N/A,N/A,N/A,,,,,,,
2054,Peter Revický,Okresný súd Prešov,5,5,0,1,8,,,,,,,
2065,Andrej Radomský,Okresný súd Michalovce,5,N/A,N/A,N/A,N/A,,,,,,,
2082,Eva Dobríková,Okresný súd Komárno,N/A,N/A,N/A,N/A,N/A,,,,,,,
2085,Robert Droppa,Okresný súd Liptovský Mikuláš,7,3,7,6,3,,,,,,,
2121,Radoslav Prutkay,Mestský súd Bratislava II,3,4,0,3,7,,,,,,,
2141,Filip Demo,Okresný súd Nitra,N/A,10,7,9,10,,,,,,,
2149,Miriam Plavčáková,Mestský súd Bratislava I,8,N/A,N/A,N/A,N/A,,,,,,,
2172,Erika Tischlerová,Okresný súd Galanta,6,N/A,N/A,N/A,N/A,,,,,,,
2193,Natália Slivenská,Okresný súd Trnava,3,10,10,,6,,,,,,,
2204,Ján Evin,Mestský súd Bratislava IV,5,7,8,1,2,,,,,,,
2208,Eva Kráľová,Okresný súd Žilina,8,8,5,5,5,,,,,,,
2209,Stanislava Salajová,Okresný súd Banská Bystrica,7,0,8,5,6,,,,,,,
2266,Lenka Evinová,Okresný súd Dunajská Streda,6,4,5,6,8,,,,,,,
2303,Diana Bičová,Okresný súd Trebišov,6,10,0,4,2,,,,,,,
2321,Jozef Škvára,Okresný súd Nové Zámky,3,N/A,N/A,N/A,N/A,,,,,,,
2329,Vladislav Ďurkáň,Okresný súd Revúca,5,5,6,8,5,,,,,,,
2330,Matúš Staríček,Okresný súd Topoľčany,9,N/A,N/A,N/A,N/A,,,,,,,
2335,Zuzana Berežná,Okresný súd Prešov,6,4,4,6,7,,,,,,,
2338,Pavol Macháč,Okresný súd Piešťany,10,N/A,N/A,N/A,N/A,,,,,,,
2353,"Andrea Škapincová, PhD.",Mestský Súd Košice,10,0,1,8,10,,,,,,,
2359,Marián Dunčko,Okresný súd Trnava,7,N/A,N/A,N/A,N/A,,,,,,,
2366,Zuzana Gašpirová,Mestský súd Bratislava II,6,N/A,N/A,N/A,N/A,,,,,,,
2413,Milan Antal,Okresný súd Žiar nad Hronom,4,6,7,8,5,,,,,,,
2414,Michaela Brašková,Okresný súd Martin,N/A,N/A,N/A,N/A,N/A,,,,,,,
2415,Katarína Červenková,Okresný súd Lučenec,10,7,7,8,9,,,,,,,
2416,Jeannette Hajdinová,Mestský súd Bratislava I,7,N/A,N/A,N/A,N/A,,,,,,,
2417,Anna Hýseková,Okresný súd Brezno,8,5,7,8,5,,,,,,,
2418,Oliver Kolenčík,Okresný súd Nitra,3,N/A,N/A,N/A,N/A,,,,,,,
2419,Oľga Kováčová,Okresný súd Komárno,1,4,5,7,5,,,,,,,
2420,Ľubomíra Krišťáková,Okresný súd Čadca,5,0,0,5,4,,,,,,,
2421,Michal Kubiš,Mestský súd Bratislava IV,9,4,0,6,4,,,,,,,
2422,Silvia Kysucká,Okresný súd Považská Bystrica,8,4,6,7,6,,,,,,,
2423,René Milták,Mestský súd Bratislava I,0,0,0,1,1,,,,,,,
2424,Vladimír Tamaškovič,Okresný súd Nové Zámky,7,7,8,1,5,,,,,,,
2425,Michal Valent,Mestský súd Bratislava I,8,5,5,3,5,,,,,,,
2426,Michal Vigaš,Okresný súd Partizánske,6,6,6,4,6,,,,,,,
2431,Janka Gibaľová,Okresný súd Lučenec,7,5,7,8,8,,,,,,,
2437,Veronika Židek,Okresný súd Trnava,N/A,N/A,N/A,N/A,N/A,,,,,,,
2447,Peter Koman,Okresný súd Poprad,0,0,0,6,1,,,,,,,
2472,Peter Guček,Okresný súd Skalica,5,10,6,4,6,,,,,,,
2475,Karol Rihák,Mestský súd Bratislava IV,7,2,0,4,2,,,,,,,
2485,Martin Kurečko,Okresný súd Trebišov,5,5,8,4,6,,,,,,,
2502,Adriana Šimková,Okresný súd Malacky,5,10,6,2,6,,,,,,,
2516,Roman Lajoš,Okresný súd Bardejov,7,6,4,6,2,,,,,,,
2519,Viera Malinowska,Okresný súd Malacky,6,0,0,8,0,,,,,,,
2520,Marta Hirešová,Mestský súd Bratislava I,6,6,7,5,5,,,,,,,
2535,Katarína Batisová,Okresný súd Trnava,8,N/A,N/A,N/A,N/A,,,,,,,
2539,Michal Mravec,Okresný súd Čadca,4,0,5,7,8,,,,,,,
2540,Eva Jombíková,Okresný súd Zvolen,6,N/A,N/A,N/A,N/A,,,,,,,
2546,"Daniel Ivanko, PhD.",Okresný súd Banská Bystrica,5,N/A,N/A,N/A,N/A,,,,,,,
2547,Jana Janics Bajánková,Mestský súd Bratislava I,9,N/A,N/A,N/A,N/A,,,,,,,
2550,Miroslava Korbašová,Okresný súd Martin,7,4,7,9,7,,,,,,,
2551,Zuzana Kotríková,Okresný súd Prievidza,6,5,6,8,5,,,,,,,
2552,Michaela Kotusová Hucová,Okresný súd Košice II,4,10,4,5,10,,,,,,,
2553,Katarína Krochtová,Okresný súd Bardejov,7,10,3,4,3,,,,,,,
2554,Martina Líšková,Mestský súd Bratislava I,5,7,0,1,5,,,,,,,
2558,Dalibor Miľan,Okresný súd Zvolen,1,N/A,N/A,N/A,1,,,,,,,
2559,Lucia Mizerová,Okresný súd Trnava,8,N/A,N/A,N/A,N/A,,,,,,,
2561,Adriána Považanová,Okresný súd Zvolen,7,N/A,N/A,N/A,N/A,,,,,,,
2564,Vladimír Sklenka,Mestský súd Bratislava I,0,N/A,N/A,N/A,N/A,,,,,,,
2566,Miroslav Šedivec,Okresný súd Revúca,4,4,8,9,6,,,,,,,
2567,Dušan Špirek,Okresný súd Nitra,5,5,8,4,7,,,,,,,
2569,Ján Šulgan,Okresný súd Veľký Krtíš,3,4,6,5,3,,,,,,,
2570,Juraj Vallo,Okresný súd Banská Bystrica,5,0,7,5,6,,,,,,,
2574,Marianna Kertésová,Okresný súd Michalovce,N/A,4,5,9,6,,,,,,,
2576,Zuzana Dojčánová,Okresný súd Galanta,7,3,4,7,10,,,,,,,
2578,Monika Kráľová,Okresný súd Spišská Nová Ves,5,7,8,1,7,,,,,,,
2579,Michal Novotný,Okresný súd Dunajská Streda,5,N/A,N/A,N/A,N/A,,,,,,,
2580,"Radoslav Smatana, PhD.",Okresný súd Partizánske,5,4,6,4,5,,,,,,,
2581,Matúš Tarcala,Okresný súd Svidník,7,3,2,0,0,,,,,,,
2582,Ján Petreás,Okresný súd Zvolen,4,N/A,N/A,N/A,N/A,,,,,,,
2583,Viktor Marko,Okresný súd Zvolen,4,N/A,N/A,N/A,N/A,,,,,,,
2608,Radoslava Strhárska,Okresný súd Banská Bystrica,5,N/A,N/A,N/A,N/A,,,,,,,
2615,Kristína Güner,Okresný súd Pezinok,N/A,3,2,6,6,,,,,,,
2621,Dominika Rejdovianová,Okresný súd Banská Bystrica,N/A,10,5,7,1,,,,,,,
2644,Tomáš Paranič,Okresný súd Košice II,1,5,6,2,4,,,,,,,
2655,"Gabriela Sopková, PhD.",Okresný súd Považská Bystrica,3,3,5,8,7,,,,,,,
2666,Judita Gabonaiová Hrenčuková,Okresný súd Rožňava,4,7,7,8,6,,,,,,,
2667,Ľuboš Murgaš,Okresný súd Veľký Krtíš,7,0,8,6,2,,,,,,,
2668,Stanislava Padúchová,Okresný súd Brezno,7,5,6,8,5,,,,,,,
2669,Jana Smereková,Okresný súd Michalovce,3,N/A,N/A,N/A,N/A,,,,,,,
2670,Juraj Fujerik,Okresný súd Kežmarok,3,6,7,1,5,,,,,,,
2753,Beata Gešvantnerová,Okresný súd Prievidza,8,4,6,6,4,,,,,,,
2814,Jana Brídziková,Mestský súd Bratislava I,8,5,0,2,4,,,,,,,
2843,Janka Borošková,Okresný súd Ružomberok,4,N/A,N/A,N/A,N/A,,,,,,,
2845,Martin Zahorčák,Okresný súd Trebišov,3,4,6,3,8,,,,,,,
2846,Marcela Kačmárová,Okresný súd Trenčín,6,N/A,N/A,N/A,N/A,,,,,,,
2896,Erik Tomus,Okresný súd Malacky,7,8,7,4,5,,,,,,,
2918,Eva Lampartová,Okresný súd Prešov,N/A,0,0,5,0,,,,,,,
2955,Jakub Obert,Mestský súd Bratislava II,N/A,6,4,5,7,,,,,,,
3040,Veronika Pavláková,Okresný súd Martin,6,9,8,0,3,,,,,,,
3055,Lenka Bowker,Mestský Súd Košice,4,6,4,6,10,,,,,,,
3070,Natália Štrkolcová,Okresný súd Košice okolie,7,N/A,N/A,N/A,N/A,,,,,,,
3099,Zuzana Bálintová,Okresný súd Zvolen,2,N/A,N/A,N/A,N/A,,,,,,,
3138,Michal Tagaj,Okresný súd Zvolen,8,4,6,8,6,,,,,,,
3140,Katarína Juračková,Okresný súd Prievidza,5,N/A,N/A,N/A,N/A,,,,,,,
3170,Eva Kerecmanová,Okresný súd Košice okolie,8,8,3,2,10,,,,,,,
3190,Zuzana Slebodniková Levkušová,Okresný súd Michalovce,3,6,7,7,6,,,,,,,
3196,Jana Zuzan,Okresný súd Žiar nad Hronom,6,N/A,N/A,N/A,N/A,,,,,,,
3203,Silvia Majkutová Lesňáková,Okresný súd Liptovský Mikuláš,6,6,6,4,5,,,,,,,
3207,Zuzana Hlistová,Mestský súd Bratislava I,4,0,0,8,7,,,,,,,
3208,Ján Golian PhD.,Mestský súd Bratislava I,5,N/A,N/A,N/A,N/A,,,,,,,
3209,Mária Szabóová,Mestský súd Bratislava II,5,N/A,N/A,N/A,N/A,,,,,,,
3210,Jana Matayová,Mestský súd Bratislava IV,7,4,4,6,4,,,,,,,
3211,Peter Kalata,Mestský súd Bratislava IV,4,4,2,3,3,,,,,,,
3212,Anna Přikrylová,Okresný súd Malacky,5,10,6,0,5,,,,,,,
3213,Renáta Šišková,Okresný súd Nitra,4,8,7,7,10,,,,,,,
3214,Lenka Augustínová,Okresný súd Žilina,6,7,4,5,4,,,,,,,
3215,Ladislav Burda,Okresný súd Trebišov,6,10,6,2,8,,,,,,,
3278,Tatiana Redenkovičová,Mestský súd Bratislava IV,5,N/A,N/A,N/A,N/A,,,,,,,
3304,Ján Kislík,Okresný súd Humenné,4,N/A,N/A,N/A,N/A,,,,,,,
3339,Anna Irikovská,Okresný súd Považská Bystrica,6,N/A,N/A,N/A,N/A,,,,,,,
3343,Peter Kubej,Okresný súd Košice II,10,7,2,5,10,,,,,,,
3345,Martin Bauer,Okresný súd Martin,5,6,6,7,5,,,,,,,
3346,Lenka Kostolanská,Okresný súd Levice,8,N/A,N/A,N/A,N/A,,,,,,,
3347,Radka Laceková,Okresný súd Levice,5,N/A,N/A,N/A,N/A,,,,,,,
3348,Júlia Prikrylová,Okresný súd Nové Mesto nad Váhom,2,3,0,2,2,,,,,,,
3350,Michal Pollák,Okresný súd Trnava,9,N/A,N/A,N/A,2,,,,,,,
3351,Ľubica Mojžišová,Okresný súd Banská Bystrica,N/A,10,0,5,1,,,,,,,
3352,Dušan Szabó,Okresný súd Trnava,8,10,10,,4,,,,,,,
3353,Adriana Mazúchová,Okresný súd Žiar nad Hronom,8,8,6,7,5,,,,,,,
3354,Lucia Leňová,Mestský súd Bratislava IV,N/A,N/A,N/A,N/A,N/A,,,,,,,
3355,Mária Ďuricová,Okresný súd Trenčín,9,10,0,1,1,,,,,,,
3356,Peter Vrbjar,Okresný súd Piešťany,2,5,8,4,2,,,,,,,
3357,Monika Vozárová,Okresný súd Trnava,7,5,4,6,6,,,,,,,
3358,Michaela Králiková,Okresný súd Revúca,7,5,7,9,5,,,,,,,
3363,Margaréta Jurková Žoldáková,Mestský Súd Košice,7,N/A,N/A,N/A,N/A,,,,,,,
3366,Dominika Volkaiová,Okresný súd Košice II,4,4,4,2,4,,,,,,,
3367,Michal Drimák,Okresný súd Prešov,5,6,5,6,8,,,,,,,
3368,Michal Sobolovský,Mestský súd Bratislava V,7,N/A,N/A,N/A,N/A,,,,,,,
3369,Jana Kordošová,Okresný súd Trnava,8,N/A,N/A,N/A,N/A,,,,,,,
3371,Ivana Michalíková,Okresný súd Liptovský Mikuláš,8,N/A,N/A,N/A,N/A,,,,,,,
3372,Lenka Saksunová,Okresný súd Košice II,8,5,4,5,6,,,,,,,
3373,Vladimír Šalamún,Okresný súd Žiar nad Hronom,7,N/A,N/A,N/A,N/A,,,,,,,
3374,Denisa Hiščáková,Okresný súd Spišská Nová Ves,9,3,6,8,9,,,,,,,
3375,Ladislav Réves,Okresný súd Trnava,8,N/A,N/A,N/A,N/A,,,,,,,
3376,Jozef Šulek,Okresný súd Trnava,7,N/A,N/A,N/A,N/A,,,,,,,
3377,Zuzana Straňáková,Okresný súd Piešťany,N/A,N/A,N/A,N/A,N/A,,,,,,,
3379,Petra Hrebíčková,Okresný súd Košice II,4,10,0,3,10,,,,,,,
3381,Patrícia Lučanská,Mestský Súd Košice,1,N/A,N/A,N/A,N/A,,,,,,,
3382,Jana Wilková,Okresný súd Trnava,0,0,0,9,3,,,,,,,
3383,Simona Mati,Okresný súd Trebišov,N/A,0,3,10,9,,,,,,,
3384,Ladislav Blaško,Okresný súd Skalica,4,6,7,5,3,,,,,,,
3385,Tomáš Brinčík,Okresný súd Bánovce nad Bebravou,8,10,6,0,2,,,,,,,
3387,Zuzana Albert,Okresný súd Malacky,5,10,5,2,10,,,,,,,
3388,Táňa Šefčíková,Okresný súd Galanta,5,1,4,7,5,,,,,,,
3389,Magdaléna Bošková,Mestský súd Bratislava I,6,N/A,N/A,N/A,N/A,,,,,,,
3390,Marianna Hirková,Okresný súd Humenné,10,N/A,N/A,N/A,N/A,,,,,,,
3391,Zuzana Krivdová,Okresný súd Námestovo,7,N/A,N/A,N/A,N/A,,,,,,,
3392,Zuzana Konáriková,Okresný súd Zvolen,6,4,5,7,6,,,,,,,
3394,Miroslava Saxová,Mestský súd Bratislava I,N/A,10,0,2,7,,,,,,,
3395,Miroslava Vaňová,Okresný súd Brezno,8,9,6,4,2,,,,,,,
3397,Gabriela Žabková,Mestský súd Bratislava III,6,4,1,3,6,,,,,,,
3399,Lucia Baňacká PhD.,Okresný súd Košice II,9,0,0,7,4,,,,,,,
3400,Gabriela Dubová,Okresný súd Vranov nad Topľou,5,3,7,1,3,,,,,,,
3402,Dominika Horváthová,Okresný súd Piešťany,5,7,0,2,4,,,,,,,
3403,Pavel Ištók,Okresný súd Piešťany,6,5,5,4,5,,,,,,,
3404,Michaela Buceková PhD.,Mestský súd Bratislava II,5,5,6,3,10,,,,,,,
3405,Péter Nagy,Okresný súd Dunajská Streda,9,4,2,5,6,,,,,,,
3406,Lenka Kudravá,Mestský súd Bratislava II,5,N/A,N/A,N/A,0,,,,,,,
3407,Oxana Kovalová Báreková,Mestský súd Bratislava V,5,4,3,8,10,,,,,,,
3408,Vlasta Ondrejková,Okresný súd Nitra,4,N/A,N/A,N/A,N/A,,,,,,,
3410,Kristína Srnková,Okresný súd Galanta,N/A,1,5,8,5,,,,,,,
3411,Mária Bačová,Okresný súd Trenčín,N/A,0,1,4,2,,,,,,,
3412,Lenka Benčová,Okresný súd Prešov,7,N/A,N/A,N/A,N/A,,,,,,,
3413,Martin Bekeš,Okresný súd Martin,5,7,8,4,5,,,,,,,
3414,Renáta Ďurková,Okresný súd Trebišov,5,10,5,4,8,,,,,,,
3415,Ľudmila Hricková,Okresný súd Piešťany,6,5,0,2,3,,,,,,,
3416,Miroslava Šibíková,Okresný súd Nové Mesto nad Váhom,6,N/A,N/A,N/A,N/A,,,,,,,
3417,Mária Moskvičová PhD.,Mestský súd Bratislava V,4,10,0,6,4,,,,,,,
3418,Eva Širilová,Okresný súd Trenčín,5,10,6,4,5,,,,,,,
3419,Katarína Petráň Vinczeová,Okresný súd Rimavská Sobota,1,0,0,9,1,,,,,,,
3420,Nina Dubovská,Mestský súd Bratislava III,5,N/A,N/A,N/A,N/A,,,,,,,
3423,Katarína Mužilová,Mestský súd Bratislava II,7,5,4,7,8,,,,,,,
3424,Martina Vančová,Mestský súd Bratislava IV,4,6,4,6,5,,,,,,,
3426,Michal Eliaš,Okresný súd Trnava,8,4,7,3,9,,,,,,,
3428,Zuzana Lapšanská,Okresný súd Pezinok,3,0,0,0,2,,,,,,,
3431,Alena Purgat Martinusová,Mestský súd Bratislava V,2,10,6,6,6,,,,,,,
3432,Katarína Zaťková,Okresný súd Malacky,7,0,0,6,5,,,,,,,
3433,Peter Štefčík,Okresný súd Partizánske,6,4,4,8,4,,,,,,,
3434,Zuzana Belanová,Mestský súd Bratislava I,5,N/A,N/A,N/A,N/A,,,,,,,
3435,Antónia Bednarčík,Mestský súd Bratislava I,8,0,0,8,6,,,,,,,
3436,Andrea Fraňová,Okresný súd Nové Mesto nad Váhom,5,4,3,4,8,,,,,,,
3439,Miroslav Majerník,Okresný súd Rožňava,2,5,8,8,5,,,,,,,
3440,Jana Mičeková,Okresný súd Galanta,4,2,4,8,8,,,,,,,
3444,Eva Segečová,Okresný súd Banská Bystrica,N/A,0,8,8,6,,,,,,,
3446,Katarína Skubáková,Okresný súd Trnava,8,6,5,7,7,,,,,,,
3448,Veronika Vnuková,Okresný súd Nitra,8,N/A,N/A,N/A,N/A,,,,,,,
3449,Linda Anovčinová,Okresný súd Trnava,6,6,4,6,7,,,,,,,
3450,Jaroslava Gederová,Okresný súd Lučenec,1,7,5,7,8,,,,,,,
3451,Eva Kresl,Mestský súd Bratislava I,N/A,N/A,N/A,N/A,N/A,,,,,,,
3452,Júlia Malegová,Okresný súd Košice II,3,2,4,7,10,,,,,,,
3454,Martina Mochnáčová,Okresný súd Liptovský Mikuláš,6,N/A,N/A,N/A,N/A,,,,,,,
3455,Katarína Maniačková,Okresný súd Galanta,4,0,4,1,6,,,,,,,
3456,"Ivana Hauerlandová, PhD.",Okresný súd Trnava,2,6,2,5,7,,,,,,,
3457,Miroslava Hudecová,Okresný súd Banská Bystrica,N/A,N/A,N/A,N/A,N/A,,,,,,,
3459,Stanislava Nosková,Okresný súd Rimavská Sobota,N/A,0,1,10,2,,,,,,,
3461,Evelyn Neglia,Okresný súd Trnava,N/A,1,10,,0,,,,,,,
3463,Jana Uhrínová,Okresný súd Michalovce,4,5,6,6,6,,,,,,,
3464,Peter Duman,Okresný súd Dunajská Streda,6,N/A,N/A,N/A,N/A,,,,,,,
3465,Petra Pavlisová,Okresný súd Spišská Nová Ves,6,6,8,0,6,,,,,,,
3466,Jana Jančíková,Okresný súd Humenné,10,6,4,6,7,,,,,,,
3467,Alena Búliková,Okresný súd Nové Mesto nad Váhom,4,1,2,4,5,,,,,,,
3469,Lucia Petríková,Mestský Súd Košice,3,5,4,6,10,,,,,,,
3470,Richard Klimek PhD.,Okresný súd Spišská Nová Ves,5,8,8,2,8,,,,,,,
3475,Lucia Kovačinová,Okresný súd Považská Bystrica,5,4,8,6,7,,,,,,,
3476,Katarína Ďurianová,Okresný súd Zvolen,5,N/A,N/A,N/A,N/A,,,,,,,
3478,Denisa Drúžková,Mestský súd Bratislava I,N/A,N/A,N/A,N/A,N/A,,,,,,,
3479,Lea Gubová,Mestský súd Bratislava I,9,10,0,4,5,,,,,,,
3480,Martin Jenis,Mestský súd Bratislava I,4,4,0,1,4,,,,,,,
3481,Branislav Harabin,Mestský súd Bratislava I,8,N/A,N/A,N/A,4,,,,,,,
3482,Peter Majcher,Okresný súd Martin,6,3,5,8,6,,,,,,,
3484,Silvia Rovňánková,Mestský súd Bratislava I,4,10,0,0,6,,,,,,,
3485,Marek Janigloš,Okresný súd Nitra,4,8,6,5,10,,,,,,,
3486,Matej Okály,Okresný súd Spišská Nová Ves,1,7,6,7,9,,,,,,,
3488,Tatiana Muziková,Okresný súd Levice,N/A,N/A,N/A,N/A,N/A,,,,,,,
3489,Jana Koblišková,Okresný súd Dunajská Streda,4,N/A,N/A,N/A,2,,,,,,,
3492,Lucia Šupenová,Okresný súd Lučenec,2,7,6,6,8,,,,,,,
3493,Zuzana Sinčáková,Okresný súd Košice okolie,4,5,5,5,10,,,,,,,
3496,"Rastislav Varga PhD., LL.M., MBA",Okresný súd Prešov,5,N/A,N/A,N/A,N/A,,,,,,,
3497,Barbara Fedurcová,Okresný súd Bardejov,9,10,4,5,5,,,,,,,
3498,"Silvio Boleček, PhD.",Okresný súd Brezno,7,7,7,7,1,,,,,,,
3500,Silvia Hrnčiariková,Okresný súd Žilina,8,6,6,4,7,,,,,,,
3502,Peter Bodo,Okresný súd Michalovce,6,9,5,6,9,,,,,,,
3503,Dagmar Mišúnová,Okresný súd Považská Bystrica,8,4,7,7,6,,,,,,,
3504,Mário Pivarči,Okresný súd Komárno,2,8,5,6,7,,,,,,,
3506,Ján Kanás,Okresný súd Nitra,5,6,8,1,5,,,,,,,
3507,Lucia Kuzmová,Okresný súd Nitra,3,9,6,6,10,,,,,,,
3509,Petra Vysaníková,Okresný súd Košice II,0,N/A,N/A,N/A,N/A,,,,,,,
3510,Miriama Žáková,Mestský súd Bratislava I,10,5,0,0,3,,,,,,,
3511,Zuzana Pavlíková,Okresný súd Nové Mesto nad Váhom,3,6,3,5,6,,,,,,,
3513,Lukáš Beňák,Okresný súd Košice okolie,0,4,3,6,10,,,,,,,
3514,Pavol Juhás,Mestský súd Bratislava II,6,4,5,2,8,,,,,,,
3515,Desana Janíčková Rusnáková,Okresný súd Dunajská Streda,0,6,4,5,9,,,,,,,
3516,František Krasňan,Okresný súd Poprad,4,0,0,6,4,,,,,,,
3518,Helena Tőre Janíčková,Okresný súd Žilina,6,10,4,5,5,,,,,,,
3520,Marek Olekšák,Okresný súd Nitra,2,N/A,N/A,N/A,0,,,,,,,
3522,Lucia Poništová Ph.D.,Okresný súd Piešťany,N/A,0,0,8,0,,,,,,,
3524,Jana Petrovičová,Okresný súd Piešťany,3,N/A,N/A,N/A,N/A,,,,,,,
3525,Johana Bertová,Okresný súd Prešov,0,5,3,7,7,,,,,,,
3526,Jana Gombárová,Okresný súd Svidník,N/A,4,5,0,0,,,,,,,
3529,Katarína Moravčíková,Okresný súd Nitra,6,9,7,6,10,,,,,,,
3530,Andrea Vorčáková,Okresný súd Martin,6,3,6,4,3,,,,,,,
3532,Simona Štanglovičová,Okresný súd Nitra,N/A,N/A,N/A,N/A,N/A,,,,,,,
3533,Margaréta Milecová,Okresný súd Žilina,0,3,0,3,8,,,,,,,
3535,Jana Tvrdíková,Okresný súd Komárno,N/A,1,5,8,4,,,,,,,
3536,Daša Štefániková,Mestský súd Bratislava V,6,6,5,5,7,,,,,,,
3539,Natália Laurenčíková,Okresný súd Malacky,3,N/A,N/A,N/A,N/A,,,,,,,
3540,Martina Holecová,Okresný súd Banská Bystrica,N/A,0,0,7,2,,,,,,,
3541,Barbora Čavojská,Okresný súd Trenčín,N/A,6,7,6,4,,,,,,,
3542,Andrea Daráková,Okresný súd Bardejov,7,8,0,4,3,,,,,,,
3543,Mária Adamečková,Mestský súd Bratislava II,N/A,N/A,N/A,N/A,N/A,,,,,,,
3544,Danica Hovančáková,Okresný súd Košice okolie,9,1,3,7,10,,,,,,,
3545,"Martin Floriš, PhD.",Okresný súd Trnava,5,4,4,2,6,,,,,,,
3547,Martin Chlebo,Okresný súd Námestovo,5,10,4,2,4,,,,,,,
3549,Jana Križanová,Okresný súd Topoľčany,2,7,7,5,1,,,,,,,
3550,Maroš Maškovič,Mestský súd Bratislava III,2,0,0,4,7,,,,,,,
3551,Ľuboš Ondrejička,Okresný súd Senica,10,5,6,5,6,,,,,,,
3552,Beáta Polyáková,Okresný súd Nitra,4,5,8,2,9,,,,,,,
3554,Ina Šingliarová,Mestský súd Bratislava V,8,N/A,N/A,N/A,N/A,,,,,,,
3556,Zuzana Malovcová,Okresný súd Piešťany,9,N/A,N/A,N/A,N/A,,,,,,,
3560,Lucia Kallová,Okresný súd Stará Ľubovňa,N/A,N/A,N/A,N/A,N/A,,,,,,,
3561,Filip Gilányi,Mestský súd Bratislava II,6,4,6,3,10,,,,,,,
3562,Lucia Baštová,Okresný súd Kežmarok,10,7,7,5,6,,,,,,,
3563,Emília Mišenková,Okresný súd Stará Ľubovňa,6,4,2,6,5,,,,,,,
3564,Ján Pastirčík,Okresný súd Malacky,N/A,5,0,4,6,,,,,,,
3565,Denisa Bučková,Okresný súd Pezinok,N/A,N/A,N/A,N/A,N/A,,,,,,,
3566,Jana Kurnotová,Okresný súd Malacky,9,3,3,2,8,,,,,,,
3567,Marcela Holubová,Okresný súd Vranov nad Topľou,N/A,3,6,1,3,,,,,,,
3568,Daniel Petričko,Okresný súd Michalovce,7,8,7,1,6,,,,,,,
3570,Antónia Svičinová,Okresný súd Rožňava,3,6,7,4,6,,,,,,,
3575,Ivana Stehlíková,Okresný súd Liptovský Mikuláš,6,4,7,8,3,,,,,,,
3576,Alžbeta Beňáková,Okresný súd Košice II,3,10,5,4,10,,,,,,,
3578,Martina Kmeťková,Mestský súd Bratislava II,N/A,N/A,N/A,N/A,N/A,,,,,,,
3579,Alena Vidová,Okresný súd Trenčín,7,N/A,N/A,N/A,N/A,,,,,,,
3580,Mária Černáková,Okresný súd Levice,N/A,10,5,5,8,,,,,,,
3581,Peter Dudič,Okresný súd Rožňava,0,8,7,6,6,,,,,,,
3582,Zuzana Salajová,Okresný súd Kežmarok,9,5,6,7,9,,,,,,,
3583,Gabriela Lukáčová,Okresný súd Humenné,7,6,7,4,5,,,,,,,
3586,Patricie Kepeňová,Okresný súd Trenčín,N/A,7,5,6,2,,,,,,,
3587,Janka Valachová,Okresný súd Košice II,1,4,6,0,5,,,,,,,
3588,Linda Szárazová,Okresný súd Nové Zámky,N/A,4,6,8,5,,,,,,,
3589,Jana Macalová,Okresný súd Košice II,7,3,5,7,6,,,,,,,
3590,Michal Pačuta,Mestský Súd Košice,5,3,8,6,3,,,,,,,
3591,Karol Fiľ,Okresný súd Košice II,4,10,0,3,10,,,,,,,
3592,Eva Dosedla,Okresný súd Košice okolie,1,7,5,3,10,,,,,,,
3594,Zuzana Ondko,Mestský Súd Košice,N/A,N/A,N/A,N/A,N/A,,,,,,,
3595,Pavol Barabas,Mestský Súd Košice,10,7,6,3,3,,,,,,,
3596,Peter Lengyel,Okresný súd Trebišov,N/A,4,7,4,6,,,,,,,
3598,Martina Mésarošová,Mestský súd Bratislava III,N/A,0,0,4,7,,,,,,,
3600,Miroslav Juričko,Okresný súd Spišská Nová Ves,N/A,5,7,7,7,,,,,,,
3602,Lucia Dlugolinská,Okresný súd Malacky,N/A,10,10,,5,,,,,,,
3603,Dana Jelinková Dudzíková,Mestský súd Bratislava I,N/A,0,0,10,5,,,,,,,
3605,Ildikó Kohoutová,Mestský súd Bratislava I,N/A,2,0,3,5,,,,,,,
3607,Barbora Kovaliková,Okresný súd Vranov nad Topľou,N/A,7,0,4,2,,,,,,,
3608,Michal Repkovský,Okresný súd Žilina,N/A,7,6,5,5,,,,,,,
3609,Mária Košťálová,Okresný súd Trnava,N/A,4,2,3,5,,,,,,,
3612,Lýdia Oros Nemešová,Mestský Súd Košice,4,5,5,6,10,,,,,,,
3616,Alexandra Čerňanská Pindejová,Okresný súd Bánovce nad Bebravou,10,7,6,4,5,,,,,,,
3618,"Peter Hunák, PhD.",Okresný súd Brezno,N/A,7,7,5,4,,,,,,,
3619,Mariana Juríková,Okresný súd Žilina,N/A,0,0,4,2,,,,,,,
3620,Branislav Krivošík,Okresný súd Trnava,N/A,2,0,3,4,,,,,,,
3621,Katarína Radičová,Okresný súd Námestovo,N/A,4,6,8,5,,,,,,,
3622,Andrea Sátorová,Okresný súd Galanta,N/A,0,5,7,6,,,,,,,
3623,Renáta Svrčková,Okresný súd Žilina,N/A,10,1,3,4,,,,,,,
3624,Mária Šadláková,Okresný súd Trenčín,N/A,6,1,4,3,,,,,,,
3627,Michaela Perďochová,Okresný súd Žilina,N/A,5,0,5,4,,,,,,,
3629,Boris Šiška,Okresný súd Nitra,10,9,5,5,10,,,,,,,
3630,Simona Vráblová,Okresný súd Piešťany,N/A,6,1,1,3,,,,,,,
3631,Eva Krošlák Cmerová,Okresný súd Trnava,N/A,10,0,9,10,,,,,,,
3634,Martin Špak,Okresný súd Spišská Nová Ves,N/A,0,1,10,3,,,,,,,
3636,Ivana Macková,Okresný súd Nové Mesto nad Váhom,N/A,0,0,6,2,,,,,,,
3637,"Vladislav Birás, PhD.",Mestský súd Bratislava III,N/A,8,0,4,3,,,,,,,
3639,Milan Krajči,Mestský súd Bratislava I,N/A,0,0,0,6,,,,,,,
3640,Katarína Eliášová,Mestský súd Bratislava III,N/A,2,0,3,1,,,,,,,
3641,Andrej Kolárik,Okresný súd Dunajská Streda,N/A,0,0,5,1,,,,,,,
3642,"Jozef Caban, PhD.",Okresný súd Trnava,N/A,0,4,2,3,,,,,,,
3644,Boris Gál,Okresný súd Nitra,N/A,0,4,7,6,,,,,,,
3647,Mária Sukovská,Okresný súd Košice okolie,N/A,0,0,5,6,,,,,,,
3648,Ivana Gajdošová,Okresný súd Košice okolie,N/A,0,0,10,2,,,,,,,
3660,Tatiana Zapletajová,Mestský súd Bratislava III,2,9,4,2,4,,,,,,,
3664,Peter Melichárek,Okresný súd Michalovce,N/A,0,3,10,6,,,,,,,
3665,Tomáš Kuruc,Okresný súd Spišská Nová Ves,N/A,0,4,8,5,,,,,,,
3666,Alena Moravčíková,Okresný súd Levice,N/A,6,3,6,6,,,,,,,
3667,Michaela Bebjaková,Okresný súd Bánovce nad Bebravou,N/A,0,5,10,6,,,,,,,
3669,Lucia Lacová,Okresný súd Humenné,N/A,0,5,7,4,,,,,,,
3671,Tomáš Uhrik,Okresný súd Levice,N/A,0,0,5,0,,,,,,,
3673,Jana Trnečková,Okresný súd Košice okolie,N/A,0,0,10,0,,,,,,,
3674,Zuzana Mikulová LL.M.,Okresný súd Košice II,N/A,0,0,10,1,,,,,,,
3687,Zuzana Keresztényi,Mestský Súd Košice,N/A,10,5,5,8,,,,,,,
3866,Monika Pivarčiová,Okresný súd Komárno,N/A,7,6,7,5,,,,,,,
3869,Daniela Poprocká,Okresný súd Košice II,N/A,4,7,3,5,,,,,,,
