,1,"Adamcová Ingrid, JUDr.",Vedúca organizačno-kontrolného oddelenia,Generálna prokuratúra,,1
,2,Adamovičová Silvia Mgr.,,,,0
,3,"Al Ramadanová Alena, Mgr.",,Okresná prokuratúra,Zvolen,1
,4,"Albertová Jana, JUDr.",námestníčka krajského prokurátora pre netresný úsek,Krajská prokuratúra,Košice,1
,5,"Amchová Beáta, JUDr.",,Okresná prokuratúra,Martin,1
,6,"Andrásiová Gabriela, JUDr.",,Okresná prokuratúra,Košice II,1
,7,"Andrejková Sylvia, JUDr.",,,,0
,8,"Ašverusová Zuzana, Mgr.",,Okresná prokuratúra,Topoľčany,1
,9,"Bačo Michal, JUDr.",,,,0
,10,"Bačová Lucia, Mgr.",,Okresná prokuratúra,Košice II,1
,11,"Bahýlová Jana, Mgr.",,Okresná prokuratúra,Prievidza,1
,12,"Bakičová Oľga, JUDr.",okresná prokurátorka,Okresná prokuratúra,Skalica,1
,13,"Balaj Pavol, JUDr.",okresný prokurátor,Okresná prokuratúra,Prievidza,1
,14,"Balaj Pavol, JUDr.",,,,0
,15,"Balang Ján, Mgr.",,Okresná prokuratúra,Revúca,1
,16,"Balaško Patrik, JUDr.",,Okresná prokuratúra,Komárno,1
,17,"Balážová Edita, Mgr.",,Okresná prokuratúra,Bratislava II,1
,18,"Balogh Tomáš, JUDr.",okresný prokurátor,Okresná prokuratúra,Martin,1
,19,"Banská Andrea, Mgr.",,,,0
,20,"Barabás Jozef, JUDr.",námestník okresného prokurátora,Okresná prokuratúra,Spišská Nová Ves,1
,21,"Baran Kamil, JUDr.",,Krajská prokuratúra,Banská Bystrica,1
,22,"Baranová Tamara, Mgr.",,,,0
,23,"Bari Attila, JUDr.",,Okresná prokuratúra,Nitra,1
,24,"Barila Michal, JUDr.",,Okresná prokuratúra,Bratislava II,1
,25,"Barinková Jana, Mgr.",,,,0
,26,"Barnišin Michal, JUDr.",okresný prokurátor,Okresná prokuratúra,Prešov,1
,27,"Bartalos Gabriel, JUDr.",,Okresná prokuratúra,Dunajská Streda,1
,28,"Bartalosová Ivana, JUDr.",,Okresná prokuratúra,Bratislava III,1
,29,"Bartošek Jaroslav, JUDr.",,,,0
,30,"Bartošek Juraj, JUDr.",,,,0
,31,"Bartošová Lýdia, JUDr. PhD.",,,,0
,32,"Bašová Erika, JUDr.",,Okresná prokuratúra,Trnava,1
,33,"Baťalíková Dagmar, Mgr.",,Okresná prokuratúra,Michalovce,1
,34,"Baxová Jaroslava, JUDr.",,,,0
,35,"Bederková Paulína, JUDr.",Námestníčka okresného prokurátora,Okresná prokuratúra,Senica,1
,36,"Bedlovič Peter, JUDr.",Krajský prokurátor,Krajská prokuratúra,Banská Bystrica,1
,37,"Bednárik Martin, Mgr.",,,,0
,38,"Bednáriková Elena, Mgr.",Námestníčka okresného prokurátora,Okresná prokuratúra,Trnava,1
,39,"Bégerová Jana, JUDr.",Okresná prokurátorka,Okresná prokuratúra,Galanta,1
,40,"Behulová Katarína, JUDr.",,,,0
,41,"Bencuľák Viliam, JUDr.",,,,0
,42,"Beňo Ľuboš, JUDr.",,Okresná prokuratúra,Prievidza,1
,43,"Beňuchová Tatiana, JUDr. CSc.",,,,0
,44,"Berešová Renáta, JUDr.",,,,0
,45,"Berger Alexander, JUDr.",poverený výkonom funkcie vedúceho medzinárodného oddelenia,Krajská prokuratúra,Nitra,1
,46,"Bernát Rudolf, JUDr. PhD.",,,,0
,47,"Bernátová Eva, JUDr.",,,,0
,48,"Bezák Vladimír, Mgr.",,,,0
,49,"Bežo Peter, JUDr.",,,,0
,50,"Bicko František, JUDr.",,Okresná prokuratúra,Trebišov,1
,51,"Bidovská Nina, JUDr.",,Okresná prokuratúra,Košice I,1
,52,"Birčáková Miriama, JUDr. Ing.",,Okresná prokuratúra,Prešov,1
,53,"Bíró Alexander, JUDr.",poverený riaditeľ odboru ekonomickej kriminality,Úrad Špeciálnej prokuratúry,Generálna prokuratúra,1
,54,"Bíro Michal, JUDr.",,Okresná prokuratúra,Prievidza,1
,55,"Bizoňová Lucia, Mgr.",,Okresná prokuratúra,Bratislava III,1
,56,"Bobok Ľubomír, JUDr.",,Okresná prokuratúra,Partizánske,1
,57,"Boboková Paulovičová Vlasta, Mgr.",,Okresná prokuratúra,Prievidza,1
,58,"Bocanová Jana, JUDr.",,Okresná prokuratúra,Spišská Nová Ves,1
,59,"Bogdaliková Barbora, JUDr.",,,,0
,60,"Boháčik Branislav, Mgr.",,,,0
,61,"Bohunický Stanislav, JUDr.",Poverený výkonom funkcie námestníka okresného prokurátora,Okresná prokuratúra,Dunajská Streda,1
,62,"Bók Juraj, JUDr.",,Okresná prokuratúra,Trebišov,1
,63,"Bóková Gabriela, JUDr.",,,,0
,64,"Boledovičová Martina, JUDr.",,,,0
,65,"Boráková Vlasta, JUDr.",,,,0
,66,"Borodovčáková Ľudmila, JUDr.",Vedúca oddelenia ústavného práva,Generálna prokuratúra,,1
,67,"Božík Štefan, Mgr.",námestník okresného prokurátora,Okresná prokuratúra,Bratislava II,1
,68,"Brachová Anetta, JUDr.",,,,0
,69,"Breier Ivan, JUDr.",,,,0
,70,"Brenčič Boris, Mgr.",,Okresná prokuratúra,Bratislava II,1
,71,"Brestenský Rastislav, Mgr.",okresný prokurátor,Okresná prokuratúra,Nitra,1
,72,"Budinská Dagmar, JUDr. PhD.",,,,0
,73,"Bujňák Branislav, JUDr.",,,,0
,74,"Bunčiak Ľuboš, JUDr.",,,,0
,75,"Cehláriková Viola, JUDr.",,Okresná prokuratúra,Malacky,1
,76,"Cibuľová Martina, JUDr.",,,,0
,77,"Cirman Stanislav, JUDr.",,Okresná prokuratúra,Bratislava V,1
,78,"Cisarik Milan, JUDr.",,Krajská prokuratúra,Žilina,1
,79,"Csonka Ervín, JUDr.",,Okresná prokuratúra,Lučenec,1
,80,"Čabáková Anna, JUDr.",,Okresná prokuratúra,Košice-okolie,1
,81,"Čabráková Jana, JUDr.",,Okresná prokuratúra,Trenčín,1
,82,"Čambalová Martina, JUDr.",,Okresná prokuratúra,Komárno,1
,83,"Čaniga Zdenko, Mgr.",Námestník okresného prokurátora,Okresná prokuratúra,Bratislava I,1
,84,"Čanigová Kristína, JUDr.",,,,0
,85,"Čapla Oskár, JUDr.",,Okresná prokuratúra,Bratislava II,1
,86,"Čechová Katarína, JUDr.",Poverená výkonom funkcie námestníčky okresného prokurátora,Okresná prokuratúra,Bratislava III,1
,87,"Čeľovský Bohdan, JUDr.",,Úrad Špeciálnej prokuratúry,,1
,88,"Čentéš Jozef, Prof. JUDr. PhD. ",Zástupca riaditeľky trestného odboru,Generálna prokuratúra,,1
,89,"Čentéšová Lucia, JUDr.",,,,0
,90,"Čepcová Janeta, JUDr.",Vedúca oddelenia vzdelávania a ďalších činností,Generálna prokuratúra,,1
,91,"Čepček Štefan, Mgr.",,,,0
,92,"Čepová Alena, JUDr.",,,,0
,93,"Čerevka Alexander, JUDr.",,Okresná prokuratúra,Prešov,1
,94,"Černá Elena, JUDr.",,Krajská prokuratúra,Bratislava,1
,95,"Čillík Ladislav, JUDr.",,,,0
,96,"Čintala Matej, JUDr.",,Okresná prokuratúra,Košice I,1
,97,"Čislák Dušan, JUDr.",,Okresná prokuratúra,Košice II,1
,98,"Čižmár Ľuboslav, JUDr.",Okresný prokurátor,Okresná prokuratúra,Brezno,1
,99,"Čižmár Marek, JUDr.",,Okresná prokuratúra,Stará Ľubovňa,1
,100,"Čižmárik Juraj, JUDr.",,,,0
,101,"Čižnár Jaromír, JUDr.",Generálny prokurátor Slovenskej republiky,Generálna prokuratúra,,1
,102,"Čorba Marián, JUDr.",,,,0
,103,"Čurillová Natália, JUDr.",,Krajská prokuratúra,Prešov,1
,104,"Ďaďan Peter, JUDr.",,Okresná prokuratúra,Nová Zámky,1
,105,"Dana Peter, JUDr.",námestník okresného prokurátora,Okresná prokuratúra,Bratislava V,1
,106,"Daniel Karol, JUDr.",Poverený výkonom funkcie okresného prokurátora,Okresná prokuratúra,Poprad,1
,107,"Danielčák Peter, JUDr.",Poverený výkonom funkcie okresného prokurátora,Okresná prokuratúra,Kežmarok,1
,108,"Danihlíková Lenka, Mgr.",,Okresná prokuratúra,Považská Bystrica,1
,109,"Delej Branislav, JUDr.",,Okresná prokuratúra,Bratislava III,1
,110,"Demčák Michal, JUDr.",,,,0
,111,"Demčáková Karin, JUDr.",,Okresná prokuratúra,Žilina,1
,112,"Demeterová Zdenka, JUDr.",,Okresná prokuratúra,Bratislava V,1
,113,"Demjanovič Vratko, JUDr.",,Okresná prokuratúra,Lučenec,1
,114,"Derco Anatolij, JUDr.",,Okresná prokuratúra,Svidník,1
,115,"Dobešová Eva, JUDr.",,,,0
,116,"Dobrík Ľubomír, JUDr.",,Okresná prokuratúra,Partizánske,1
,117,"Dobríková Dana, Mgr.",,Okresná prokuratúra,Partizánske,1
,118,"Doležaj Miroslav, JUDr.",námestník okresného prokurátora,Okresná prokuratúra,Levice,1
,119,"Domankuš Miroslav, JUDr.",,Okresná prokuratúra,Nitra,1
,120,"Dorica Igor, JUDr.",Vedúci prieskumného oddelenia,Generálna prokuratúra,,1
,121,"Dorič Drahoslav, JUDr. PhD.",,,,0
,122,"Drdáková Radoslava, Mgr.",,Okresná prokuratúra,Považská Bystrica,1
,123,"Drdanková Tímea, JUDr.",,,,0
,124,"Drexlerová Mária, JUDr.",,,,0
,125,"Drgoňová Eva, JUDr.",Okresná prokurátorka,Okresná prokuratúra,Bratislava V,1
,126,"Drietomská Anna, JUDr.",,,,0
,127,"Drozd Miroslav, JUDr.",,Okresná prokuratúra,Bratislava V,1
,128,"Družbacká Jana, JUDr.",,,,0
,129,"Dubcová Elena, Mgr.",,,,0
,130,"Dudášová Borošová Dagmar, JUDr.",,Okresná prokuratúra,Poprad,1
,131,"Dudášová Irena, JUDr.",,Okresná prokuratúra,Bánovce nad Bebravou,1
,132,"Dudíková Ivana, JUDr.",,,,0
,133,"Dudová Sandra, Mgr.",,Okresná prokuratúra,Malacky,1
,134,"Duhár Radovan, Mgr.",,,,0
,135,"Dukes Richard, Mgr.",riaditeľ netretného odboru,Generálna prokuratúra,,1
,136,"Ďuricová Romana, JUDr.",,Okresná prokuratúra,Bratislava II,1
,137,"Ďurík Martin, Mgr.",,Okresná prokuratúra,Nitra,1
,138,"Dzadík Peter, JUDr. PhD.",námestník okresného prokurátora,Okresná prokuratúra,Prešov,1
,139,"Dzurenda Ján, JUDr.",,Krajská prokuratúra,Prešov,1
,140,"Dzurendová Eva, JUDr.",,Okresná prokuratúra,Poprad,1
,141,"Dzurendová Tatiana, JUDr.",,Krajská prokuratúra,Prešov,1
,142,"Džavoronok Martin, JUDr.",Okresný prokurátor,Okresná prokuratúra,Veľký Krtíš,1
,143,"Džmurová Alena, JUDr.",,Okresná prokuratúra,Bardejov,1
,144,"Eliaš František, JUDr.",,,,0
,145,"Eliašová Barbara, JUDr.",,Okresná prokuratúra,Galanta,1
,146,"Ernest Mário, JUDr.",,,,0
,147,"Ernest Vojtech, JUDr.",,,,0
,148,"Eštok Peter, JUDr.",,Okresná prokuratúra,Bratislava V,1
,149,"Eštoková Mária, JUDr.",,Okresná prokuratúra,Prešov,1
,150,"Fabianová Diana, JUDr.",,Krajská prokuratúra,Prešov,1
,151,"Fabová Silvia, JUDr.",,,,0
,152,"Farkašová Jana, JUDr.",,Okresná prokuratúra,Bratislava II,1
,153,"Fečík Marián, JUDr.",,,,0
,154,"Felixová Zuzana, JUDr.",Vedúca organizačného a personálneho oddelenia,Krajská prokuratúra,Nitra,1
,155,"Feník Alexander, Mgr.",vedúci trestného oddelenia a oddelenia boja s organizovaným zločinom,Krajská prokuratúra,Žilina,1
,156,"Ferenczová Monika, JUDr.",,,,0
,157,"Fertaľ Ján, JUDr.",Okresný prokurátor,Okresná prokuratúra,Bardejov,1
,158,"Fíger Miroslav, JUDr.",Vedúci oddelenia legislatívy,Generálna prokuratúra,,1
,159,"Figľár Stanislav, JUDr. PhD.",námestník okresného prokurátora,Okresná prokuratúra,Humenné,1
,160,"Figula Juraj, JUDr.",,Okresná prokuratúra,Spišská Nová Ves,1
,161,"Filičko Milan ml., JUDr.",,,,0
,162,"Filičko Milan, JUDr.",,Okresná prokuratúra,Košice I,1
,163,"Filičková Erika, JUDr.",,,,0
,164,"Filipčík Slavomír, JUDr.",,,,0
,165,"Filová Anita, JUDr.",,,,0
,166,"Foltánková Andrea, JUDr.",,Okresná prokuratúra,Trnava,1
,167,"Franta Juraj, JUDr.",,Okresná prokuratúra,Rimavská Sobota,1
,168,"Fráterová Silvia, JUDr.",,,,0
,169,"Frištyková Hana, Mgr.",,,,0
,170,"Fulcová Eva, JUDr.",,Okresná prokuratúra,Bratislava I,1
,171,"Funková Anna, Mgr.",,Okresná prokuratúra,Senica,1
,172,"Gadová Katarína, Mgr.",,,,0
,173,"Gáfrik Ján, Mgr.",,Okresná prokuratúra,Nitra,1
,174,Gajdoš Jozef,námestník okresného prokurátora,Okresná prokuratúra,Zvolen,1
,175,"Gajdoš Marek, Mgr.",,,,0
,176,"Gáliková Renáta, Mgr.",,,,0
,177,"Galková Alexandra, Mgr.",,Okresná prokuratúra,Nové Mesto nad Váhom,1
,178,"Gallo Peter, JUDr.",,Okresná prokuratúra,Rožňava,1
,179,"Gallo Zoltán, JUDr.",Okresný prokurátor,Okresná prokuratúra,Rožňava,1
,180,"Gallová Jana, JUDr.",,Krajská prokuratúra,Banská Bystrica,1
,181,"Galovič Pavol, JUDr.",,,,0
,182,"Garajová Eva, Mgr.",,,,0
,183,"Garčala Peter, JUDr.",,Okresná prokuratúra,Spišská Nová Ves,1
,184,"Gardošíková Eva, JUDr.",,Okresná prokuratúra,Spišská Nová Ves,1
,185,"Gaštanová Jela, JUDr.",,Okresná prokuratúra,Lučenec,1
,186,"Gazdík Peter, Mgr.",,,,0
,187,"Gazdíková Katarína, Mgr.",,,,0
,188,"Gaži Viliam, JUDr.",Námesník krajského prokurátora,Krajská prokuratúra,Prešo,1
,189,"Géczi Štefan, JUDr.",Poverený výkonom okresného prokurátora,Okresná prokuratúra,Revúca,1
,190,"Gellen Adrian, JUDr.",,,,0
,191,"Gengelová Zuzana, Mgr.",,,,0
,192,"Geralský Michal, JUDr.",,Okresná prokuratúra,Trenčín,1
,193,"Gerbery Tomáš, Mgr.",,Okresná prokuratúra,Poprad,1
,194,"Gernáth Branislav, JUDr.",,,,0
,195,"Gero Miloš, JUDr.",,Okresná prokuratúra,Martin,1
,196,"Geško Gabriel, JUDr.",,Okresná prokuratúra,Veľký Krtíš,1
,197,"Glevaňák Michal, JUDr.",,Okresná prokuratúra,Prešov,1
,198,"Gloček Ján, JUDr.",námestník okresného prokurátora,Okresná prokuratúra,Michalovce,1
,199,"Godžová Blanka, JUDr.",,Úrad Špeciálnej prokuratúry,,1
,200,"Gogová Zuzana, JUDr.",,Okresná prokuratúra,Košice-okolie,1
,201,"Golha Peter, JUDr.",,,,0
,202,"Goliašová Zuzana, JUDr.",,,,0
,203,"Gondová Medveďová Katarína, JUDr.",,Okresná prokuratúra,Brezno,1
,204,"Gondžur Jozef, JUDr.",,Okresná prokuratúra,Liptovský Mikuláš,1
,205,"Gondžur Marcel, JUDr.",Okresný prokurátor,Okresná prokuratúra,Žilina,1
,206,"Greculová Katarína, JUDr.",,Okresná prokuratúra,Stará Ľubovňa,1
,207,"Grečnerová Jana, Mgr.",,Okresná prokuratúra,Levice,1
,208,"Greif Radovčičová Renáta, JUDr.",,Okresná prokuratúra,Galanta,1
,209,"Grenčíková Desana, JUDr.",,Okresná prokuratúra,Ružomberok,1
,210,"Grendár Peter, JUDr.",,,,0
,211,"Greško Matej, JUDr.",,Okresná prokuratúra,Bratislava IV,1
,212,"Grežová Silvia, Mgr.",,Okresná prokuratúra,Levice,1
,213,"Grittersová Anna, Mgr.",,Okresná prokuratúra,Považská Bystrica,1
,214,"Gulbišová Judita, JUDr.",,,,0
,215,"Guľová Martina, JUDr.",Námestníčka okresného prokurátora,Okresná prokuratúra,Trnava,1
,216,"Habáň Rastislav, JUDr.",námestník okresného prokurátora,Okresná prokuratúra,Trenčín,1
,217,"Habčáková Katarína, JUDr.",,,,0
,218,"Hadbábny Emil, JUDr.",,Krajská prokuratúra,Žilina,1
,219,"Hadzimová Jana, JUDr.",,Okresná prokuratúra,Trnava,1
,220,"Hajduček Karol, JUDr.",,,,0
,221,"Hajtman Peter, Mgr.",,,,0
,222,"Halásová Eva, JUDr.",,,,0
,223,"Halásová Petra, JUDr.",vedúca netrestného oddelenia,Krajská prokuratúra,Nitra,1
,224,"Hamran Ladislav, JUDr.",,,,0
,225,"Hamranová Anikó, Mgr.",,,,0
,226,"Hanniker Ladislav, JUDr.",,Generálna prokuratúra,,1
,227,"Hanniker Lukáš, JUDr.",,Okresná prokuratúra,Bratislava III,1
,228,"Hansková Mária, JUDr.",,,,0
,229,"Harakaľ Slavomír, JUDr.",,,,0
,230,"Harkabus Matúš, JUDr.",,,,0
,231,"Hassan Jessy, JUDr.",Vedúci oddelenia prvostupňového a boja proti organizovanému zločinu,Krajská prokuratúra,Banská Bystrica,1
,232,"Hatala Peter, JUDr.",,Okresná prokuratúra,Bratislava III,1
,233,"Hausleitner Jozef, JUDr.",poverený vedúci oddelenia právneho styku s cudzinou a extradícií,Generálna prokuratúra,,1
,234,"Hausleitnerová Dagmar, JUDr.",,Okresná prokuratúra,Nové Zámky,1
,235,"Hausleitnerová Petra, JUDr.",,Okresná prokuratúra,Bratislava I,1
,236,"Havrilčák Ján, JUDr.",,Okresná prokuratúra,Poprad,1
,237,"Havrilčáková Agáta, JUDr.",,,,0
,238,"Hazáková Lenka, JUDr.",,,,0
,239,"Heldiová Renáta, JUDr.",Okresná prokurátorka,Okresná prokuratúra,Topoľčany,1
,240,"Helingerová Linda, JUDr.",,Okresná prokuratúra,Bratislava III,1
,241,"Hendrichovský Matúš, JUDr.",,,,0
,242,"Hetényiová Katarína, Mgr.",,,,0
,243,"Hiklová Daša, Mgr.",,,,0
,244,"Hjelm Szakál Annamária, JUDr.",,,,0
,245,"Hodovanec Martin, JUDr.",,,,0
,246,"Hoffmann Marian, JUDr. PhD.",námestník okresného prokurátora,Okresná prokuratúra,Poprad,1
,247,"Holbík Marek, JUDr.",,Okresná prokuratúra,Galanta,1
,248,"Hollý Vladimír, JUDr.",,Okresná prokuratúra,Topoľčany,1
,249,"Hološová Edita, JUDr.",,Okresná prokuratúra,Trnava,1
,250,"Holzerová Monika, Mgr.",,Okresná prokuratúra,Bratislava V,1
,251,"Honz Tomáš, JUDr.",prokurátor,Úrad Špeciálnej prokuratúry,,1
,252,"Horňáková Veronika, JUDr.",,Okresná prokuratúra,Pezinok,1
,253,"Horváth Lukáš, JUDr.",,Okresná prokuratúra,Poprad,1
,254,"Horváth Michal, JUDr.",Vedúci oddelenia korupčnej trestnej činnosti ústavných činiteľov a prokurátorov,Úrad Špeciálnej prokuratúry,Generálna prokuratúra,1
,255,"Horváth Peter, Mgr.",,Okresná prokuratúra,Považská Bystrica,1
,256,"Horvátová Lucia, JUDr.",,Okresná prokuratúra,Bánovce nad Bebravou,1
,257,"Hozová Zuzana, Mgr.",,,,0
,258,"Hrapková Miriam, JUDr.",Riaditeľka osobného úradu,Generálna prokuratúra,,1
,259,"Hrebeňák Vladimír, JUDr.",Poverený výkonom funkcie okresného prokurátora,Okresná prokuratúra,Stará Ľubovňa,1
,260,"Hric Peter, JUDr.",,Okresná prokuratúra,Zvolen,1
,261,"Hrivnák Ján, JUDr.",,Úrad Špeciálnej prokuratúry,,1
,262,"Hrončeková Drahomíra, JUDr.",,Okresná prokuratúra,Veľký Krtíš,1
,263,"Hronec Martin, JUDr.",,Okresná prokuratúra,Brezno,1
,264,"Hrušecká Katarína, JUDr.",,,,0
,265,"Hruška Rastislav, JUDr. PhD.",Prokurátor,Okresná prokuratúra,Bratislava I,1
,266,"Hubertová Barbora, Mgr.",,,,0
,267,"Hudák Ľuboslav, JUDr.",,,,0
,268,"Hudák Marcel, JUDr.",,,,0
,269,"Hudec Juraj, JUDr.",,,,0
,270,"Hudecová Barbara, JUDr.",,,,0
,271,"Hudecová Jana, JUDr.",,Okresná prokuratúra,Trenčín,1
,272,"Hujsa Patrik, Mgr.",námestník okresného prokurátora,Okresná prokuratúra,Malacky,1
,273,"Hulinová Zuzana, JUDr.",,Krajská prokuratúra,Bratislava,1
,274,"Hullová Anetta, JUDr.",,Okresná prokuratúra,Bratislava III,1
,275,"Huna Mojmír, JUDr.",,,,0
,276,"Hunová Tatiana, JUDr.",,Krajská prokuratúra,Trnava,1
,277,"Hurta Dušan, JUDr.",,Okresná prokuratúra,Vranov nad Topľou,1
,278,"Huszár Gabriel, JUDr.",,,,0
,279,"Huszár Ivan, JUDr.",,,,0
,280,"Hvasta Marián, JUDr.",,,,0
,281,"Hvišč Ondrej, JUDr. PhD.",,,,0
,282,"Hvoľková Marianna, JUDr.",,,,0
,283,"Chabada Svetozár, JUDr.",Okresný prokurátor,Okresná prokuratúra,Bratislava II,1
,284,"Chabadová Lucia, JUDr.",,,,0
,285,"Chlpíková Ľubica, JUDr.",Riaditeľka trestného odboru,Generálna prokuratúra,,1
,286,"Chmurová Martina, JUDr.",,,,0
,287,"Chomča Alexander, JUDr.",,Okresná prokuratúra,Košice-okolie,1
,288,"Chovančíková Iveta, JUDr.",,Okresná prokuratúra,Liptovský Mikuláš,1
,289,"Chylo Juraj, JUDr. PhD.",,Okresná prokuratúra,Bratislava II,1
,290,"Ivanová Patrícia, JUDr.",,,,0
,291,"Ivanová Zoja, JUDr.",,,,0
,292,"Izakovič Matej, JUDr.",,Okresná prokuratúra,Bratislava III,1
,293,"Izsák Attila, JUDr.",,,,0
,294,"Jahnátková Miroslava, JUDr.",,,,0
,295,"Jakabovičová Miriam, JUDr.",,Okresná prokuratúra,Bratislava I,1
,296,"Jakubčík Stanislav, JUDr.",,,,0
,297,"Jakubčíková Silvia, Mgr.",,,,0
,298,"Jakubovičová Beatrix, JUDr.",Okresná prokurátorka,Okresná prokuratúra,Dunajská Streda,1
,299,"Jamborová Andrea, Mgr.",,,,0
,300,"Jamborová Tatiana, JUDr.",,,,0
,301,"Jamrich Michal, JUDr.",,Okresná prokuratúra,Žilina,1
,302,"Jančár Marián, Mgr.",,Okresná prokuratúra,Dunajská Streda,1
,303,"Jančárová Michaela, JUDr.",,Okresná prokuratúra,Galanta,1
,304,"Jančová Andrea, Mgr.",,Okresná prokuratúra,Žilina,1
,305,"Janíček Oliver, JUDr.",,Krajská prokuratúra,Bratislava,1
,306,"Janjicová Monika, JUDr.",,Okresná prokuratúra,Topoľčany,1
,307,"Jankovská Monika, JUDr.",,,,0
,308,"Jánošíková Tatjana, JUDr.",riaditeľka kancelárie generálneho prokurátora,Generálna prokuratúra,,1
,309,"Janová Jarmila, JUDr.",,,,0
,310,"Janovcová Jana, Mgr.",,Okresná prokuratúra,Brezno,1
,311,"Jaňovková Zuzana, JUDr.",,,,0
,312,"Jarábek Tomáš, JUDr.",,Okresná prokuratúra,Levice,1
,313,"Javorka Martin, JUDr.",Okresný prokurátor,Okresná prokuratúra,Piešťany,1
,314,"Javorský Vladimír, JUDr.",,,,0
,315,"Jelšovská Alexandra, JUDr.",,,,0
,316,"Jenčík Peter, JUDr.",,,,0
,317,"Jesztrebiová Adriana, JUDr.",Okresná prokurátorka,Okresná prokuratúra,Bratislava III,1
,318,"Jevčák Juraj, JUDr.",,Okresná prokuratúra,Bardejov,1
,319,"Ježíková Viera, Mgr.",,Okresná prokuratúra,Poprad,1
,320,"Jozef Ján, JUDr.",,Okresná prokuratúra,Michalovce,1
,321,"Judiak František, Mgr.",,Okresná prokuratúra,Zvolen,1
,322,"Juhás Pavol, JUDr.",Poverený výkonom funkcie námestníka okresného prokurátora,Okresná prokuratúra,Bratislava III,1
,323,"Juhász Slavomír, JUDr.",,Okresná prokuratúra,Košice I,1
,324,"Jurčová Katarína, Mgr.",,Okresná prokuratúra,Piešťany,1
,325,"Juríčková Soňa, JUDr.",,Krajská prokuratúra,Bratislava,1
,326,"Jurinová Jana, JUDr.",Námestníčka okresného prokurátora,Okresná prokuratúra,Lučenec,1
,327,"Jurko Peter, JUDr.",námestník okresného prokurátora,Okresná prokuratúra,Košice II,1
,328,"Jurtinusová Monika, JUDr.",Okresná prokurátorka,Okresná prokuratúra,Košica II,1
,329,"Kaan Ivan, Mgr.",,Okresná prokuratúra,Dunajská Streda,1
,330,"Kaanová Mária, JUDr.",,,,0
,331,"Kabáčová Veronika, JUDr.",,Okresná prokuratúra,Námestovo,1
,332,"Kačíreková Anna, JUDr.",,,,0
,333,"Kajaba Radovan, JUDr. PhD.",námestník krajského prokurátora pre trestný úsek,Krajská prokuratúra,Trnava,1
,334,"Kalužný Dušan, JUDr.",,Krajská prokuratúra,Banská Bystrica,1
,335,"Kaman Róbert, JUDr.",,Okresná prokuratúra,Bratislava II,1
,336,"Kamenár Matúš, JUDr.",,,,0
,337,"Kanárik Peter, JUDr.",,Okresná prokuratúra,Spišská Nová Ves,1
,338,"Kandera Jozef, JUDr.",vedúci oddelenia násilnej a všeobecnej krimininality,Generálna prokuratúra,,1
,339,"Kandráč Adrián, JUDr.",,,,0
,340,"Kaniansky Juraj, JUDr.",,Okresná prokuratúra,Banská Bystrica,1
,341,"Kaprál Roman, JUDr.",,Okresná prokuratúra,Spišská Nová Ves,1
,342,"Kapraľová Zuzana, JUDr.",,,,0
,343,"Karkalíková Andrea, JUDr.",,Okresná prokuratúra,Zvolen,1
,344,"Kasajová Katarína, JUDr.",,Okresná prokuratúra,Čadca,1
,345,"Kečkešová Alexandra, JUDr.",,Okresná prokuratúra,Bratislava II,1
,346,"Keleová Alexandra, Mgr.",,,,0
,347,"Keller Pavel, Mgr.",,Okresná prokuratúra,Banská Bystrica,1
,348,"Kellerová Martina, JUDr.",,Okresná prokuratúra,Humnenné,1
,349,"Kellerová Martina, JUDr.",,,,0
,350,"Kenderešová Eva, JUDr.",,Okresná prokuratúra,Prešov,1
,351,"Kica Pavel, JUDr.",,Okresná prokuratúra,Trebišov,1
,352,"Klaučová Zdeňka, JUDr.",,Okresná prokuratúra,Liptovský Mikuláš,1
,353,"Klčo Ľubomír, JUDr.",,,,0
,354,"Kleiman Jozef, JUDr.",,,,0
,355,"Klemová Margita, JUDr.",Poverená výkonom funkcie námestníčky okresného prokurátora,Okresná prokuratúra,Rožňava,1
,356,"Klempová Stanislava, JUDr.",Námestníčka okresného prokurátora,Okresná prokuratúra,Skalica,1
,357,"Klimentová Viera, JUDr.",,Okresná prokuratúra,Žiar nad Hronom,1
,358,"Klimentová Vladimíra, JUDr.",,,,0
,359,"Klimová Anna, JUDr.",,,,0
,360,"Kľocová Zuzana, JUDr.",,Okresná prokuratúra,Prešov,1
,361,"Klorusová Ivana, JUDr.",,,,0
,362,"Klučka Jaroslav, JUDr.",,Okresná prokuratúra,Nové Zámky,1
,363,"Klučková Lucia, JUDr.",,,,0
,364,"Kmec Ľuboš, JUDr.",námestník okresného prokurátora,Okresná prokuratúra,Košice I,1
,365,"Kmeč Maximilián, Mgr.",,,,0
,366,"Kmeč Miroslav, JUDr.",,Okresná prokuratúra,Banská Bystrica,1
,367,"Kmeťová Janka, JUDr.",námestníčka krajského prokurátora pre netrestný úsek,Krajská prokuratúra,Nitra,1
,368,"Kmeťová Justína, JUDr.",Poverená výkonom funkcie námestníčky okresného prokurátora,Okresná prokuratúra,Vranov nad Topľou,1
,369,"Knošková Andrea, Mgr.",,,,0
,370,"Kocianová Katarína, JUDr.",,,,0
,371,"Kocúr Jaroslav, JUDr.",Okresný prokurátor,Okresná prokuratúra,Námestovo,1
,372,"Kocúrová Katarína, JUDr.",,,,0
,373,"Kočan Jozef, JUDr.",,Okresná prokuratúra,Prešov,1
,374,"Kohan Miroslav, JUDr.",Okresný prokurátor,Okresná prokuratúra,Trebišov,1
,375,"Kohútová Zuzana, JUDr.",,Okresná prokuratúra,Bratislava I,1
,376,"Kokavec Roman, JUDr.",Okresný prokurátor,Okresná prokuratúra,Spišská Nová Ves,1
,377,"Kokles Martin, JUDr.",Okresný prokurátor,Okresná prokuratúra,Dolný Kubín,1
,378,"Kokošková Zuzana, JUDr.",,Okresná prokuratúra,Pezinok,1
,379,"Kolcunová Marta, JUDr.",,,,0
,380,"Kolenčíková Karin Martha, JUDr.",Námestníčka okresného prokurátora pre trestný úsek,Okresná prokuratúra,Nitra,1
,381,"Kolka Ľubomír, JUDr.",,Okresná prokuratúra,Topoľčany,1
,382,"Kollár Marián, JUDr.",,Okresná prokuratúra,Bánovce nad Bebravou,1
,383,"Kollárová Silvia, Mgr.",Okresná prokurátorka,Okresná prokuratúra,Pezinok,1
,384,"Komora Daniel, JUDr.",,Okresná prokuratúra,Žiar nad Hronom,1
,385,"Kondrk Milan, JUDr.",,,,0
,386,"Konečný Branislav, JUDr.",,Okresná prokuratúra,Martin,1
,387,"Konkolovský Marián, JUDr.",,Okresná prokuratúra,Komárno,1
,388,"Konkolyová Erika, JUDr.",,Okresná prokuratúra,Košice I,1
,389,"Konopová Eva, Mgr.",,Okresná prokuratúra,Prievidza,1
,390,"Kopčová Iveta, JUDr.",krajská prokurátorka,Krajská prokuratúra,Bratislava,1
,391,"Kopernická Jana, JUDr. PhD.",,,,0
,392,"Koreň Pavol, JUDr.",Okresný prokurátor,Okresná prokuratúra,Rožňava,1
,393,"Korman Stanislav, Mgr.",,Okresná prokuratúra,Senica,1
,394,"Koromház Peter, JUDr.",Krajský prokurátor,Krajská prokuratúra,Košice,1
,395,"Kostiviarová Lea, JUDr.",,Okresná prokuratúra,Banská Bystrica,1
,396,"Kostor Marek, JUDr.",,,,0
,397,"Kostrej Dušan, JUDr.",,,,0
,398,"Koščo Peter, JUDr.",,,,0
,399,"Koteková Monika, JUDr.",,Okresná prokuratúra,Čadca,1
,400,"Kotrusová Adela, JUDr.",,Okresná prokuratúra,Levice,1
,401,"Kováč Martin, JUDr.",,,,0
,402,"Kováč Martin, JUDr. Mgr.",,Okresná prokuratúra,Martin,1
,403,"Kováč Milan, JUDr.",,Okresná prokuratúra,Rimavská Sobota,1
,404,"Kováč Miloš, Mgr.",Okresný prokurátor,Okresná prokuratúra,Čadca,1
,405,"Kovačicová Sylvia, Mgr.",,,,0
,406,"Kováčik Dušan, JUDr. PhD.",Špeciálny prokurátor,Úrad Špeciálnej prokuratúry,,1
,407,"Kováčik Jozef, JUDr.",,,,0
,408,"Kováčik Jozef, JUDr. Ing.",,Okresná prokuratúra,Prievidza,1
,409,"Kováčik Ondrej, JUDr.",,Okresná prokuratúra,Trenčín,1
,410,"Kováčiková Viera, JUDr.",krajská prokurátorka,Krajská prokuratúra,Trenčín,1
,411,"Kováčová Alica, Mgr. PhD.",,,,0
,412,"Kováčová Janka, JUDr.",,,,0
,413,"Kováčová Ľubomíra, JUDr.",,Okresná prokuratúra,Košice-okolie,1
,414,"Kováčová Marcela, JUDr.",,,,0
,415,"Kováčová Martina, JUDr.",,Okresná prokuratúra,Zvolen,1
,416,"Kovalik Martin, JUDr.",,,,0
,417,"Kovalová Valéria, JUDr.",,Okresná prokuratúra,Trebišov,1
,418,"Kovarčíková Lucia, JUDr.",,Okresná prokuratúra,Bratislava I,1
,419,"Kozárová Adriana, JUDr.",,Okresná prokuratúra,Nitra,1
,420,"Kozolka Jaroslav, JUDr.",,,,0
,421,"Krajčovič Peter, Mgr.",,Okresná prokuratúra,Bratislava V,1
,422,Krajčovičová Jarmila,Vedúca organizačného a personálneho oddelenia,Krajská prokuratúra,Žilina,1
,423,"Krakovský Tomáš, JUDr.",námestník okresného prokurátora,Okresná prokuratúra,Komárno,1
,424,"Králik Martin, JUDr.",,Okresná prokuratúra,Banská Bystrica,1
,425,"Králiková Soňa, JUDr.",,Okresná prokuratúra,Bratislava III,1
,426,"Králiková Valéria, JUDr.",,Okresná prokuratúra,Veľký Krtíš,1
,427,Kralj Andrea,,Okresná prokuratúra,Zvolen,1
,428,"Krausová Katarína, JUDr.",,Okresná prokuratúra,Trebišov,1
,429,"Kresánek Michal, JUDr.",,Okresná prokuratúra,Trenčín,1
,430,"Krieger Jaroslav, JUDr.",,,,0
,431,"Kríž Ľuboš, JUDr.",,Okresná prokuratúra,Žilina,1
,432,"Križanová Zuzana, JUDr.",,,,0
,433,"Križka Dušan, JUDr.",,,,0
,434,"Krížovská Martina, JUDr.",,Krajská prokuratúra,Trenčín,1
,435,"Kročian Branislav, JUDr.",,Okresná prokuratúra,Spišská Nová Ves,1
,436,"Krokvička Vlastimil, JUDr.",,,,0
,437,"Krúpa Roman, Mgr.",,Krajská prokuratúra,Banská Bystrica,1
,438,"Kubala Viktor, JUDr. PhD.",,Okresná prokuratúra,Dunajská Streda,1
,439,"Kubalová Viera, Mgr.",námestníčka krajského prokurátora pre netrestný úsek,Krajská prokuratúra,Žilina,1
,440,"Kubančíková Eva, JUDr.",,Okresná prokuratúra,Zvolen,1
,441,"Kubička Remig, JUDr.",,Okresná prokuratúra,Bratislava IV,1
,442,"Kubík Ján, JUDr.",,,,0
,443,"Kubjatková Zuzana, Mgr.",,,,0
,444,"Kučera Milan, JUDr.",námestník krajského prokurátora pre netrestný úsek,Krajská prokuratúra,Trenčín,1
,445,"Kučerková Katarína, JUDr.",,,,0
,446,"Kučerová Erika, Mgr.",,Okresná prokuratúra,Nitra,1
,447,"Kuchár Ľubomír, JUDr.",,,,0
,448,"Kuka Róbert, JUDr.",,Okresná prokuratúra,Trebišov,1
,449,"Kukanová Eva, Mgr.",Riaditeľka odboru legislatívy a ústavného práva,Generálna prokuratúra,,1
,450,"Kuko Kristián, Mgr.",,,,0
,451,"Kulik Peter, JUDr.",,,,0
,452,"Kuljačková Katarína, JUDr.",,,,0
,453,"Kundrát Alexander, Mgr.",,,,0
,454,"Kundrátová Mária, Mgr.",,,,0
,455,"Kunová Alena, JUDr.",,,,0
,456,"Kupcová Jana, JUDr.",,,,0
,457,"Kupcová Janka, JUDr.",,,,0
,458,"Kupec Branislav, JUDr.",,,,0
,459,"Kurcinová Zuzana, JUDr.",,,,0
,460,"Kuril Matúš, JUDr.",,Okresná prokuratúra,Bratislava V,1
,461,"Kuruc Maroš, Mgr.",,Okresná prokuratúra,Vranov nad Topľou,1
,462,"Kuruc Vladimír, JUDr.",Vedúci oddelenia korupcie,Úrad Špeciálnej prokuratúry,Generálna prokuratúra,1
,463,"Kutiš Ronald, Mgr.",,,,0
,464,"Kysel Peter, JUDr.",,,,0
,465,"Kysela Ivan, JUDr.",,Okresná prokuratúra,Žilina,1
,466,"Lachká Katarína, JUDr.",,Okresná prokuratúra,Trnava,1
,467,"Laifer Viktor, Mgr.",,Okresná prokuratúra,Bratislava V,1
,468,"Laiferová Katarína, JUDr.",,,,0
,469,"Ľalík Miroslav, JUDr.",,,,0
,470,"Láncošová Beáta, JUDr.",,,,0
,471,"Lašová Anna, JUDr.",,Okresná prokuratúra,Čadca,1
,472,"Lauko Martin, JUDr.",,,,0
,473,"Lauková Diana, JUDr.",,,,0
,474,"Lazarová Jana, Mgr.",,Okresná prokuratúra,Bratislava III,1
,475,"Leczo Štefan, JUDr.",,Okresná prokuratúra,Trebišov,1
,476,"Leffler Vojtech, JUDr.",,,,0
,477,"Lehotský Kamil, Mgr.",,Okresná prokuratúra,Košice II,1
,478,"Lelkesová Hajnalka, JUDr.",,,,0
,479,"Lénárt Tibor, JUDr.",,,,0
,480,"Lenártová Andrea, Mgr.",,Okresná prokuratúra,Bardejov,1
,481,"Lenďák Juraj, JUDr.",,Okresná prokuratúra,Rožňava,1
,482,"Lendóci Roman, Mgr.",,Okresná prokuratúra,Čadca,1
,483,"Lesňák Štefan, JUDr.",námestník okresného prokurátora,Okresná prokuratúra,Poprad,1
,484,"Lešo Stanislav, JUDr.",Okresný prokurátor,Okresná prokuratúra,Bratislava I,1
,485,"Lichá Valicová Viera, JUDr.",,Okresná prokuratúra,Banská Bystrica,1
,486,"Lipčei Štefan, JUDr.",Okresný prokurátor,Okresná prokuratúra,Košice-okolie,1
,487,"Lipovská Zuzana, JUDr.",,Okresná prokuratúra,Malacky,1
,488,"Liptáková Gabriela, Mgr. Dr.",,,,0
,489,"Liptáková Mária, JUDr.",námestníčka okresného prokurátora,Okresná prokuratúra,Žilina,1
,490,"Lissyová Jana, JUDr. ",,Okresná prokuratúra,Prešov,1
,491,"Lišiaková Zoja, JUDr.",Námestníčka krajského prokurátora,Krajská prokuratúra,Banská Bystrica,1
,492,"Lišková Eva, JUDr.",,,,0
,493,"Loda Viliam, JUDr.",Okresný prokurátor,Okresná prokuratúra,Vranov nad Topľou,1
,494,"Ľorko Ladislav, JUDr.",námestník okresného prokurátora,Okresná prokuratúra,Žilina,1
,495,"Louma Václav, JUDr.",,Okresná prokuratúra,Prešov,1
,496,"Ludva Ján, JUDr.",,,,0
,497,"Ludvová Jakubíková Martina, JUDr. PhD.",,,,0
,498,"Ľupták Martin, JUDr. PhD.",,,,0
,499,"Macenko Jozef, JUDr.",,Okresná prokuratúra,Bratislava I,1
,500,"Maček Jaroslav, JUDr.",,,,0
,501,"Madejová Jolana, JUDr.",Riaditeľka medzinárodného odboru,Generálna prokuratúra,,1
,502,"Machaj Martin, Mgr.",,Okresná prokuratúra,Dolný Kubín,1
,503,"Machalová Lucia, JUDr.",,Okresná prokuratúra,Bratislava IV,1
,504,"Majerník Ladislav, JUDr. Ing.",Poverený výkonom funkcie vedúceho oddelenia medzinárodného práva a verejného a európskych záležitostí,Generálna prokuratúra,,1
,505,"Makovická Elena, JUDr.",,Okresná prokuratúra,Ružomberok,1
,506,"Mandalík Radoslav, JUDr.",,Okresná prokuratúra,Banská Bystrica,1
,507,"Mandalov Ivan, JUDr.",námestník krajského prokurátora pre trestný úsek,Krajská prokuratúra,Nitra,1
,508,"Maras Radovan, JUDr.",,,,0
,509,"Marciňa Pavol, JUDr.",,Okresná prokuratúra,Považská Bystrica,1
,510,"Marcinkech Marek, Mgr.",,Krajská prokuratúra,Trnava,1
,511,"Marcinkechová Jana, Mgr.",,Okresná prokuratúra,Trnava,1
,512,"Markechová Gabriela, JUDr.",,,,0
,513,"Marko Milan, JUDr.",,Okresná prokuratúra,Rimavská Sobota,1
,514,"Marko Milan, Mgr.",,Okresná prokuratúra,Trenčín,1
,515,"Marková Janka, Mgr.",,,,0
,516,"Marková Ľubomíra, JUDr.",,,,0
,517,"Marková Michaela, JUDr.",,,,0
,518,"Martáková Mária, JUDr.",,Krajská prokuratúra,Trenčín,1
,519,"Martincová Monika, JUDr.",,,,0
,520,"Martinovič Vladimír, Mgr.",námestník okresného prokurátora,Okresná prokuratúra,Námestovo,1
,521,"Marušáková Katarína, JUDr.",,,,0
,522,"Marušinová Agáta, JUDr.",,,,0
,523,"Masár Ladislav, JUDr.",,,,0
,524,"Masár Štefan, JUDr.",,,,0
,525,"Masaryk Ľuboš, JUDr.",,,,0
,526,"Maslíková Lenka, JUDr.",námestníčka okresného prokurátora,Okresná prokuratúra,Veľký Krtíš,1
,527,"Mastráková Zita, JUDr.",,,,0
,528,"Mašán Michal, Mgr.",,Okresná prokuratúra,Piešťany,1
,529,"Matejovová Dana, Mgr.",námestníčka okresného prokurátora,Okresná prokuratúra,Topoľčany,1
,530,"Matija Pavol, JUDr.",Krajský prokurátor,Krajská prokuratúra,Prešov,1
,531,"Mazúrová Eva, JUDr.",,,,0
,532,"Mažárová Mária, JUDr.",,,,0
,533,"Medeková Marcela, JUDr.",,Okresná prokuratúra,Bratislava I,1
,534,"Medveďová Beata, Mgr.",,Okresná prokuratúra,Brezno,1
,535,"Medveďová Lenka, JUDr.",,Okresná prokuratúra,Banská Bystrica,1
,536,"Melicher Martin, JUDr.",,,,0
,537,"Melníková Denisa, JUDr.",,,,0
,538,"Melo Pavel, JUDr.",,Okresná prokuratúra,Lučenec,1
,539,"Meľuch Igor, JUDr.",,Okresná prokuratúra,Humenné,1
,540,"Mesiarkinová Alexandra, Mgr.",,,,0
,541,"Metzger Eva, JUDr.",,Okresná prokuratúra,Bratislava III,1
,542,"Mezovská Gabriela, JUDr.",námestníčka okresného prokurátora,Okresná prokuratúra,Nové Mesto nad Váhom,1
,543,"Micák Marek, JUDr.",,Okresná prokuratúra,Michalovce,1
,544,"Mičková Jana, JUDr.",,Okresná prokuratúra,Bratislava II,1
,545,"Mihal Ján, JUDr.",,Okresná prokuratúra,Malacky,1
,546,"Mihal Miroslav, JUDr.",námestník okresného prokurátora,Okresná prokuratúra,Pezinok,1
,547,"Mihál Peter, JUDr.",,Okresná prokuratúra,Skalica,1
,548,"Mihalcová Dagmar, JUDr.",,,,0
,549,"Mihálech Stanislav, JUDr.",Poverený výkonom funkcie okresného prokurátora,Okresná prokuratúra,Banská Bystrica,1
,550,"Mihaľovová Ildikó, JUDr.",,,,0
,551,"Michaličková Danka, JUDr.",Poverená výkonom námestníčky okresného prokurátora,Okresná prokuratúra,Banská Bystrica,1
,552,"Michalík Peter, Mgr.",,Okresná prokuratúra, Námestovo,1
,553,"Michnica Rudolf, Mgr.",,Okresná prokuratúra,Nové Mesto nad Váhom,1
,554,"Michulková Jaroslava, Mgr.",,,,0
,555,"Mika Tomáš, JUDr.",,,,0
,556,"Mikolajová Bibiana, Mgr.",,,,0
,557,"Mikula Ivan, JUDr.",,,,0
,558,"Mikuláš Daniel, Mgr.",námestník okresného prokurátora,Okresná prokuratúra,Martin,1
,559,"Mikuláš Dušan, JUDr.",,,,0
,560,"Mikuláš Milan, JUDr.",,Okresná prokuratúra,Ružomberok,1
,561,"Mikuláš Peter, JUDr.",,Okresná prokuratúra,Trnava,1
,562,"Mikulášová Helena, JUDr.",,,,0
,563,"Mikuš Peter, Mgr.",,Okresná prokuratúra,Trenčín,1
,564,"Mikušová Miroslava, JUDr.",,Okresná prokuratúra, Prešov,1
,565,"Milevová Monika, JUDr.",,,,0
,566,"Milková Eleonora, JUDr.",,,,0
,567,"Minár Ivan, JUDr.",,Generálna prokuratúra,,1
,568,"Minárová Martina, JUDr.",,Okresná prokuratúra, Žilina,1
,569,"Minarovičová Katarína, Mgr.",,Okresná prokuratúra,Trenčin,1
,570,"Mirdala Rudolf, JUDr.",,,,0
,571,"Mišenčík Martin, JUDr.",,Okresná prokuratúra,Poprad,1
,572,"Mištíková Dagmar, JUDr.",,Úrad Špeciálnej prokuratúry,,1
,573,"Mitníková Jana, JUDr.",,Okresná prokuratúra,Kežmarok,1
,574,"Mládenková Lucia, Mgr.",,Okresná prokuratúra,Trenčín,1
,575,"Močková Svetlana, JUDr. Mgr.",,,,0
,576,"Mojto Jaroslav, JUDr.",,,,0
,577,"Mokáň Jozef, JUDr.",námestník okresného prokurátora,Okresná prokuratúra,Trebišov,1
,578,"Molčan Peter, JUDr.",,,,0
,579,"Molleková Dobruša, JUDr.",,Okresná prokuratúra, Lučenec,1
,580,"Moravič Miroslav, JUDr.",,,,0
,581,"Mosná Alena, JUDr.",,,,0
,582,"Mrázová Monika, Mgr.",,Okresná prokuratúra,Nitra,1
,583,"Murčeková Ingrid, Mgr.",,,,0
,584,"Murgaš Branislav, JUDr.",,,,0
,585,"Muríňová Viera, JUDr.",,Okresná prokuratúra,Trenčín,1
,586,"Nadányiová Iveta, JUDr.",Námestníčka okresného prokurátora,Okresná prokuratúra,Kežmarok,1
,587,"Namešpetra Pavol, JUDr.",,,,0
,588,"Néč Peter, JUDr.",,,,0
,589,"Nemčíková Stanislava, JUDr.",,Okresná prokuratúra,Vranov nad Topľou,1
,590,"Némethová Ľudmila, JUDr. PhD.",,,,0
,591,"Nemrava Zoltán, JUDr.",,,,0
,592,"Niňaj Róbert, JUDr.",,,,0
,593,"Niňajová Viera, JUDr.",,,,0
,594,"Nociar Martin, JUDr.",,,,0
,595,"Novocký Juraj, JUDr. PhD.",,Úrad Špeciálnej prokuratúry,,1
,596,"Oceľová Andrea, JUDr.",,Okresná prokuratúra,Banská Bystrica,1
,597,"Odaloš Peter, JUDr.",námestník krajského prokurátora pre trestný úsek,Krajská prokuratúra,Banská Bystrica,1
,598,"Olajošová Mamojková Eva, JUDr.",,Okresná prokuratúra,Pezinok,1
,599,"Oleárová Alexandra, JUDr.",,,,0
,600,"Olejníková Katarína, JUDr.",,Okresná prokuratúra,Košice-okolie,1
,601,"Olexa Ján, JUDr.",,Okresná prokuratúra,Michalovce,1
,602,"Ondrejová Anna, JUDr. LL.M.",,,,0
,603,"Ontkovičová Renáta, JUDr.",,,,0
,604,"Oravcová Martina, JUDr.",,Okresná prokuratúra,Zvolen,1
,605,"Oravcová Martina, Mgr.",,,,0
,606,"Oravec Juraj, JUDr.",,,,0
,607,"Oravec Michal, JUDr.",Námestník okresného prokurátora,Okresná prokuratúra,Galanta,1
,608,"Oravec Tomáš, JUDr.",,Okresná prokuratúra,Malacky,1
,609,"Orbánová Michaela, JUDr.",,,,0
,610,"Orosz Ondrej, Mgr.",,Okresná prokuratúra,Rožňava,1
,611,"Oroszová Viera, JUDr.",,,,0
,612,"Oršanská Eva, JUDr.",,,,0
,613,"Otiepková Hana, JUDr.",,,,0
,614,"Pacalaj Martin, JUDr.",námestník okresného prokurátora,Okresná prokuratúra,Bratislava II,1
,615,"Pacalajová Denisa, JUDr.",,Okresná prokuratúra,Bratislava II,1
,616,"Packa Peter, JUDr.",,Okresná prokuratúra,Nitra,1
,617,"Pačutová Mária, JUDr.",,Okresná prokuratúra,Trebišov,1
,618,"Palkovič Jaroslav, JUDr. PhD.",,Úrad Špeciálnej prokuratúry,,1
,619,"Palovič Bystrík, JUDr.",,Okresná prokuratúra,Bratislava V,1
,620,"Palovič Bystrík, JUDr.",,Okresná prokuratúra,Bratislava I,1
,621,"Palovičová Katarína, JUDr.",,,,0
,622,"Panák Michal, Mgr.",,,,0
,623,"Pánik Karol, JUDr.",,,,0
,624,"Pánis Milan, JUDr.",,Okresná prokuratúra,Prievidza,1
,625,"Pánisová Monika, JUDr.",,Okresná prokuratúra,Stará Ľubovňa,1
,626,"Papcunová Dagmar, JUDr.",,,,0
,627,"Pardubský Aurel, JUDr.",,,,0
,628,"Pastýriková Jarmila, Mgr.",,Okresná prokuratúra,Galanta,1
,629,"Pátrovič Jozef, JUDr.",vedúci oddelenia trestného a boja s organizovaným zločinom,Krajská prokuratúra,Nitra,1
,630,"Paukovičová Nina, JUDr.",,Okresná prokuratúra,Piešťany,1
,631,"Pavlaninová Lucia, JUDr.",,,,0
,632,"Pavlus Marek, JUDr.",,Okresná prokuratúra,Prešov,1
,633,"Pažitná Eva, JUDr.",,Okresná prokuratúra,Bratislava I,1
,634,"Pekara Peter, JUDr.",,Okresná prokuratúra,Žilina,1
,635,"Peružeková Katarína, JUDr.",námestníčka okresného prokurátora,Okresná prokuratúra,Piešťany,1
,636,"Péter Alexander, Mgr.",Okresný prokurátor,Okresná prokuratúra,Malacky,1
,637,"Petráš Tomáš, Mgr.",,Okresná prokuratúra,Prešov,1
,638,"Petraško Pavol, JUDr.",,,,0
,639,"Petrík Michal, Mgr.",,Okresná prokuratúra,Prešov,1
,640,"Petro Milan, JUDr.",,,,0
,641,"Piknová Monika, JUDr.",,,,0
,642,"Pikora Juraj, JUDr.",námestník krajskej prokurátorky pre trestný úsek,Krajská prokuratúra,Žilina,1
,643,"Pirošová Eva, Mgr.",Okresná prokurátorka,Okresná prokuratúra,Považská Bystrica,1
,644,"Piršelová Jana, JUDr.",,,,0
,645,"Pitoňák Pavol, JUDr.",Poverený výkonom funkcie okresného prokurátora,Okresná prokuratúra,Stará Ľubovňa,1
,646,"Pivoňka Jiří, JUDr.",,Okresná prokuratúra,Bratislava V,1
,647,"Plháková Janeta, JUDr.",,,,0
,648,"Podmajerský Matej, Mgr.",,Okresná prokuratúra,Malacky,1
,649,"Podmajerský Radovan, JUDr.",,,,0
,650,"Podoláková Nora, JUDr.",,Okresná prokuratúra,Martin,1
,651,"Polakovič Juraj, Mgr.",Námestník okresného prokurátora,Okresná prokuratúra,Brezno,1
,652,"Polčan Kamil, JUDr.",,,,0
,653,"Poldruhá Ingrid, JUDr.",,Okresná prokuratúra,Vranov nad Topľou,1
,654,"Pollák Stanislav, JUDr.",,Okresná prokuratúra,Košice I,1
,655,"Poluchová Lívia, JUDr.",námestníčka okresného prokurátora,Okresná prokuratúra,Galanta,1
,656,"Poprac Emil, JUDr.",,Okresná prokuratúra,Bratislava V,1
,657,"Poráziková Jarmila, Mgr.",,,,0
,658,"Porubská Danica, JUDr.",,,,0
,659,"Porubská Ľudmila, Mgr.",,,,0
,660,"Porubský Matej, JUDr.",Okresný prokurátor,Okresná prokuratúra,Lučenec,1
,661,"Porubský Pavol, JUDr.",,Okresná prokuratúra,Lučenec,1
,662,"Potúček Mario, Mgr.",,,,0
,663,"Považan Dalibor, Mgr.",,Okresná prokuratúra,Zvolen,1
,664,"Pramuková Zuzana, JUDr.",,Okresná prokuratúra,Košice II,1
,665,"Pravda Vladimír, Mgr.",,Krajská prokuratúra,Bratislava,1
,666,"Pravdová Janka, JUDr.",,Okresná prokuratúra,Nitra,1
,667,"Práznovská Valéria, JUDr.",Okresná prokurátorka,Okresná prokuratúra,Humenné,1
,668,"Prč Daniel, JUDr.",Námestník okresného prokurátora,Okresná prokuratúra,Revúca,1
,669,"Preták Marek, JUDr.",,Okresná prokuratúra,Lúčenec,1
,670,"Priecel Vladimír, Mgr.",,Okresná prokuratúra,Bratislava I,1
,671,"Prikryl Ondrej, JUDr. PhD.",,Okresná prokuratúra,Piešťany,1
,672,"Priputenová Petra, Mgr.",,,,0
,673,"Prokeš Jaromír, JUDr. PhD.",,Okresná prokuratúra,Nové Mesto nad Váhom,1
,674,"Prokešová Petronela, JUDr.",,Okresná prokuratúra,Trenčín,1
,675,"Prokopovič Peter, JUDr.",,Okresná prokuratúra,Trebišov,1
,676,"Púčeková Jana, JUDr.",,,,0
,677,"Pudláková Jana, JUDr.",,Okresná prokuratúra,Poprad,1
,678,"Purgat Juraj, JUDr.",Zástupca riaditeľky a vedúci oddelenia služobných vzťahov prokurátorov a právnych čakateľov,Generálna prokuratúra,,1
,679,"Purkartová Katarína, JUDr.",Okresná prokurátorka,Okresná prokuratúra,Komárno,1
,680,"Puťoš Jozef, JUDr.",,Okresná prokuratúra,Komárno,1
,681,"Puťošová Daniela, JUDr.",,,,0
,682,"Rajnič Marek, JUDr. PhD.",,Okresná prokuratúra,Košice I,1
,683,"Rečičár Aurel, JUDr.",,Okresná prokuratúra,Košice-okolie,1
,684,"Rečo Vladimír, JUDr.",,Okresná prokuratúra,Košice II,1
,685,"Reday Branislav, JUDr.",,,,0
,686,"Redayová Jana, JUDr.",,,,0
,687,"Regásková Jaroslava, Mgr.",,Okresná prokuratúra,Senica,1
,688,"Reisenauer Eduard, JUDr. PhD.",,Okresná prokuratúra,Bratislava III,1
,689,"Remeta Rastislav, JUDr. PhD.",,,,0
,690,"Remetová Elena, JUDr.",,,,0
,691,"Rendeková Vladimíra, JUDr.",,Okresná prokuratúra,Považská Bystrica,1
,692,"Repa Ondrej, JUDr. PhD.",,Krajská prokuratúra,Bratislava,1
,693,"Repáňová Soňa, JUDr.",,Okresná prokuratúra,Martin,1
,694,"Rezešová Gabriela, Mgr.",,,,0
,695,"Riedlová Magdaléna, JUDr.",,Generálna prokuratúra,,1
,696,"Richter Tomáš, JUDr.",,Okresná prokuratúra,Košice-okolie,1
,697,"Rodanič Martin, JUDr.",,Okresná prokuratúra,Poprad,1
,698,"Rosinský Karol, JUDr.",,,,0
,699,"Roskoványi Katarína, JUDr.",,,,0
,700,"Rosol Pavol, JUDr.",,Okresná prokuratúra,Bratislava IV,1
,701,"Rozkopálová Silvia, JUDr.",,,,0
,702,"Rozložník Daniel, Mgr.",,Okresná prokuratúra,Košice II,1
,703,"Rožňáková Michaela, JUDr.",,Okresná prokuratúra,Bratislava II,1
,704,"Rusnáková Blažena, JUDr.",Okresná prokurátorka,Okresná prokuratúra,Žiar nad Hronom,1
,705,"Rusnáková Milena, JUDr.",,Okresná prokuratúra,Levice,1
,706,"Rybár Juraj, Mgr.",,Okresná prokuratúra,Revúca,1
,707,"Rybárová Milena, JUDr.",Vedúca organizačného a personálneho oddelenia,Krajská prokuratúra,Banská Bystrica,1
,708,"Rybovičová Mária, JUDr.",,Okresná prokuratúra,Košice-okolie,1
,709,"Ryzner Miroslav, JUDr.",,Okresná prokuratúra,Svidník,1
,710,"Sabo Maroš, JUDr.",,Okresná prokuratúra,Trebišov,1
,711,"Sabo Peter, Mgr.",Námestník krajského prokurátora,Krajská prokuratúra,Prešov,1
,712,"Sabová Anna, JUDr.",,Okresná prokuratúra,Michalovce,1
,713,"Sabová Petra, JUDr.",,Okresná prokuratúra,Spišská Nová Ves,1
,714,"Sailerová Judita, JUDr.",,Okresná prokuratúra,Nitra,1
,715,"Saksa Ľubomír, JUDr.",,,,0
,716,"Sališ Marko, Mgr.",,Okresná prokuratúra,Prievidza,1
,717,"Sány Ľubomír, Mgr.",Okresný prokurátor,Okresná prokuratúra,Partizánske,1
,718,"Sarvaš Matúš, JUDr.",,Okresná prokuratúra,Lučenec,1
,719,"Satinová Eva, JUDr.",,,,0
,720,"Sedlák Jozef, Mgr.",námestník krajského prokurátora pre netrestný úsek,Krajská prokuratúra,Trenčín,1
,721,"Sedláková Valéria, JUDr.",,,,0
,722,"Sedlárová Ingrid, JUDr.",Okresná prokurátorka,Okresná prokuratúra,Trnava,1
,723,"Sekerešová Ivana, JUDr.",,,,0
,724,"Selecká Miroslava, JUDr.",,,,0
,725,"Seman Peter, JUDr.",,Okresná prokuratúra,Spišská Nová Ves,1
,726,"Semanová Michaela, JUDr.",,,,0
,727,"Senický Michal, JUDr.",,,,0
,728,"Sepeši Peter, JUDr.",,,,0
,729,"Serečin Michal, JUDr.",,,,0
,730,"Schmidtová Marcela, Mgr.",,Okresná prokuratúra,Trnava,1
,731,"Schwarzová Radoslava, JUDr.",,Okresná prokuratúra,Zvolen,1
,732,"Síleš Tibor, JUDr.",,Okresná prokuratúra,Trenčín,1
,733,"Simonová Valéria, JUDr.",,,,0
,734,"Sinčák Marek, Mgr.",,Okresná prokuratúra,Žilina,1
,735,"Sinčáková Stanislava, JUDr.",,,,0
,736,"Singer Richard, JUDr.",,,,0
,737,"Sipavý Marián, Mgr.",,,,0
,738,"Sisáková Ľuboslava, JUDr.",,,,0
,739,"Sivák Marek, JUDr.",,,,0
,740,"Sivčová Martina, JUDr.",,Okresná prokuratúra,Humenné,1
,741,"Sklár Ján, JUDr.",,Okresná prokuratúra,Dunajská Streda,1
,742,"Slabá Ingrid, JUDr.",,,,0
,743,"Slezák Juraj, JUDr.",,,,0
,744,"Slivková Melinda, Mgr.",,Okresná prokuratúra,Komárno,1
,745,"Sloboda Ladislav, JUDr.",Námestník okresného prokurátora,Okresná prokuratúra,Bratislava I,1
,746,"Slobodová Jarmila, JUDr.",,,,0
,747,"Slosarčíková Vladislava, JUDr.",,Okresná prokuratúra,Bardejov,1
,748,"Smolková Marta, JUDr.",Okresná prokurátorka,Okresná prokuratúra,Bratislava IV,1
,749,"Smutka Vladimír, JUDr.",,Okresná prokuratúra,Žiar nad Hronom,1
,750,"Sochor Pavel, JUDr.",Okresný prokurátor,Okresná prokuratúra,Liptovský Mikuláš,1
,751,"Sokirková Viera, JUDr.",,,,0
,752,"Sokolová Dominika, JUDr.",,,,0
,753,"Sonderlich Jozef, JUDr.",Okresný prokurátor,Okresná prokuratúra,Košice I,1
,754,"Sonderlich Jozef, Mgr.",,Okresná prokuratúra,Košice II,1
,755,"Sopkuliaková Gabriela, JUDr.",,Okresná prokuratúra,Nová Zámky,1
,756,"Sopoliga Roman, JUDr.",,Okresná prokuratúra,Košice I,1
,757,"Soták Martin, JUDr.",,Okresná prokuratúra,Prešov,1
,758,"Spišák Marián, JUDr.",,,,0
,759,"Spišák Martin, Mgr.",,,,0
,760,"Spišiaková Ivana, Mgr.",námestníčka okresného prokurátora,Okresná prokuratúra,Partizánske,1
,761,"Spitzer Boris, JUDr.",,,,0
,762,"Stanislav Michal, Mgr.",,,,0
,763,"Stanko Jozef, Mgr.",,Okresná prokuratúra,Košice I,1
,764,"Stankoviansky Juraj, JUDr.",,Okresná prokuratúra,Ružomberok,1
,765,"Staroňová Karolína, JUDr.",,,,0
,766,"Stašák Dávid, JUDr.",,,,0
,767,"Staško Rudolf, JUDr.",,,,0
,768,"Stopková Eva, JUDr.",,,,0
,769,"Striežová Mariana, JUDr.",,Okresná prokuratúra,Lučenec,1
,770,"Strižovská Martina, JUDr.",,Okresná prokuratúra,Kežmárok,1
,771,"Struhárová Soňa, Mgr.",,Okresná prokuratúra,Nitra,1
,772,"Stružová Silvia, Mgr.",,Okresná prokuratúra,Bratislava III,1
,773,"Stupka Ivan, JUDr.",,Okresná prokuratúra,Liptovský Mikuláš,1
,774,"Sujová Magdaléna, JUDr.",,Okresná prokuratúra,Humenné,1
,775,"Sumilasová Nadežda, JUDr.",,Okresná prokuratúra,Prievidza,1
,776,"Svat Miloš, Mgr.",,Okresná prokuratúra,Košice II,1
,777,"Svitnič Martina Sofia, Mgr.",,Okresná prokuratúra,Pezinok,1
,778,"Sýkora Martin, Mgr.",,Okresná prokuratúra,Trnava,1
,779,"Sýkorová Silvia, JUDr.",,,,0
,780,"Szabó Jozef, JUDr.",Námestník generálneho prokurátora,Generálna prokuratúra,,1
,781,"Szabó Štefan, JUDr.",,Okresná prokuratúra,Rimavská Sobota,1
,782,"Száraz Zsolt, JUDr.",,,,0
,783,"Szillerová Lívia, Mgr.",,,,0
,784,"Szűcsová Jana, JUDr.",,,,0
,785,"Szűcsová Katarína, JUDr.",,,,0
,786,"Šamajová Ingrid, JUDr.",krajská prokurátorka,Krajská prokuratúra,Žilina,1
,787,"Šamin Slavomír, JUDr.",Námestník okresného prokurátora,Okresná prokuratúra,Rimavská Sobota,1
,788,"Šaminová Jaroslava, JUDr.",,Okresná prokuratúra,Rožňava,1
,789,"Šándorová Iveta, JUDr.",,Okresná prokuratúra,Michalovce,1
,790,"Šanta Ján, JUDr. PhD.",,,,0
,791,"Šaro Andrej, JUDr.",,Okresná prokuratúra,Košice,1
,792,"Šašková Tatiana, JUDr.",,,,0
,793,"Ščerbák Štefan, JUDr.",,Okresná prokuratúra,Prešov,1
,794,"Šedivý Jozef, JUDr.",Okresný prokurátor,Okresná prokuratúra,Levice,1
,795,"Šenkýr František, JUDr.",námestník krajského prokurátora pre trestný úsek,Krajská prokuratúra,Košice,1
,796,"Šeševičková Eva, Mgr.",,,,0
,797,"Šimiaková Zuzana, JUDr.",,Okresná prokuratúra,Zvolen,1
,798,"Šimková Petra, JUDr.",,Okresná prokuratúra,Martin,1
,799,"Šinkovičová Silvia, JUDr.",,,,0
,800,"Šipoš Ján, JUDr.",,Okresná prokuratúra,Nitra,1
,801,"Škodová Liliana, JUDr.",,,,0
,802,"Škovránko Ján, JUDr.",,Okresná prokuratúra,Poprad,1
,803,"Škrečko Dušan, JUDr.",,,,0
,804,"Škuntová Dáša, JUDr.",,Okresná prokuratúra,Dolný Kubín,1
,805,"Škvára Michal, JUDr.",,Okresná prokuratúra,Komárno,1
,806,"Šmrholová Ingrid, Mgr. PhD.",,Okresná prokuratúra,Levice,1
,807,"Šnajderová Eliška, JUDr.",,Okresná prokuratúra,Žilina,1
,808,"Šnapko Peter, JUDr.",Poverený výkonom funkcie námestníka okresného prokurátora,Okresná prokuratúra,Banská Bystrica,1
,809,"Šotik Róbert, JUDr.",,,,0
,810,"Šotiková Zuzana, JUDr.",,,,0
,811,"Špirko Vasiľ, JUDr.",,,,0
,812,"Šramko Dušan, JUDr.",,,,0
,813,"Šramko Pavol, JUDr.",,,,0
,814,"Štaffenová Hana, JUDr.",,Okresná prokuratúra,Bratislava I,1
,815,"Štefan Pavel, Mgr.",,Okresná prokuratúra,Bánovce nad Bebravou,1
,816,"Štefko František, JUDr.",,Okresná prokuratúra,Prešov,1
,817,"Števík Martin, JUDr.",,Okresná prokuratúra,Partizánske,1
,818,"Štupáková Mária, JUDr.",,Okresná prokuratúra,Ružomberok,1
,819,"Šturmankin Juraj, JUDr.",,Okresná prokuratúra,Revúca,1
,820,"Šufliarska Helga, Mgr.",námestníčka krajského prokurátora pre netrestný úsek,Krajská prokuratúra,Bratislava,1
,821,"Šufliarsky Peter, Mgr.",Námestník generálneho prokurátora pre trestný úsek,Generálna prokuratúra,,1
,822,"Šulvová Monika, JUDr.",námestníčka okresného prokurátora,Okresná prokuratúra,Nitra,1
,823,"Šumichrast Tibor, JUDr.",Vedúci oddelenia majetkovej kriminality,Generálna prokuratúra,,1
,824,"Šupena Ladislav, JUDr.",,Okresná prokuratúra,Rimavská Sobota,1
,825,"Šupínová Zuzana, JUDr.",,,,0
,826,"Šúrek Michal, JUDr.",zástupca riaditeľa a vedúci oddelenia dozoru orgánov verejnej správy,Generálna prokuratúra,,1
,827,"Šúrek Slavomír, JUDr.",,,,0
,828,"Šuvadová Marcela, Mgr.",námestníčka okresného prokurátora,Okresná prokuratúra,Dolný Kubín,1
,829,"Švábyová Darina, JUDr.",,,,0
,830,"Švagerko Marek, JUDr.",,,,0
,831,"Švagerko Ondrej, JUDr.",,Okresná prokuratúra,Kežmárok,1
,832,"Švagerková Gabriela, JUDr.",,,,0
,833,"Švaňová Janka, Mgr.",námestníčka okresného prokurátora,Okresná prokuratúra,Čadca,1
,834,"Švecová Gabriela, JUDr.",,,,0
,835,"Švecová Katarína, JUDr.",,,,0
,836,"Šveda Pavol, JUDr.",,Okresná prokuratúra,Vranov nad Topľou,1
,837,"Tabaková Michaela, JUDr.",,Okresná prokuratúra,Lučenec,1
,838,"Ťahlová Marianna, JUDr.",,,,0
,839,"Takácsová Katarína, Mgr.",,Okresná prokuratúra,Levice,1
,840,"Tamaškovič Martin, Mgr.",,Okresná prokuratúra,Martin,1
,841,"Tamaškovič Vladimír, JUDr.",,,,0
,842,"Tatarka Roman, Dr.",,Okresná prokuratúra,Martin,1
,843,"Tatič Miroslav, JUDr.",,,,0
,844,"Tavelová Miroslava, Mgr.",,Okresná prokuratúra,Martin,1
,845,"Ťažiar Marián, JUDr.",,Okresná prokuratúra,Martin,1
,846,"Thuróczy Csaba, Mgr.",,Okresná prokuratúra,Košice II,1
,847,"Tichý Ladislav, JUDr.",,,,0
,848,"Tichý Peter, JUDr.",,Okresná prokuratúra,Bratislava V,1
,849,"Timková Miriam, JUDr.",,Okresná prokuratúra,Prešov,1
,850,"Tiža Miroslav, JUDr.",,,,0
,851,"Tokár Igor, JUDr.",,Okresná prokuratúra,Košice II,1
,852,"Töltésy Szilvia, JUDr.",,Okresná prokuratúra,Komárno,1
,853,"Tomáš Viktor, JUDr.",,,,0
,854,"Tomaško Štefan, JUDr.",Okresný prokurátor,Okresná prokuratúra,Ružomberok,1
,855,"Tomašovič Marek, JUDr. PhD.",,,,0
,856,"Tomko Ondrej, Mgr.",,Okresná prokuratúra,Banská Bystrica,1
,857,"Tomková Alena, JUDr.",,,,0
,858,"Tonková Eva, JUDr.",,Okresná prokuratúra,Nitra,1
,859,"Trajlínek Jozef, JUDr.",Vedúci medzinárodného oddelenia,Krajská prokuratúra,Banská Bystrica,1
,860,"Trajlínková Jana, JUDr.",Vedúca trestného oddelenia,Krajská prokuratúra,Banská Bystrica,1
,861,"Trela Tomáš, JUDr.",Námestník okresného prokurátora,Okresná prokuratúra,Prievidza,1
,862,"Trizna Jozef, JUDr.",,,,0
,863,"Triznová Terézia, JUDr.",,Generálna prokuratúra,,1
,864,"Trnka Dobroslav, JUDr.",,,,0
,865,"Trstenská Mária, JUDr.",,Generálna prokuratúra,,1
,866,"Tuhý Jozef, JUDr.",,Okresná prokuratúra,Bratislava III,1
,867,"Tuleja Martin, JUDr.",,Okresná prokuratúra,Bradejov,1
,868,"Tumová Henrieta, JUDr.",,Okresná prokuratúra,Bratislava III,1
,869,"Turan Vladimír, Mgr.","vedúci oddelenia organizovaného zločinu, terorizmu a medzinárodnej kriminality",Úrad Špeciálnej prokuratúry,,1
,870,"Turanová Jana, Mgr.",námestníčka okresného prokurátora,Okresná prokuratúra,Martin,1
,871,"Turčinová Anna, JUDr.",námestníčka okresného prokurátora,Okresná prokuratúra,Liptovský Mikuláš,1
,872,"Tužinská Alexandra, JUDr. Ing.",,Okresná prokuratúra,Žiar nad Hronom,1
,873,"Tvarožek Ivan, JUDr.",,Okresná prokuratúra,Michalovce,1
,874,"Tyrpák Ján, JUDr.",,,,0
,875,"Ukrop Marian, Mgr.",,Okresná prokuratúra,Žilina,1
,876,"Urda Marek, JUDr.",,,,0
,877,"Užák Peter, Mgr.",,,,0
,878,"Vagač Marian, JUDr.",,Okresná prokuratúra,Liptovský Mikuláš,1
,879,"Vachová Veronika, JUDr.",,,,0
,880,"Vajzerová Jana, JUDr.",,,,0
,881,"Valachovičová Lenka, JUDr.",,Generálna prokuratúra,,1
,882,"Valentová Janka, JUDr.",,Okresná prokuratúra,Nitra,1
,883,"Valentová Karin, JUDr.",námestníčka okresného prokurátora,Okresná prokuratúra,Žiar nad Hronom,1
,884,"Valla Milan, JUDr.",Poverený zastupovaním vedúceho oddelenia právneho zastupovania pred súdmi a inými orgánmi,Generálna prokuratúra,,1
,885,"Vallová Eva, Mgr.",,,,0
,886,"Vallová Zuzana, JUDr.",,Okresná prokuratúra,Bratislava II,1
,887,"Vančíková Nina, JUDr.",,,,0
,888,"Vandžurová Nehilová Beáta, JUDr.",,Okresná prokuratúra,Prešov,1
,889,"Vanek René, JUDr.",Prvý námestník generálneho prokurátora,Generálna prokuratúra,,1
,890,"Varga Marián, JUDr.",,,,0
,891,"Vargová Dagmar, JUDr.",námestníčka okresného prokurátora,Okresná prokuratúra,Košice-okolie,1
,892,"Vasiľová Stela, JUDr.",,Okresná prokuratúra,Košice II,1
,893,"Vašutová Gabriela, JUDr.",,Okresná prokuratúra,Považská Bystrica,1
,894,"Vaverčáková Zuzana, Mgr.",,,,0
,895,"Vavráková Renáta, JUDr.",,Okresná prokuratúra,Rimavská Sobota,1
,896,"Vendel Ivo, JUDr.",krajská prokurátorka,Krajská prokuratúra,Trnava,1
,897,"Verebová Jana, JUDr.",,,,0
,898,"Vereš Michal, Mgr.",,Okresná prokuratúra,Prievidza,1
,899,"Veselovský Miloslav, JUDr.",,Okresná prokuratúra,Kežmárok,1
,900,"Vido Rostislav, JUDr.",,,,0
,901,"Vinc Radovan, JUDr.",,,,0
,902,"Viskupičová Andrea, Mgr.",,Okresná prokuratúra,Žilina,1
,903,"Višňovský Slavomír, JUDr.",,Okresná prokuratúra,Žiar nad Hronom,1
,904,"Vítková Beata, JUDr.",,,,0
,905,"Vízi Štefan, JUDr.",,Okresná prokuratúra,Nové Zámky,1
,906,"Vladiková Martina, Mgr.",,Okresná prokuratúra,Poprad,1
,907,"Vlachovský Róbert, JUDr.",,,,0
,908,"Vodová Petra, Mgr.",,Okresná prokuratúra,Bratislava IV,1
,909,"Vojtek Tibor, JUDr.",,Okresná prokuratúra,Nové Zámky,1
,910,"Vojtková Hildegarda, Mgr.",námestníčka okresného prokurátora,Okresná prokuratúra,Bratislava V,1
,911,"Volkai Peter, JUDr.",,Okresná prokuratúra,Košice-okolie,1
,912,"Volkovics Peter, Mgr.",,Okresná prokuratúra,Liptovský Mikuláš,1
,913,"Vooková Tatiana, JUDr. PhD.",,Okresná prokuratúra,Trenčín,1
,914,"Vozár Ivan, JUDr.",,,,0
,915,"Vrabcová Andrea, JUDr.",,,,0
,916,"Vrabec Jozef, JUDr.",Vedúci medzinárodného oddelenia,Krajská prokuratúra,Žilina,1
,917,"Vrzgulová Iveta, JUDr.",,,,0
,918,"Vychovalá Miroslava, JUDr.",,,,0
,919,"Vyskočová Iveta, JUDr.",Okresná prokurátorka,Okresná prokuratúra,Senica,1
,920,"Wáclavová Linda, JUDr. PhD.",,,,0
,921,"Zacharová Adriana, JUDr.",,,,0
,922,"Zacharová Margita, Mgr.",Poverená výkonom funkcie okresnej prokurátorky,Okresná prokuratúra,Nové Zámky,1
,923,"Zacharová Mária, Mgr.",,,,0
,924,"Zajáček Vladimír, JUDr.",,,,0
,925,"Zámečníková Monika, JUDr.",námestníčka okresného prokurátora,Okresná prokuratúra,Bratislava IV,1
,926,"Zanovit Ján, JUDr. PhD.",Zástupca špeciálneho prokurátora,Úrad Špeciálnej prokuratúry,Generálna prokuratúra,1
,927,"Zanovitová Danka, JUDr.",,,,0
,928,"Závišová Jana, Mgr.",,,,0
,929,"Závodná Michaela, Mgr.",,,,0
,930,"Zeleňák Pavol, JUDr.",,,,0
,931,"Zeleňáková Katarína, Mgr.",,Okresná prokuratúra,Nové Mesto nad Váhom,1
,932,"Zemiar Marek, JUDr.",Okresný prokurátor,Okresná prokuratúra,Zvolen,1
,933,"Zlochová Gabriela, JUDr.",,,,0
,934,"Zlochová Pavlina, JUDr.",,Okresná prokuratúra,Banská Bystrica,1
,935,"Zuzelková Zuzana, Mgr.",,Okresná prokuratúra,Prievidza,1
,936,"Zvoda Marián, JUDr.",,,,0
,937,"Žáková Jana, JUDr.",,Okresná prokuratúra,Trnava,1
,938,"Žedényi Gabriel, JUDr.",,Okresná prokuratúra,Trenčín,1
,939,"Žeňuch Michal, Mgr.",,,,0
,940,"Žiak Pavel, JUDr.",,,,0
,941,"Žibritová Zuzana, JUDr.",Poverená výkonom funkcie námestníčky okresného prokurátora,Okresná prokuratúra,Nové Zámky,1
,942,"Žiklová Eva, JUDr.",,Okresná prokuratúra,Bánovce nad Bebravou,1
,943,"Žilinka Maroš, JUDr. PhD. Dr.h.c.",Zástupca riaditeľa odboru ekonomickej kriinality,Úrad Špeciálnej prokuratúry,Generálna prokuratúra,1
,944,"Žlnková Jana, JUDr.",,Okresná prokuratúra,Zvolen,1
,945,"Župík Tomáš, Mgr.",,Okresná prokuratúra,Michalovce,1
